"name","scope","short_description","version","active","scoped_administration","indicators","apps_in_jumbo","assigned_build_version","assigned_version","auto_update","batch_install_plan","build_version","can_edit_in_studio","sys_class_name","sys_code","compatibilities","contains_plugins","conditional_content","hosted_plugins","sys_created_on","sys_created_by","custom_table_count","customization","demo_data","dependencies","display_message","guided_setup_guid","hide_on_ui","source","ide_created","install_date","installation_info","installed_as_dependency","is_store_app","js_level","key_features","lob","last_installed_from","latest_version","licensable","license_definition","logo","needs_app_engine_licensing","optional_apps_available","package_json","parent_app","price_type","private","products","release_notes","repo_latest_updated_time","restrict_table_access","runtime_access_tracking","sn_managed","shared_internally","static_content","store_latest_updated_time","license","subscription_entitlement","license_category","license_model","enforce_license","sys_tags","template","trackable","uninstall_blocked","update_available","update_date","sys_updated_on","sys_updated_by","sys_mod_count","upload_info","vendor","vendor_prefix"
"'@devsnc/behavior-uibtk-key-focus","sn_uibtk_beh_keyfs","Common behavior for key focus","26.2.76","true","false","[{""id"":""incompatible"",""order"":1,""message"":""Incompatible"",""tooltip"":""Your instance and app version are incompatible. Please make sure to select a compatible app version."",""type"":""error"",""show_as_filter"":true}]","","","26.2.76","false","","","false","Store Application","com.devsnc_behavior_uibtk_key_focus","Xanadu;Yokohama;","false","false","false","09-10-2024 16:03:33","tectonic","0","","No demo data","com.glide.uxbuilder:sys","","","false","sn_uibtk_beh_keyfs","","07-11-2024 18:44:28","","false","true","ECMAScript 2021 (ES12)","","[]","Out of Band","26.2.76","true","","","false","false","","","Free","true","[]","","undefined","false","","false","false","true","undefined","","","Not applicable","Not applicable","Monitor","","","true","false","false","07-11-2024 20:05:42","05-06-2026 04:51:16","system","480.148","","ServiceNow","sn"
"'@devsnc/behavior-uibtk-media","sn_uibtk_media_beh","The common behavior for components to get media size ","28.0.19","true","false","[]","","","28.0.19","false","","","false","Store Application","com.devsnc_behavior_uibtk_media","Xanadu","false","false","false","09-10-2024 16:03:54","tectonic","0","","No demo data","","","","false","sn_uibtk_media_beh","","07-11-2024 18:44:29","","false","true","ECMAScript 2021 (ES12)","","[{""lob_id"":""3142d78553c633008941ddeeff7b1291"",""lob_label"":""Other""}]","Out of Band","28.2.100","true","","","false","false","","","Free","true","[]","","2024-10-23 19:01:12","false","","false","false","true","2025-05-01 12:36:34","","","Not applicable","Not applicable","Monitor","","","true","false","true","06-11-2025 17:56:20","10-09-2026 22:57:49","system","480.150","","ServiceNow","sn"
"'@devsnc/behavior-uibtk-supporting-records","sn_uibtk_supp_rec","Behaviour for fetching supporting records for MCPs and screens including AMB subscription.","28.1.62","true","false","[]","","","28.1.62","false","","","false","Store Application","com.devsnc_behavior_uibtk_supporting_records","Zurich;","false","false","false","09-10-2024 16:04:18","tectonic","0","","No demo data","","","","false","sn_uibtk_supp_rec","","07-11-2024 18:30:42","","false","true","ECMAScript 2021 (ES12)","","[]","Out of Band","28.2.100","true","","","false","false","","","Free","true","[]","","undefined","false","","false","false","true","undefined","","","Not applicable","Not applicable","Monitor","","","true","false","true","06-11-2025 18:27:26","10-09-2026 22:57:52","system","480.159","","ServiceNow","sn"
"'@devsnc/guided-wizard-toolkit","sn_gw_toolkit","A collection of components for building guided wizards","21.0.3","true","false","","","","21.0.3","false","","","false","Store Application","com.devsnc_guided_wizard_toolkit","","false","false","false","29-11-2021 11:22:58","tectonic","","","","","","","false","sn_gw_toolkit","","","","false","false","ES5 Standards Mode","","","Distribution","21.0.3","false","","","false","false","","","","true","","","","false","","false","false","false","","","","Not applicable","Not applicable","Monitor","","","true","false","false","","27-10-2022 18:02:17","system","455.059","","",""
"'@devsnc/library-intent-channel","sn_library_intent","Library Intent Channel","28.1.15","true","false","","","","28.1.15","false","","","false","Store Application","com.devsnc_library_intent_channel","","false","false","false","10-07-2026 08:41:53","tectonic","","","","","","","false","sn_library_intent","","","","false","false","ECMAScript 2021 (ES12)","","","Distribution","28.1.15","false","","","false","false","","","","true","","","","false","","false","false","false","","","","Not applicable","Not applicable","None","","","true","false","false","","06-09-2026 21:08:45","system","495.471","","",""
"'@devsnc/library-opws-mapping-shared","sn_lib_opws_shared","","23.0.2","true","false","","","","23.0.2","false","","","false","Store Application","com.devsnc_library_opws_mapping_shared","","false","false","false","15-01-2025 02:04:30","tectonic","","","","","","","false","sn_lib_opws_shared","","","","false","false","ES5 Standards Mode","","","Distribution","23.0.2","false","","","false","false","","","","true","","","","false","","false","false","false","","","","Not applicable","Not applicable","Monitor","","","true","false","false","","06-11-2025 18:15:19","PKE","482.483","","",""
"'@devsnc/library-uibtk-caching","sn_uibtk_caching","Caching functions which can be used across toolkit components as well as sn-ui-builder","28.1.62","true","false","[]","","","28.1.62","false","","","false","Store Application","com.devsnc_library_uibtk_caching","Zurich;","false","false","false","09-10-2024 16:26:26","tectonic","0","","No demo data","","","","false","sn_uibtk_caching","","07-11-2024 18:44:18","","false","true","ECMAScript 2021 (ES12)","","[]","Out of Band","28.2.100","true","","","false","false","","","Free","true","[]","","undefined","false","","false","false","true","undefined","","","Not applicable","Not applicable","Monitor","","","true","false","true","06-11-2025 18:27:28","10-09-2026 22:57:44","system","480.160","","ServiceNow","sn"
"'@devsnc/library-uibtk-commons","sn_uibtk_commons","common functions which can be used across toolkit components as well as sn-ui-builder","28.1.62","true","false","[]","","","28.1.62","false","","","false","Store Application","com.devsnc_library_uibtk_commons","Zurich;","false","false","false","09-10-2024 16:27:06","tectonic","0","","No demo data","","","","false","sn_uibtk_commons","","07-11-2024 18:22:27","","false","true","ECMAScript 2021 (ES12)","","[]","Out of Band","28.2.100","true","","","false","false","","","Free","true","[]","","undefined","false","","false","false","true","undefined","","","Not applicable","Not applicable","Monitor","","","true","false","true","06-11-2025 18:27:29","10-09-2026 22:57:59","system","480.161","","ServiceNow","sn"
"'@devsnc/library-uibtk-macroponent","sn_uibtk_mcp","The core API of the Macroponent Toolkit","28.1.62","true","false","[]","","","28.1.62","false","","","false","Store Application","com.devsnc_library_uibtk_macroponent","Zurich;","false","false","false","09-10-2024 16:27:45","tectonic","0","","No demo data","","","","false","sn_uibtk_mcp","","07-11-2024 18:22:43","","false","true","ECMAScript 2021 (ES12)","","[]","Out of Band","28.2.100","true","","","false","false","","","Free","true","[]","","undefined","false","","false","false","true","undefined","","","Not applicable","Not applicable","Monitor","","","true","false","true","06-11-2025 18:27:31","10-09-2026 22:58:02","system","480.162","","ServiceNow","sn"
"'@devsnc/library-uibtk-screen","sn_uibtk_screen","The core API of the Screen Toolkit","28.1.62","true","false","[]","","","28.1.62","false","","","false","Store Application","com.devsnc_library_uibtk_screen","Zurich;","false","false","false","09-10-2024 16:28:15","tectonic","0","","No demo data","","","","false","sn_uibtk_screen","","07-11-2024 18:33:21","","false","true","ECMAScript 2021 (ES12)","","[]","Out of Band","28.2.100","true","","","false","false","","","Free","true","[]","","undefined","false","","false","false","true","undefined","","","Not applicable","Not applicable","Monitor","","","true","false","true","06-11-2025 18:27:32","10-09-2026 22:57:49","system","480.159","","ServiceNow","sn"
"'@devsnc/library-uibtk-ux-value-resolver","sn_uibtk_uxv_resol","UI Builder Toolkit library for resolving UX Values","28.1.62","true","false","[]","","","28.1.62","false","","","false","Store Application","com.devsnc_library_uibtk_ux_value_resolver","Zurich;","false","false","false","09-10-2024 16:29:11","tectonic","0","","No demo data","","","","false","sn_uibtk_uxv_resol","","07-11-2024 18:44:30","","false","true","ECMAScript 2021 (ES12)","","[]","Out of Band","28.2.100","true","","","false","false","","","Free","true","[]","","undefined","false","","false","false","true","undefined","","","Not applicable","Not applicable","Monitor","","","true","false","true","06-11-2025 18:27:33","10-09-2026 22:57:51","system","480.159","","ServiceNow","sn"
"'@devsnc/library-uibtk-uxvalue","sn_uibtk_ux_value","Utility functions for managing and processing UXValues","28.1.62","true","false","[]","","","28.1.62","false","","","false","Store Application","com.devsnc_library_uibtk_uxvalue","Zurich;","false","false","false","09-10-2024 16:28:41","tectonic","0","","No demo data","","","","false","sn_uibtk_ux_value","","07-11-2024 18:22:48","","false","true","ECMAScript 2021 (ES12)","","[]","Out of Band","28.2.100","true","","","false","false","","","Free","true","[]","","undefined","false","","false","false","true","undefined","","","Not applicable","Not applicable","Monitor","","","true","false","true","06-11-2025 18:27:35","10-09-2026 22:57:43","system","480.161","","ServiceNow","sn"
"'@devsnc/sn-assessment","sn_assessment","Component to render survey or assessment portal form in an iframe.","22.0.8","true","false","","","","22.0.8","false","","","false","Store Application","com.devsnc_sn_assessment","","false","false","false","17-09-2023 23:06:25","tectonic","","","","","","","false","sn_assessment","","","","false","false","ES5 Standards Mode","","","Distribution","22.0.8","false","","","false","false","","","","true","","","","false","","false","false","false","","","","Not applicable","Not applicable","Monitor","","","true","false","false","","07-11-2024 19:29:05","ADMMUF","470.838","","",""
"'@devsnc/sn-catalog-action","sn_sc_action","Action component for catalog item","28.1.7","true","false","","","","28.1.7","false","","","false","Store Application","com.devsnc_sn_catalog_action","","false","false","false","12-06-2024 11:00:45","tectonic","","","","","","","false","sn_sc_action","","","","false","false","ECMAScript 2021 (ES12)","","","Distribution","28.1.7","false","","","false","false","","","","true","","","","false","","false","false","false","","","","Not applicable","Not applicable","None","","","true","false","false","","06-09-2026 21:08:49","system","477.299","","",""
"'@devsnc/sn-catalog-additional-details","sn_sc_details","Component to render additional details such as Delivery address Special instructions.","28.1.7","true","false","","","","28.1.7","false","","","false","Store Application","com.devsnc_sn_catalog_additional_details","","false","false","false","12-06-2024 11:00:49","tectonic","","","","","","","false","sn_sc_details","","","","false","false","ECMAScript 2021 (ES12)","","","Distribution","28.1.7","false","","","false","false","","","","true","","","","false","","false","false","false","","","","Not applicable","Not applicable","None","","","true","false","false","","06-09-2026 21:08:48","system","477.299","","",""
"'@devsnc/sn-catalog-builder","sn_sc_builder","Seismic components for catalog builder","28.1.6","true","false","","","","28.1.6","false","","","false","Store Application","com.devsnc_sn_catalog_builder","","false","false","false","21-08-2024 04:32:15","tectonic","","","","","","","false","sn_sc_builder","","","","false","false","ECMAScript 2021 (ES12)","","","Distribution","28.1.6","false","","","false","false","","","","true","","","","false","","false","false","false","","","","Not applicable","Not applicable","None","","","true","false","false","","06-09-2026 21:08:49","system","478.972","","",""
"'@devsnc/sn-catalog-description","sn_sc_description","Description component for catalog item","28.1.7","true","false","","","","28.1.7","false","","","false","Store Application","com.devsnc_sn_catalog_description","","false","false","false","12-06-2024 11:00:48","tectonic","","","","","","","false","sn_sc_description","","","","false","false","ECMAScript 2021 (ES12)","","","Distribution","28.1.7","false","","","false","false","","","","true","","","","false","","false","false","false","","","","Not applicable","Not applicable","None","","","true","false","false","","06-09-2026 21:08:49","system","477.299","","",""
"'@devsnc/sn-catalog-form","sn_catalog_form","Component to render catalog variables as a form","28.1.5","true","false","","","","28.1.5","false","","","false","Store Application","com.devsnc_sn_catalog_form","","false","false","false","12-06-2024 09:55:35","tectonic","","","","","","","false","sn_catalog_form","","","","false","false","ECMAScript 2021 (ES12)","","","Distribution","28.1.5","false","","","false","false","","","","true","","","","false","","false","false","false","","","","Not applicable","Not applicable","None","","","true","false","false","","06-09-2026 21:08:49","system","477.297","","",""
"'@devsnc/sn-catalog-form-connected","sn_sc_record_form","Client State Data Broker for Catalog Item","28.1.7","true","false","","","","28.1.7","false","","","false","Store Application","com.devsnc_sn_catalog_form_connected","","false","false","false","12-06-2024 11:00:54","tectonic","","","","","","","false","sn_sc_record_form","","","","false","false","ECMAScript 2021 (ES12)","","","Distribution","28.1.7","false","","","false","false","","","","true","","","","false","","false","false","false","","","","Not applicable","Not applicable","None","","","true","false","false","","06-09-2026 21:08:48","system","477.299","","",""
"'@devsnc/sn-catalog-iframe","sn_catalog_iframe","Description component for catalog item","28.1.7","true","false","","","","28.1.7","false","","","false","Store Application","com.devsnc_sn_catalog_iframe","","false","false","false","12-06-2024 11:00:47","tectonic","","","","","","","false","sn_catalog_iframe","","","","false","false","ECMAScript 2021 (ES12)","","","Distribution","28.1.7","false","","","false","false","","","","true","","","","false","","false","false","false","","","","Not applicable","Not applicable","None","","","true","false","false","","06-09-2026 21:08:49","system","477.299","","",""
"'@devsnc/sn-catalog-price","sn_sc_price","Component to render price and recurring prices.","28.1.7","true","false","","","","28.1.7","false","","","false","Store Application","com.devsnc_sn_catalog_price","","false","false","false","12-06-2024 11:00:48","tectonic","","","","","","","false","sn_sc_price","","","","false","false","ECMAScript 2021 (ES12)","","","Distribution","28.1.7","false","","","false","false","","","","true","","","","false","","false","false","false","","","","Not applicable","Not applicable","None","","","true","false","false","","06-09-2026 21:08:49","system","477.299","","",""
"'@devsnc/sn-catalog-quantity","sn_sc_quantity","Quantity of catalog item","28.1.7","true","false","","","","28.1.7","false","","","false","Store Application","com.devsnc_sn_catalog_quantity","","false","false","false","12-06-2024 11:00:46","tectonic","","","","","","","false","sn_sc_quantity","","","","false","false","ECMAScript 2021 (ES12)","","","Distribution","28.1.7","false","","","false","false","","","","true","","","","false","","false","false","false","","","","Not applicable","Not applicable","None","","","true","false","false","","06-09-2026 21:08:49","system","477.299","","",""
"'@devsnc/sn-catalog-request-for","sn_sc_request_for","Requested for component","28.1.7","true","false","","","","28.1.7","false","","","false","Store Application","com.devsnc_sn_catalog_request_for","","false","false","false","12-06-2024 11:00:50","tectonic","","","","","","","false","sn_sc_request_for","","","","false","false","ECMAScript 2021 (ES12)","","","Distribution","28.1.7","false","","","false","false","","","","true","","","","false","","false","false","false","","","","Not applicable","Not applicable","None","","","true","false","false","","06-09-2026 21:08:49","system","477.299","","",""
"'@devsnc/sn-catalog-wizard","sn_catalog_wizard","Catalog Wizard component","28.1.5","true","false","","","","28.1.5","false","","","false","Store Application","com.devsnc_sn_catalog_wizard","","false","false","false","19-06-2024 13:50:59","tectonic","","","","","","","false","sn_catalog_wizard","","","","false","false","ECMAScript 2021 (ES12)","","","Distribution","28.1.5","false","","","false","false","","","","true","","","","false","","false","false","false","","","","Not applicable","Not applicable","None","","","true","false","false","","06-09-2026 21:08:49","system","477.469","","",""
"'@devsnc/sn-chart-screen-reader-table","sn_chart_screen_re","Accessibility data table for charts","28.12.7","true","false","","","","28.12.7","false","","","false","Store Application","com.devsnc_sn_chart_screen_reader_table","","false","false","false","09-07-2025 18:36:52","tectonic","","","","","","","false","sn_chart_screen_re","","","","false","false","ECMAScript 2021 (ES12)","","","Distribution","28.12.7","false","","","false","false","","","","true","","","","false","","false","false","false","","","","Not applicable","Not applicable","None","","","true","false","false","","06-09-2026 21:08:48","system","486.713","","",""
"'@devsnc/sn-comparator","sn_comparator","Generic component to compare content side-by-side.","28.0.0","true","false","","","","28.0.0","false","","","false","Store Application","com.devsnc_sn_comparator","","false","false","false","07-04-2025 05:21:29","tectonic","","","","","","","false","sn_comparator","","","","false","false","ECMAScript 2021 (ES12)","","","Distribution","28.0.0","false","","","false","false","","","","true","","","","false","","false","false","false","","","","Not applicable","Not applicable","Monitor","","","true","false","false","","06-11-2025 18:15:18","PKE","484.452","","",""
"'@devsnc/sn-customer-information","sn_customer_info","Customer Information Component","23.0.2","true","false","[{""id"":""incompatible"",""order"":1,""message"":""Incompatible"",""tooltip"":""Your instance and app version are incompatible. Please make sure to select a compatible app version."",""type"":""error"",""show_as_filter"":true}]","","","23.0.2","false","","","false","Store Application","com.devsnc_sn_customer_information","Yokohama;","false","false","false","25-03-2025 06:51:36","tectonic","0","","No demo data","","","","true","sn_customer_info","","06-11-2025 17:56:19","","true","true","ECMAScript 2021 (ES12)","","[]","Out of Band","25.0.0","true","","","false","false","","","Free","true","[]","","undefined","false","","false","false","true","undefined","","","Not applicable","Not applicable","Monitor","","","true","false","true","06-11-2025 17:56:19","05-06-2026 04:51:16","system","484.144","","",""
"'@devsnc/sn-data-tooltip","sn_data_tooltip","Seismic component for displaying chart data in a popup","24.0.1","true","false","","","","24.0.1","false","","","false","Store Application","com.devsnc_sn_data_tooltip","","false","false","false","07-04-2023 15:18:10","tectonic","","","","","","","false","sn_data_tooltip","","","","false","false","ES5 Standards Mode","","","Distribution","24.0.1","false","","","false","false","","","","true","","","","false","","false","false","false","","","","Not applicable","Not applicable","Monitor","","","true","false","false","","09-11-2023 19:00:16","PKE","466.919","","",""
"'@devsnc/sn-declarative-actions","sn_declarative_act","Seismic orchestration for Declarative Actions (Paris)","28.1.0","true","false","","","","28.1.0","false","","","false","Store Application","com.devsnc_sn_declarative_actions","","false","false","false","16-05-2024 18:10:51","tectonic","","","","","","","false","sn_declarative_act","","","","false","false","ECMAScript 2021 (ES12)","","","Distribution","28.1.0","false","","","false","false","","","","true","","","","false","","false","false","false","","","","Not applicable","Not applicable","Monitor","","","true","false","false","","06-11-2025 18:15:18","PKE","476.643","","",""
"'@devsnc/sn-document-viewer","sn_devsnc_sn_docum","Document viewer seismic component","28.3.0","true","false","","","","28.3.0","false","","","false","Store Application","com.devsnc_sn_document_viewer","","false","false","false","20-07-2026 11:58:44","tectonic","","","","","","","false","sn_devsnc_sn_docum","","","","false","false","ECMAScript 2021 (ES12)","","","Distribution","28.3.0","false","","","false","false","","","","true","","","","false","","false","false","false","","","","Not applicable","Not applicable","None","","","true","false","false","","06-09-2026 21:08:48","system","495.714","","",""
"'@devsnc/sn-drag-and-drop","sn_drag_and_drop","A drag and drop component for workspace list menu","28.0.2","true","false","","","","28.0.2","false","","","false","Store Application","com.devsnc_sn_drag_and_drop","","false","false","false","07-07-2023 15:55:19","tectonic","","","","","","","false","sn_drag_and_drop","","","","false","false","ECMAScript 2021 (ES12)","","","Distribution","28.0.2","false","","","false","false","","","","true","","","","false","","false","false","false","","","","Not applicable","Not applicable","Monitor","","","true","false","false","","06-11-2025 18:15:19","PKE","469.104","","",""
"'@devsnc/sn-elevate-roles","sn_elevate_roles","Unified Navigation Elevate Roles Modal","28.12.3","true","false","","","","28.12.3","false","","","false","Store Application","com.devsnc_sn_elevate_roles","","false","false","false","06-11-2025 17:43:45","tectonic","","","","","","","false","sn_elevate_roles","","","","false","false","ECMAScript 2021 (ES12)","","","Distribution","28.12.3","false","","","false","false","","","","true","","","","false","","false","false","false","","","","Not applicable","Not applicable","None","","","true","false","false","","06-09-2026 21:08:49","system","19","","",""
"'@devsnc/sn-email-client","sn_email_client","Email Client Component developed in Seismic","18.10.1","true","false","","","","18.10.1","false","","","false","Store Application","com.devsnc_sn_email_client","","false","false","false","16-07-2021 10:57:02","tectonic","","","","","","","false","sn_email_client","","","","false","false","ES5 Standards Mode","","","Store","18.10.1","false","","","false","false","","","","true","","","","false","","false","false","false","","","","Not applicable","Not applicable","Monitor","","","true","false","false","","03-11-2021 20:18:15","ADMPKE","451.793","","",""
"'@devsnc/sn-feedback","sn_feedback","Reusable UI component to capture detailed, explicit feedback from users for AI products/skills through a series of pre-determined options or free-text responses","1.2.0","true","false","[]","","","1.2.0","false","","","false","Store Application","com.devsnc_sn_feedback","Washington DC;Xanadu;Yokohama;Zurich;","false","false","false","09-04-2025 07:49:45","tectonic","0","","No demo data","","","","false","sn_feedback","","17-11-2024 15:28:16","","false","true","ECMAScript 2021 (ES12)","","[]","Out of Band","2.0.0","true","","","false","false","","","Free","true","[]","","undefined","false","","false","false","true","undefined","","","Not applicable","Not applicable","Monitor","","","true","false","true","06-11-2025 17:56:13","16-12-2025 09:55:32","ADMMUF","484.504","","",""
"'@devsnc/sn-field-and-dropdown-wrapper","sn_field_and_dropd","Field and Dropdown Wrapper for Seismic","28.12.2","true","false","","","","28.12.2","false","","","false","Store Application","com.devsnc_sn_field_and_dropdown_wrapper","","false","false","false","28-07-2025 00:22:47","tectonic","","","","","","","false","sn_field_and_dropd","","","","false","false","ECMAScript 2021 (ES12)","","","Distribution","28.12.2","false","","","false","false","","","","true","","","","false","","false","false","false","","","","Not applicable","Not applicable","None","","","true","false","false","","06-09-2026 21:08:45","system","487.149","","",""
"'@devsnc/sn-field-select","sn_field_select","Field Selection Slush Bucket","28.12.2","true","false","","","","28.12.2","false","","","false","Store Application","com.devsnc_sn_field_select","","false","false","false","28-07-2025 00:19:17","tectonic","","","","","","","false","sn_field_select","","","","false","false","ECMAScript 2021 (ES12)","","","Distribution","28.12.2","false","","","false","false","","","","true","","","","false","","false","false","false","","","","Not applicable","Not applicable","None","","","true","false","false","","06-09-2026 21:08:48","system","487.149","","",""
"'@devsnc/sn-form-controls","sn_form_controls","Input controls for Seismic","28.12.2","true","false","","","","28.12.2","false","","","false","Store Application","com.devsnc_sn_form_controls","","false","false","false","28-07-2025 00:25:20","tectonic","","","","","","","false","sn_form_controls","","","","false","false","ECMAScript 2021 (ES12)","","","Distribution","28.12.2","false","","","false","false","","","","true","","","","false","","false","false","false","","","","Not applicable","Not applicable","None","","","true","false","false","","06-09-2026 21:08:48","system","487.149","","",""
"'@devsnc/sn-glide-form-controls","sn_glide_form_cont","Glide Platform Form Controls","28.12.2","true","false","","","","28.12.2","false","","","false","Store Application","com.devsnc_sn_glide_form_controls","","false","false","false","28-07-2025 00:25:53","tectonic","","","","","","","false","sn_glide_form_cont","","","","false","false","ECMAScript 2021 (ES12)","","","Distribution","28.12.2","false","","","false","false","","","","true","","","","false","","false","false","false","","","","Not applicable","Not applicable","None","","","true","false","false","","06-09-2026 21:08:48","system","487.149","","",""
"'@devsnc/sn-glide-query-base","sn_glide_query_bas","Glide Query Base Component","28.12.2","true","false","","","","28.12.2","false","","","false","Store Application","com.devsnc_sn_glide_query_base","","false","false","false","28-07-2025 00:24:24","tectonic","","","","","","","false","sn_glide_query_bas","","","","false","false","ECMAScript 2021 (ES12)","","","Distribution","28.12.2","false","","","false","false","","","","true","","","","false","","false","false","false","","","","Not applicable","Not applicable","None","","","true","false","false","","06-09-2026 21:08:46","system","487.149","","",""
"'@devsnc/sn-gw-checkbox-tooltip","sn_gw_chxbxtooltip","This component wraps a checkbox and provides a helper tooltip","27.0.2","true","false","","","","27.0.2","false","","","false","Store Application","com.devsnc_sn_gw_checkbox_tooltip","","false","false","false","12-11-2024 02:51:59","tectonic","","","","","","","false","sn_gw_chxbxtooltip","","","","false","false","ECMAScript 2021 (ES12)","","","Distribution","27.0.2","false","","","false","false","","","","true","","","","false","","false","false","false","","","","Not applicable","Not applicable","Monitor","","","true","false","false","","06-11-2025 18:15:15","PKE","480.947","","",""
"'@devsnc/sn-gw-file-uploader","sn_gw_file_upload","This component and it's variants accept various file-types to upload to the platform","27.0.2","true","false","","","","27.0.2","false","","","false","Store Application","com.devsnc_sn_gw_file_uploader","","false","false","false","12-11-2024 02:52:00","tectonic","","","","","","","false","sn_gw_file_upload","","","","false","false","ECMAScript 2021 (ES12)","","","Distribution","27.0.2","false","","","false","false","","","","true","","","","false","","false","false","false","","","","Not applicable","Not applicable","Monitor","","","true","false","false","","06-11-2025 18:15:15","PKE","480.947","","",""
"'@devsnc/sn-gw-helper-content","sn_gw_help_content","Renders given helper-content property in a popover","27.0.2","true","false","","","","27.0.2","false","","","false","Store Application","com.devsnc_sn_gw_helper_content","","false","false","false","12-11-2024 02:51:58","tectonic","","","","","","","false","sn_gw_help_content","","","","false","false","ECMAScript 2021 (ES12)","","","Distribution","27.0.2","false","","","false","false","","","","true","","","","false","","false","false","false","","","","Not applicable","Not applicable","Monitor","","","true","false","false","","06-11-2025 18:15:18","PKE","480.947","","",""
"'@devsnc/sn-gw-info-summary","sn_gw_infosummary","Renders a card that displays various summary items typically included as the last page of a wizard flow","27.0.2","true","false","","","","27.0.2","false","","","false","Store Application","com.devsnc_sn_gw_info_summary","","false","false","false","12-11-2024 02:51:57","tectonic","","","","","","","false","sn_gw_infosummary","","","","false","false","ECMAScript 2021 (ES12)","","","Distribution","27.0.2","false","","","false","false","","","","true","","","","false","","false","false","false","","","","Not applicable","Not applicable","Monitor","","","true","false","false","","06-11-2025 18:15:16","PKE","480.947","","",""
"'@devsnc/sn-gw-page","sn_gw_page","This component is a wrapper for a wizard page that provides helpful tools to ensure consistency between wizards.","27.0.2","true","false","","","","27.0.2","false","","","false","Store Application","com.devsnc_sn_gw_page","","false","false","false","12-11-2024 02:52:01","tectonic","","","","","","","false","sn_gw_page","","","","false","false","ECMAScript 2021 (ES12)","","","Distribution","27.0.2","false","","","false","false","","","","true","","","","false","","false","false","false","","","","Not applicable","Not applicable","Monitor","","","true","false","false","","06-11-2025 18:15:20","PKE","480.947","","",""
"'@devsnc/sn-gw-page-header","sn_gw_page_header","This component is a collection of elements to provide consistency of page design and hierarchy for sn-gw-page headers","27.0.2","true","false","","","","27.0.2","false","","","false","Store Application","com.devsnc_sn_gw_page_header","","false","false","false","12-11-2024 02:51:58","tectonic","","","","","","","false","sn_gw_page_header","","","","false","false","ECMAScript 2021 (ES12)","","","Distribution","27.0.2","false","","","false","false","","","","true","","","","false","","false","false","false","","","","Not applicable","Not applicable","Monitor","","","true","false","false","","06-11-2025 18:15:16","PKE","480.947","","",""
"'@devsnc/sn-gw-tile-button","sn_gw_tile_button","A card-style button element","27.0.2","true","false","","","","27.0.2","false","","","false","Store Application","com.devsnc_sn_gw_tile_button","","false","false","false","12-11-2024 02:51:59","tectonic","","","","","","","false","sn_gw_tile_button","","","","false","false","ECMAScript 2021 (ES12)","","","Distribution","27.0.2","false","","","false","false","","","","true","","","","false","","false","false","false","","","","Not applicable","Not applicable","Monitor","","","true","false","false","","06-11-2025 18:15:19","PKE","480.947","","",""
"'@devsnc/sn-gw-tile-flow","sn_gw_tileflow","A Decorative component that places a dotted border between provided images","27.0.2","true","false","","","","27.0.2","false","","","false","Store Application","com.devsnc_sn_gw_tile_flow","","false","false","false","12-11-2024 02:51:32","tectonic","","","","","","","false","sn_gw_tileflow","","","","false","false","ECMAScript 2021 (ES12)","","","Distribution","27.0.2","false","","","false","false","","","","true","","","","false","","false","false","false","","","","Not applicable","Not applicable","Monitor","","","true","false","false","","06-11-2025 18:15:20","PKE","480.947","","",""
"'@devsnc/sn-gw-tile-radio-buttons","sn_gw_tlradbuttons","A component for allowing users to select one of several options","27.0.2","true","false","","","","27.0.2","false","","","false","Store Application","com.devsnc_sn_gw_tile_radio_buttons","","false","false","false","12-11-2024 02:51:57","tectonic","","","","","","","false","sn_gw_tlradbuttons","","","","false","false","ECMAScript 2021 (ES12)","","","Distribution","27.0.2","false","","","false","false","","","","true","","","","false","","false","false","false","","","","Not applicable","Not applicable","Monitor","","","true","false","false","","06-11-2025 18:15:20","PKE","480.947","","",""
"'@devsnc/sn-gw-typeahead","sn_gw_typeahead","An extension of now-typeahead with some added features","27.0.2","true","false","","","","27.0.2","false","","","false","Store Application","com.devsnc_sn_gw_typeahead","","false","false","false","12-11-2024 02:51:58","tectonic","","","","","","","false","sn_gw_typeahead","","","","false","false","ECMAScript 2021 (ES12)","","","Distribution","27.0.2","false","","","false","false","","","","true","","","","false","","false","false","false","","","","Not applicable","Not applicable","Monitor","","","true","false","false","","06-11-2025 18:15:19","PKE","480.947","","",""
"'@devsnc/sn-gw-wrapper","sn_gw_wrapper","Provides general styles for a wizard and manages the wizard stepper","27.0.2","true","false","","","","27.0.2","false","","","false","Store Application","com.devsnc_sn_gw_wrapper","","false","false","false","12-11-2024 02:51:47","tectonic","","","","","","","false","sn_gw_wrapper","","","","false","false","ECMAScript 2021 (ES12)","","","Distribution","27.0.2","false","","","false","false","","","","true","","","","false","","false","false","false","","","","Not applicable","Not applicable","Monitor","","","true","false","false","","06-11-2025 18:15:15","PKE","480.947","","",""
"'@devsnc/sn-help","sn_help","Seismic Component for help","28.0.0","true","false","","","","28.0.0","false","","","false","Store Application","com.devsnc_sn_help","","false","false","false","16-04-2024 01:57:10","tectonic","","","","","","","false","sn_help","","","","false","false","ECMAScript 2021 (ES12)","","","Distribution","28.0.0","false","","","false","false","","","","true","","","","false","","false","false","false","","","","Not applicable","Not applicable","None","","","false","false","false","","06-09-2026 20:50:11","system","475.914","","",""
"'@devsnc/sn-help-panel","sn-help-panel","Seismic component for help panel","28.1.1","true","false","","","","28.1.1","false","","","false","Store Application","com.devsnc_sn_help_panel","","false","false","false","26-06-2024 02:09:43","tectonic","","","","","","","false","sn-help-panel","","","","false","false","ECMAScript 2021 (ES12)","","","Distribution","28.1.1","false","","","false","false","","","","true","","","","false","","false","false","false","","","","Not applicable","Not applicable","None","","","true","false","false","","06-09-2026 21:08:49","system","477.621","","",""
"'@devsnc/sn-help-setup","sn_help_setup","Seismic component for Guided Setup","28.0.3","true","false","[]","","","28.0.3","false","","","false","Store Application","com.devsnc_sn_help_setup","Zurich;","false","false","false","28-05-2024 05:30:14","tectonic","0","","No demo data","","","","false","sn_help_setup","","09-11-2023 17:58:54","","false","true","ECMAScript 2021 (ES12)","","[]","Out of Band","28.0.3","true","","","false","false","","","Free","true","[]","","undefined","false","","false","false","true","undefined","","","Not applicable","Not applicable","Monitor","","","true","false","false","06-11-2025 17:55:55","16-12-2025 09:54:40","ADMMUF","476.922","","",""
"'@devsnc/sn-hierarchical-select","sn_hierarchical_se","Seismic component for hierarchical multiple and single select","28.9.4","true","false","","","","28.9.4","false","","","false","Store Application","com.devsnc_sn_hierarchical_select","","false","false","false","06-09-2023 11:19:19","tectonic","","","No demo data","","","","false","sn_hierarchical_se","","27-10-2022 18:46:39","","false","false","ECMAScript 2021 (ES12)","","","Out of Band","28.9.4","false","","","false","false","","","","true","","","","false","","false","false","true","","","","Not applicable","Not applicable","None","","","true","false","false","06-11-2025 17:56:15","06-09-2026 21:08:44","system","470.578","","",""
"'@devsnc/sn-ihub-categorized-picker","sn_ihub_picker","To pick an item for given group of items","27.0.13","true","false","","","","27.0.13","false","","","false","Store Application","com.devsnc_sn_ihub_categorized_picker","","false","false","false","18-07-2024 16:50:03","tectonic","","","","","","","false","sn_ihub_picker","","","","false","false","ECMAScript 2021 (ES12)","","","Distribution","27.0.13","false","","","false","false","","","","true","","","","false","","false","false","false","","","","Not applicable","Not applicable","Monitor","","","true","false","false","","06-11-2025 18:15:17","PKE","478.153","","",""
"'@devsnc/sn-ihub-data-mapping","sn_ihub_mapping","Map from a source complex object to a target complex object","27.0.13","true","false","","","","27.0.13","false","","","false","Store Application","com.devsnc_sn_ihub_data_mapping","","false","false","false","18-07-2024 16:50:04","tectonic","","","","","","","false","sn_ihub_mapping","","","","false","false","ECMAScript 2021 (ES12)","","","Distribution","27.0.13","false","","","false","false","","","","true","","","","false","","false","false","false","","","","Not applicable","Not applicable","Monitor","","","true","false","false","","06-11-2025 18:15:20","PKE","478.153","","",""
"'@devsnc/sn-ihub-data-mapping-etl-connected","sn_ihub_dm_etl_con","Map from a source complex object to a target complex object","27.0.13","true","false","","","","27.0.13","false","","","false","Store Application","com.devsnc_sn_ihub_data_mapping_etl_connected","","false","false","false","18-07-2024 16:49:58","tectonic","","","","","","","false","sn_ihub_dm_etl_con","","","","false","false","ECMAScript 2021 (ES12)","","","Distribution","27.0.13","false","","","false","false","","","","true","","","","false","","false","false","false","","","","Not applicable","Not applicable","Monitor","","","true","false","false","","06-11-2025 18:15:17","PKE","478.153","","",""
"'@devsnc/sn-ihub-entity-field-editor","sn_ihub_editor","To make text or pill mappings to a field","27.0.13","true","false","","","","27.0.13","false","","","false","Store Application","com.devsnc_sn_ihub_entity_field_editor","","false","false","false","18-07-2024 16:50:00","tectonic","","","","","","","false","sn_ihub_editor","","","","false","false","ECMAScript 2021 (ES12)","","","Distribution","27.0.13","false","","","false","false","","","","true","","","","false","","false","false","false","","","","Not applicable","Not applicable","Monitor","","","true","false","false","","06-11-2025 18:15:16","PKE","478.153","","",""
"'@devsnc/sn-ihub-pill","sn_ihub_pill","Seismic Pill component for IntegrationHub","1.0.13","true","false","","","","1.0.13","false","","","false","Store Application","com.devsnc_sn_ihub_pill","","false","false","false","15-02-2023 17:30:14","tectonic","","","","","","","false","sn_ihub_pill","","","","false","false","ES5 Standards Mode","","","Distribution","1.0.13","false","","","false","false","","","","true","","","","false","","false","false","false","","","","Not applicable","Not applicable","Monitor","","","true","false","false","","09-11-2023 19:00:08","PKE","465.698","","",""
"'@devsnc/sn-ihub-tree","sn_ihub_tree","To renders a JSON tree","27.0.13","true","false","","","","27.0.13","false","","","false","Store Application","com.devsnc_sn_ihub_tree","","false","false","false","18-07-2024 16:49:59","tectonic","","","","","","","false","sn_ihub_tree","","","","false","false","ECMAScript 2021 (ES12)","","","Distribution","27.0.13","false","","","false","false","","","","true","","","","false","","false","false","false","","","","Not applicable","Not applicable","Monitor","","","true","false","false","","06-11-2025 18:15:17","PKE","478.153","","",""
"'@devsnc/sn-impersonation","sn_impersonation","Unified Navigation Impersonation Modal","28.12.3","true","false","","","","28.12.3","false","","","false","Store Application","com.devsnc_sn_impersonation","","false","false","false","06-11-2025 17:43:46","tectonic","","","","","","","false","sn_impersonation","","","","false","false","ECMAScript 2021 (ES12)","","","Distribution","28.12.3","false","","","false","false","","","","true","","","","false","","false","false","false","","","","Not applicable","Not applicable","None","","","true","false","false","","06-09-2026 21:08:48","system","19","","",""
"'@devsnc/sn-itsm-new-record-interceptor","sn-itsm-new-record","Internal seismic component that is used in Agent Workspace to act as an interceptor","24.0.3","true","false","","","","24.0.3","false","","","false","Store Application","com.devsnc_sn_itsm_new_record_interceptor","","false","false","false","24-04-2023 09:51:23","tectonic","","","","","","","false","sn-itsm-new-record","","","","false","false","ES5 Standards Mode","","","Distribution","24.0.3","false","","","false","false","","","","true","","","","false","","false","false","false","","","","Not applicable","Not applicable","Monitor","","","true","false","false","","09-11-2023 19:00:12","PKE","467.320","","",""
"'@devsnc/sn-itsm-new-record-interceptor","sn-itsm-new-record","Internal seismic component that is used in Agent Workspace to act as an interceptor","18.0.4","true","false","","","","18.0.4","false","","","false","Store Application","com.devsnc_sn_itsm_new_record_interceptor","","false","false","false","16-04-2020 15:58:28","tectonic","","","","","","","false","sn-itsm-new-record","","","","false","false","ES5 Standards Mode","","","Distribution","18.0.4","false","","","false","false","","","","true","","","","false","","false","false","false","","","","Not applicable","Not applicable","Monitor","","","true","false","false","","03-11-2021 20:18:12","ADMPKE","440.856","","",""
"'@devsnc/sn-knowledge-content","sn_kb_content","Seismic component for knowledge content","29.11.0","true","false","","","","29.11.0","false","","","false","Store Application","com.devsnc_sn_knowledge_content","","false","false","false","23-04-2025 03:56:13","tectonic","","","","","","","false","sn_kb_content","","","","false","false","ECMAScript 2021 (ES12)","","","Distribution","29.11.0","false","","","false","false","","","","true","","","","false","","false","false","false","","","","Not applicable","Not applicable","None","","","false","false","false","","06-09-2026 20:50:16","system","484.846","","",""
"'@devsnc/sn-layout","sn_uxf_layout","UXF Layout Engine wrapped in a Seismic component","28.0.7","true","false","","","","28.0.7","false","","","false","Store Application","com.devsnc_sn_layout","","false","false","false","16-05-2024 19:59:21","tectonic","","","","","","","false","sn_uxf_layout","","","","false","false","ECMAScript 2021 (ES12)","","","Distribution","28.0.7","false","","","false","false","","","","true","","","","false","","false","false","false","","","","Not applicable","Not applicable","Monitor","","","true","false","false","","06-11-2025 18:15:15","PKE","476.644","","",""
"'@devsnc/sn-list-commons","sn_list_commons","Common behaviors and utility methods for the various list components","28.0.1","true","false","","","","28.0.1","false","","","false","Store Application","com.devsnc_sn_list_commons","","false","false","false","13-02-2025 02:38:51","tectonic","","","","","","","false","sn_list_commons","","","","false","false","ECMAScript 2021 (ES12)","","","Distribution","28.0.1","false","","","false","false","","","","true","","","","false","","false","false","false","","","","Not applicable","Not applicable","Monitor","","","true","false","false","","06-11-2025 18:15:17","PKE","483.181","","",""
"'@devsnc/sn-list-selector","sn_list-selector","List selector component to add remove, or move items in a form or list","26.0.0","true","false","[]","","","26.0.0","false","","","false","Store Application","com.devsnc_sn_list_selector","Australia;Xanadu;Yokohama;Zurich;","false","false","false","06-10-2025 03:16:23","tectonic","0","","No demo data","","","","false","sn_list-selector","","09-11-2023 17:58:32","","false","true","ECMAScript 2021 (ES12)","","[]","Store","26.1.3","true","","","false","false","","","Free","true","[]","","undefined","false","","false","false","true","undefined","","","Not applicable","Not applicable","Monitor","","","true","false","true","06-11-2025 19:36:36","13-03-2026 03:04:33","system","488.823","","",""
"'@devsnc/sn-mfa-setup","sn_mfa_setup","seismic component for  mfa-setup","24.0.5","true","false","","","","24.0.5","false","","","false","Store Application","com.devsnc_sn_mfa_setup","","false","false","false","25-07-2024 06:47:03","tectonic","","","","","","","false","sn_mfa_setup","","","","false","false","ECMAScript 2021 (ES12)","","","Distribution","24.0.5","false","","","false","false","","","","true","","","","false","","false","false","false","","","","Not applicable","Not applicable","Monitor","","","true","false","false","","07-11-2024 19:29:06","ADMMUF","478.309","","",""
"'@devsnc/sn-mfa-validate","sn_mfa_validate","Seismic component for mfa validation","24.0.6","true","false","","","","24.0.6","false","","","false","Store Application","com.devsnc_sn_mfa_validate","","false","false","false","25-07-2024 06:47:22","tectonic","","","","","","","false","sn_mfa_validate","","","","false","false","ECMAScript 2021 (ES12)","","","Distribution","24.0.6","false","","","false","false","","","","true","","","","false","","false","false","false","","","","Not applicable","Not applicable","Monitor","","","true","false","false","","07-11-2024 19:29:01","ADMMUF","478.309","","",""
"'@devsnc/sn-multi-record-associator","sn_multi_record_as","Edit action on related list","28.11.1","true","false","","","","28.11.1","false","","","false","Store Application","com.devsnc_sn_multi_record_associator","","false","false","false","06-03-2024 04:23:30","tectonic","","","","","","","false","sn_multi_record_as","","","","false","false","ECMAScript 2021 (ES12)","","","Distribution","28.11.1","false","","","false","false","","","","true","","","","false","","false","false","false","","","","Not applicable","Not applicable","Monitor","","","true","false","false","","03-08-2026 18:08:26","system","474.931","","",""
"'@devsnc/sn-nested-comments","sn_nested_comments","Shared Nested Comments Component for Workspace, Portal and UI Builder","28.0.0","true","false","","","","28.0.0","false","","","false","Store Application","com.devsnc_sn_nested_comments","","false","false","false","07-04-2025 05:38:38","tectonic","","","","","","","false","sn_nested_comments","","","","false","false","ECMAScript 2021 (ES12)","","","Distribution","28.0.0","false","","","false","false","","","","true","","","","false","","false","false","false","","","","Not applicable","Not applicable","Monitor","","","true","false","false","","06-11-2025 18:15:18","PKE","484.452","","",""
"'@devsnc/sn-notifications-menu","sn_notifications_m","Unified Navigation Notifications Component","28.12.3","true","false","","","","28.12.3","false","","","false","Store Application","com.devsnc_sn_notifications_menu","","false","false","false","06-11-2025 17:43:45","tectonic","","","","","","","false","sn_notifications_m","","","","false","false","ECMAScript 2021 (ES12)","","","Distribution","28.12.3","false","","","false","false","","","","true","","","","false","","false","false","false","","","","Not applicable","Not applicable","None","","","true","false","false","","06-09-2026 21:08:48","system","19","","",""
"'@devsnc/sn-options-list","sn_options_list","React Components for rendering Dropdown Options for Seismic","28.12.2","true","false","","","","28.12.2","false","","","false","Store Application","com.devsnc_sn_options_list","","false","false","false","28-07-2025 00:24:14","tectonic","","","","","","","false","sn_options_list","","","","false","false","ECMAScript 2021 (ES12)","","","Distribution","28.12.2","false","","","false","false","","","","true","","","","false","","false","false","false","","","","Not applicable","Not applicable","None","","","true","false","false","","06-09-2026 21:08:45","system","487.149","","",""
"'@devsnc/sn-par-calendar-connected","sn_par_calendar","Calendars are a visual tool used for planning and organizing. You use a calendar to plot events that have a date dimension. Binding the component to your data (Table) is as easy as selecting the data source from a drop-down. No need to define any other data brokers, scripts, or special parameters.","28.3.0","true","false","","","","28.3.0","false","","","false","Store Application","com.devsnc_sn_par_calendar_connected","","false","false","false","27-08-2024 08:24:41","tectonic","","","No demo data","","","","true","sn_par_calendar","","09-11-2023 18:03:22","","true","true","ECMAScript 2021 (ES12)","","","Out of Band","28.5.6","true","","","false","false","","","","true","[]","","","false","","false","false","true","","","","Not applicable","Not applicable","Monitor","","","true","false","true","15-03-2026 17:02:37","11-09-2026 19:50:57","system","479.118","","",""
"'@devsnc/sn-pill-container","sn_pill_cntnr","Seismic Component for ServiceNow","26.0.3","true","false","","","","26.0.3","false","","","false","Store Application","com.devsnc_sn_pill_container","","false","false","false","16-01-2025 11:10:53","tectonic","","","","","","","false","sn_pill_cntnr","","","","false","false","ES5 Standards Mode","","","Distribution","26.0.3","false","","","false","false","","","","true","","","","false","","false","false","false","","","","Not applicable","Not applicable","Monitor","","","true","false","false","","06-11-2025 18:15:19","PKE","482.516","","",""
"'@devsnc/sn-record-annotation","sn_record_annotati","Annotation Component","28.12.2","true","false","","","","28.12.2","false","","","false","Store Application","com.devsnc_sn_record_annotation","","false","false","false","28-07-2025 00:23:45","tectonic","","","","","","","false","sn_record_annotati","","","","false","false","ECMAScript 2021 (ES12)","","","Distribution","28.12.2","false","","","false","false","","","","true","","","","false","","false","false","false","","","","Not applicable","Not applicable","None","","","true","false","false","","06-09-2026 21:08:44","system","487.149","","",""
"'@devsnc/sn-record-auto-number-connected","sn_record_auto_num","Auto Number Field Component for Glide Form Control.","28.12.2","true","false","","","","28.12.2","false","","","false","Store Application","com.devsnc_sn_record_auto_number_connected","","false","false","false","28-07-2025 00:24:05","tectonic","","","","","","","false","sn_record_auto_num","","","","false","false","ECMAScript 2021 (ES12)","","","Distribution","28.12.2","false","","","false","false","","","","true","","","","false","","false","false","false","","","","Not applicable","Not applicable","None","","","true","false","false","","06-09-2026 21:08:45","system","487.149","","",""
"'@devsnc/sn-record-checkbox-group","sn_record_cb_group","Checkbox Group Component","28.12.2","true","false","","","","28.12.2","false","","","false","Store Application","com.devsnc_sn_record_checkbox_group","","false","false","false","28-07-2025 00:24:34","tectonic","","","","","","","false","sn_record_cb_group","","","","false","false","ECMAScript 2021 (ES12)","","","Distribution","28.12.2","false","","","false","false","","","","true","","","","false","","false","false","false","","","","Not applicable","Not applicable","None","","","true","false","false","","06-09-2026 21:08:46","system","487.149","","",""
"'@devsnc/sn-record-choice-connected","sn_record_choice_c","Connected Choice Form Control","28.12.2","true","false","","","","28.12.2","false","","","false","Store Application","com.devsnc_sn_record_choice_connected","","false","false","false","28-07-2025 00:24:20","tectonic","","","","","","","false","sn_record_choice_c","","","","false","false","ECMAScript 2021 (ES12)","","","Distribution","28.12.2","false","","","false","false","","","","true","","","","false","","false","false","false","","","","Not applicable","Not applicable","None","","","true","false","false","","06-09-2026 21:08:46","system","487.149","","",""
"'@devsnc/sn-record-code-editor","sn_record_code_edi","Code editor Component for Glide Form Control","28.12.2","true","false","","","","28.12.2","false","","","false","Store Application","com.devsnc_sn_record_code_editor","","false","false","false","28-07-2025 00:25:03","tectonic","","","","","","","false","sn_record_code_edi","","","","false","false","ECMAScript 2021 (ES12)","","","Distribution","28.12.2","false","","","false","false","","","","true","","","","false","","false","false","false","","","","Not applicable","Not applicable","None","","","true","false","false","","06-09-2026 21:08:48","system","487.149","","",""
"'@devsnc/sn-record-content-tree-connected","sn_record_ref_tree","Wrapper component around NDS component now-content-tree","28.12.2","true","false","","","","28.12.2","false","","","false","Store Application","com.devsnc_sn_record_content_tree_connected","","false","false","false","28-07-2025 00:20:17","tectonic","","","","","","","false","sn_record_ref_tree","","","","false","false","ECMAScript 2021 (ES12)","","","Distribution","28.12.2","false","","","false","false","","","","true","","","","false","","false","false","false","","","","Not applicable","Not applicable","None","","","true","false","false","","06-09-2026 21:08:45","system","487.149","","",""
"'@devsnc/sn-record-control","sn_record_control","sn-record-control","28.12.2","true","false","","","","28.12.2","false","","","false","Store Application","com.devsnc_sn_record_control","","false","false","false","28-07-2025 00:24:30","tectonic","","","","","","","false","sn_record_control","","","","false","false","ECMAScript 2021 (ES12)","","","Distribution","28.12.2","false","","","false","false","","","","true","","","","false","","false","false","false","","","","Not applicable","Not applicable","None","","","true","false","false","","06-09-2026 21:08:44","system","487.149","","",""
"'@devsnc/sn-record-control-wrapper","sn_record_control1","Wrapper for Form Controls for Seismic","28.12.2","true","false","","","","28.12.2","false","","","false","Store Application","com.devsnc_sn_record_control_wrapper","","false","false","false","28-07-2025 00:24:57","tectonic","","","","","","","false","sn_record_control1","","","","false","false","ECMAScript 2021 (ES12)","","","Distribution","28.12.2","false","","","false","false","","","","true","","","","false","","false","false","false","","","","Not applicable","Not applicable","None","","","true","false","false","","06-09-2026 21:08:45","system","487.149","","",""
"'@devsnc/sn-record-currency-connected","sn_record_curre","Connected Currency Form Control","28.12.2","true","false","","","","28.12.2","false","","","false","Store Application","com.devsnc_sn_record_currency_connected","","false","false","false","28-07-2025 00:24:57","tectonic","","","","","","","false","sn_record_curre","","","","false","false","ECMAScript 2021 (ES12)","","","Distribution","28.12.2","false","","","false","false","","","","true","","","","false","","false","false","false","","","","Not applicable","Not applicable","None","","","true","false","false","","06-09-2026 21:08:48","system","487.149","","",""
"'@devsnc/sn-record-dropdown-internal","sn_record_dropdown","SN Dropdown Internal for Seismic","28.12.2","true","false","","","","28.12.2","false","","","false","Store Application","com.devsnc_sn_record_dropdown_internal","","false","false","false","28-07-2025 00:22:35","tectonic","","","","","","","false","sn_record_dropdown","","","","false","false","ECMAScript 2021 (ES12)","","","Distribution","28.12.2","false","","","false","false","","","","true","","","","false","","false","false","false","","","","Not applicable","Not applicable","None","","","true","false","false","","06-09-2026 21:08:45","system","487.149","","",""
"'@devsnc/sn-record-duration","sn_record_duration","SN Duration for Seismic","28.12.2","true","false","","","","28.12.2","false","","","false","Store Application","com.devsnc_sn_record_duration","","false","false","false","28-07-2025 00:24:58","tectonic","","","","","","","false","sn_record_duration","","","","false","false","ECMAScript 2021 (ES12)","","","Distribution","28.12.2","false","","","false","false","","","","true","","","","false","","false","false","false","","","","Not applicable","Not applicable","None","","","true","false","false","","06-09-2026 21:08:46","system","487.149","","",""
"'@devsnc/sn-record-email","sn_record_email","SN Email for Seismic","28.12.2","true","false","","","","28.12.2","false","","","false","Store Application","com.devsnc_sn_record_email","","false","false","false","28-07-2025 00:24:41","tectonic","","","","","","","false","sn_record_email","","","","false","false","ECMAScript 2021 (ES12)","","","Distribution","28.12.2","false","","","false","false","","","","true","","","","false","","false","false","false","","","","Not applicable","Not applicable","None","","","true","false","false","","06-09-2026 21:08:46","system","487.149","","",""
"'@devsnc/sn-record-field-list-connected","sn_record_field_li","Field List field","28.12.2","true","false","","","","28.12.2","false","","","false","Store Application","com.devsnc_sn_record_field_list_connected","","false","false","false","28-07-2025 00:24:46","tectonic","","","","","","","false","sn_record_field_li","","","","false","false","ECMAScript 2021 (ES12)","","","Distribution","28.12.2","false","","","false","false","","","","true","","","","false","","false","false","false","","","","Not applicable","Not applicable","None","","","true","false","false","","06-09-2026 21:08:48","system","487.149","","",""
"'@devsnc/sn-record-file-attachment","sn_record_file","File Attachment Form Control","28.12.2","true","false","","","","28.12.2","false","","","false","Store Application","com.devsnc_sn_record_file_attachment","","false","false","false","28-07-2025 00:24:58","tectonic","","","","","","","false","sn_record_file","","","","false","false","ECMAScript 2021 (ES12)","","","Distribution","28.12.2","false","","","false","false","","","","true","","","","false","","false","false","false","","","","Not applicable","Not applicable","None","","","true","false","false","","06-09-2026 21:08:46","system","487.149","","",""
"'@devsnc/sn-record-input","sn_record_input","SN Input for Seismic","28.12.2","true","false","","","","28.12.2","false","","","false","Store Application","com.devsnc_sn_record_input","","false","false","false","28-07-2025 00:24:58","tectonic","","","","","","","false","sn_record_input","","","","false","false","ECMAScript 2021 (ES12)","","","Distribution","28.12.2","false","","","false","false","","","","true","","","","false","","false","false","false","","","","Not applicable","Not applicable","None","","","true","false","false","","06-09-2026 21:08:46","system","487.149","","",""
"'@devsnc/sn-record-input-connected","sn_record_input_co","Connected Input Form Control","28.12.2","true","false","","","","28.12.2","false","","","false","Store Application","com.devsnc_sn_record_input_connected","","false","false","false","28-07-2025 00:25:15","tectonic","","","","","","","false","sn_record_input_co","","","","false","false","ECMAScript 2021 (ES12)","","","Distribution","28.12.2","false","","","false","false","","","","true","","","","false","","false","false","false","","","","Not applicable","Not applicable","None","","","true","false","false","","06-09-2026 21:08:46","system","487.149","","",""
"'@devsnc/sn-record-link","sn_record_link","Link control for Seismic","28.12.2","true","false","","","","28.12.2","false","","","false","Store Application","com.devsnc_sn_record_link","","false","false","false","28-07-2025 00:23:37","tectonic","","","","","","","false","sn_record_link","","","","false","false","ECMAScript 2021 (ES12)","","","Distribution","28.12.2","false","","","false","false","","","","true","","","","false","","false","false","false","","","","Not applicable","Not applicable","None","","","true","false","false","","06-09-2026 21:08:44","system","487.149","","",""
"'@devsnc/sn-record-list-select","sn_record_li_sel","Slushbucket field","28.12.2","true","false","","","","28.12.2","false","","","false","Store Application","com.devsnc_sn_record_list_select","","false","false","false","28-07-2025 00:24:46","tectonic","","","","","","","false","sn_record_li_sel","","","","false","false","ECMAScript 2021 (ES12)","","","Distribution","28.12.2","false","","","false","false","","","","true","","","","false","","false","false","false","","","","Not applicable","Not applicable","None","","","true","false","false","","06-09-2026 21:08:46","system","487.149","","",""
"'@devsnc/sn-record-name-value","sn_record_name_val","Name Value Component","28.12.2","true","false","","","","28.12.2","false","","","false","Store Application","com.devsnc_sn_record_name_value","","false","false","false","28-07-2025 00:24:56","tectonic","","","","","","","false","sn_record_name_val","","","","false","false","ECMAScript 2021 (ES12)","","","Distribution","28.12.2","false","","","false","false","","","","true","","","","false","","false","false","false","","","","Not applicable","Not applicable","None","","","true","false","false","","06-09-2026 21:08:48","system","487.149","","",""
"'@devsnc/sn-record-nowassist","sn_rec_nowassist","Common utilities used by nowassist","28.12.2","true","false","","","","28.12.2","false","","","false","Store Application","com.devsnc_sn_record_nowassist","","false","false","false","28-07-2025 00:22:59","tectonic","","","","","","","false","sn_rec_nowassist","","","","false","false","ECMAScript 2021 (ES12)","","","Distribution","28.12.2","false","","","false","false","","","","true","","","","false","","false","false","false","","","","Not applicable","Not applicable","None","","","true","false","false","","06-09-2026 21:08:47","system","487.149","","",""
"'@devsnc/sn-record-price-connected","sn_record_price_co","Connected Price Form Control","28.12.2","true","false","","","","28.12.2","false","","","false","Store Application","com.devsnc_sn_record_price_connected","","false","false","false","28-07-2025 00:23:48","tectonic","","","","","","","false","sn_record_price_co","","","","false","false","ECMAScript 2021 (ES12)","","","Distribution","28.12.2","false","","","false","false","","","","true","","","","false","","false","false","false","","","","Not applicable","Not applicable","None","","","true","false","false","","06-09-2026 21:08:48","system","487.149","","",""
"'@devsnc/sn-record-reference-connected","sn_record_referenc","Connected Reference Form Control (San Diego)","28.12.2","true","false","","","","28.12.2","false","","","false","Store Application","com.devsnc_sn_record_reference_connected","","false","false","false","28-07-2025 00:23:56","tectonic","","","","","","","false","sn_record_referenc","","","","false","false","ECMAScript 2021 (ES12)","","","Distribution","28.12.2","false","","","false","false","","","","true","","","","false","","false","false","false","","","","Not applicable","Not applicable","None","","","true","false","false","","06-09-2026 21:08:46","system","487.149","","",""
"'@devsnc/sn-record-tablename-connected","sn_record_tablenam","Seismic Table Name field type component","28.12.2","true","false","","","","28.12.2","false","","","false","Store Application","com.devsnc_sn_record_tablename_connected","","false","false","false","28-07-2025 00:23:55","tectonic","","","","","","","false","sn_record_tablenam","","","","false","false","ECMAScript 2021 (ES12)","","","Distribution","28.12.2","false","","","false","false","","","","true","","","","false","","false","false","false","","","","Not applicable","Not applicable","None","","","true","false","false","","06-09-2026 21:08:46","system","487.149","","",""
"'@devsnc/sn-record-tablename-connected","sn","Seismic Table Name field type component","24.10.2","true","false","","","","24.10.2","false","","","false","Store Application","com.devsnc_sn_record_tablename_connected","","false","false","false","16-06-2024 23:57:40","tectonic","","","","","","","false","sn","","","","false","false","ECMAScript 2021 (ES12)","","","Distribution","24.10.2","false","","","false","false","","","","true","","","","false","","false","false","false","","","","Not applicable","Not applicable","Monitor","","","true","false","false","","06-10-2024 23:37:29","system","477.390","","",""
"'@devsnc/sn-record-url","sn_record_url","URL Component for Glide Form Control","28.12.2","true","false","","","","28.12.2","false","","","false","Store Application","com.devsnc_sn_record_url","","false","false","false","28-07-2025 00:24:22","tectonic","","","","","","","false","sn_record_url","","","","false","false","ECMAScript 2021 (ES12)","","","Distribution","28.12.2","false","","","false","false","","","","true","","","","false","","false","false","false","","","","Not applicable","Not applicable","None","","","true","false","false","","06-09-2026 21:08:45","system","487.149","","",""
"'@devsnc/sn-record-user-roles-lookup-connected","sn_record_user_rol","User roles lookup field","28.12.2","true","false","","","","28.12.2","false","","","false","Store Application","com.devsnc_sn_record_user_roles_lookup_connected","","false","false","false","28-07-2025 00:24:32","tectonic","","","","","","","false","sn_record_user_rol","","","","false","false","ECMAScript 2021 (ES12)","","","Distribution","28.12.2","false","","","false","false","","","","true","","","","false","","false","false","false","","","","Not applicable","Not applicable","None","","","true","false","false","","06-09-2026 21:08:46","system","487.149","","",""
"'@devsnc/sn-record-version","sn_record_version","Version","28.12.2","true","false","","","","28.12.2","false","","","false","Store Application","com.devsnc_sn_record_version","","false","false","false","28-07-2025 00:23:54","tectonic","","","","","","","false","sn_record_version","","","","false","false","ECMAScript 2021 (ES12)","","","Distribution","28.12.2","false","","","false","false","","","","true","","","","false","","false","false","false","","","","Not applicable","Not applicable","None","","","true","false","false","","06-09-2026 21:08:45","system","487.149","","",""
"'@devsnc/sn-related-content","sn_related_content","View Related content like Helpful articles most viewed blogs, etc","28.9.0","true","false","","","","28.9.0","false","","","false","Store Application","com.devsnc_sn_related_content","","false","false","false","14-04-2026 01:17:50","tectonic","","","","","","","false","sn_related_content","","","","false","false","ECMAScript 2021 (ES12)","","","Distribution","28.9.0","false","","","false","false","","","","true","","","","false","","false","false","false","","","","Not applicable","Not applicable","Monitor","","","true","false","false","","09-06-2026 02:02:57","system","493.376","","",""
"'@devsnc/sn-response-templates","sn_response_temp","Seismic Component for ServiceNow","23.0.1","true","false","","","","23.0.1","false","","","false","Store Application","com.devsnc_sn_response_templates","","false","false","false","03-11-2022 02:16:29","tectonic","","","","","","","false","sn_response_temp","","","","false","false","ES5 Standards Mode","","","Distribution","23.0.1","false","","","false","false","","","","true","","","","false","","false","false","false","","","","Not applicable","Not applicable","Monitor","","","true","false","false","","09-11-2023 19:00:16","PKE","463.186","","",""
"'@devsnc/sn-scripted-modal","sn_modal_field_set","Generice modal component","28.0.4","true","false","","","","28.0.4","false","","","false","Store Application","com.devsnc_sn_scripted_modal","","false","false","false","26-06-2024 13:24:23","tectonic","","","","","","","false","sn_modal_field_set","","","","false","false","ECMAScript 2021 (ES12)","","","Distribution","28.0.4","false","","","false","false","","","","true","","","","false","","false","false","false","","","","Not applicable","Not applicable","Monitor","","","true","false","false","","06-11-2025 18:15:17","PKE","477.622","","",""
"'@devsnc/sn-scripting-environment","sn_form_script_env","'@devsnc/sn-scripting-environment","28.10.2","true","false","","","","28.10.2","false","","","false","Store Application","com.devsnc_sn_scripting_environment","","false","false","false","10-07-2025 19:40:19","tectonic","","","","","","","false","sn_form_script_env","","","","false","false","ECMAScript 2021 (ES12)","","","Distribution","28.10.2","false","","","false","false","","","","true","","","","false","","false","false","false","","","","Not applicable","Not applicable","None","","","true","false","false","","06-09-2026 21:08:46","system","486.738","","",""
"'@devsnc/sn-search-combobox","sn_search_combobox","A seismic component that allows user to search and provide suggestions.","28.9.4","true","false","[{""id"":""standard_terms_unsigned"",""order"":11,""message"":""Store Terms Not Accepted"",""tooltip"":""Store Terms and Conditions must be reviewed and accepted. "",""link"":""Please visit the Store to complete.|https://store.servicenow.com/nav_to.do?uri=/app/acbfa7221ba46a50a85b16db234bcb34"",""type"":""error"",""show_as_filter"":true},{""message"":""Sync Required"",""tooltip"":""Click on 'Sync now' on App Manager's page and refresh this page to see the latest status."",""type"":""warning"",""link"":""Go to App Manager Homepage|/now/app-manager""}]","","","28.9.4","false","","","false","Store Application","com.devsnc_sn_search_combobox","Zurich;","false","false","false","16-08-2024 15:39:30","tectonic","0","","No demo data","","","","false","sn_search_combobox","","27-10-2022 18:46:25","","false","true","ECMAScript 2021 (ES12)","","[]","Out of Band","28.9.4","false","","","false","false","","","Free","true","[]","","undefined","false","","false","false","true","undefined","","","Not applicable","Not applicable","None","","","true","false","false","06-11-2025 17:56:24","06-09-2026 21:08:45","system","478.865","","",""
"'@devsnc/sn-search-facets","sn_search_facets","Facet orchestrator to manage different facet types","28.9.4","true","false","[{""id"":""standard_terms_unsigned"",""order"":11,""message"":""Store Terms Not Accepted"",""tooltip"":""Store Terms and Conditions must be reviewed and accepted. "",""link"":""Please visit the Store to complete.|https://store.servicenow.com/nav_to.do?uri=/app/88a27fee1ba46a50a85b16db234bcb61"",""type"":""error"",""show_as_filter"":true},{""message"":""Sync Required"",""tooltip"":""Click on 'Sync now' on App Manager's page and refresh this page to see the latest status."",""type"":""warning"",""link"":""Go to App Manager Homepage|/now/app-manager""}]","","","28.9.4","false","","","false","Store Application","com.devsnc_sn_search_facets","Zurich;","false","false","false","10-09-2024 18:26:05","tectonic","0","","No demo data","","","","false","sn_search_facets","","27-10-2022 18:32:44","","false","true","ECMAScript 2021 (ES12)","","[]","Out of Band","28.9.4","false","","","false","false","","","Free","true","[]","","undefined","false","","false","false","true","undefined","","","Not applicable","Not applicable","None","","","true","false","false","06-11-2025 17:56:02","06-09-2026 21:08:47","system","479.466","","",""
"'@devsnc/sn-search-genius-card-assist","sn_search_gen_assi","Component to assist in creating genius cards","28.9.4","true","false","[{""id"":""standard_terms_unsigned"",""order"":11,""message"":""Store Terms Not Accepted"",""tooltip"":""Store Terms and Conditions must be reviewed and accepted. "",""link"":""Please visit the Store to complete.|https://store.servicenow.com/nav_to.do?uri=/app/7cef27621ba46a50a85b16db234bcbbe"",""type"":""error"",""show_as_filter"":true},{""message"":""Sync Required"",""tooltip"":""Click on 'Sync now' on App Manager's page and refresh this page to see the latest status."",""type"":""warning"",""link"":""Go to App Manager Homepage|/now/app-manager""}]","","","28.9.4","false","","","false","Store Application","com.devsnc_sn_search_genius_card_assist","Zurich;","false","false","false","24-02-2025 15:34:21","tectonic","0","","No demo data","","","","false","sn_search_gen_assi","","27-10-2022 18:46:48","","false","true","ECMAScript 2021 (ES12)","","[]","Out of Band","28.9.4","false","","","false","false","","","Free","true","[]","","undefined","false","","false","false","true","undefined","","","Not applicable","Not applicable","None","","","true","false","false","06-11-2025 17:56:15","06-09-2026 21:08:48","system","483.473","","",""
"'@devsnc/sn-search-genius-cards","sn_search_gen_card","Package to house out of box genius cards","28.9.4","true","false","[{""id"":""standard_terms_unsigned"",""order"":11,""message"":""Store Terms Not Accepted"",""tooltip"":""Store Terms and Conditions must be reviewed and accepted. "",""link"":""Please visit the Store to complete.|https://store.servicenow.com/nav_to.do?uri=/app/81d1ffaa1ba46a50a85b16db234bcb7c"",""type"":""error"",""show_as_filter"":true},{""message"":""Sync Required"",""tooltip"":""Click on 'Sync now' on App Manager's page and refresh this page to see the latest status."",""type"":""warning"",""link"":""Go to App Manager Homepage|/now/app-manager""}]","","","28.9.4","false","","","false","Store Application","com.devsnc_sn_search_genius_cards","Yokohama;","false","false","false","10-09-2024 19:08:06","tectonic","0","","No demo data","","","","false","sn_search_gen_card","","27-10-2022 18:44:57","","false","true","ECMAScript 2021 (ES12)","","[]","Out of Band","28.9.4","false","","","false","false","","","Free","true","[]","","undefined","false","","false","false","true","undefined","","","Not applicable","Not applicable","None","","","true","false","false","06-11-2025 17:56:13","06-09-2026 21:08:48","system","479.468","","",""
"'@devsnc/sn-search-result-evam-card","sn_search_res_card","Search Result Evam Card","28.9.4","true","false","[{""id"":""standard_terms_unsigned"",""order"":11,""message"":""Store Terms Not Accepted"",""tooltip"":""Store Terms and Conditions must be reviewed and accepted. "",""link"":""Please visit the Store to complete.|https://store.servicenow.com/nav_to.do?uri=/app/b73ceb6e1b246a50a85b16db234bcb81"",""type"":""error"",""show_as_filter"":true},{""message"":""Sync Required"",""tooltip"":""Click on 'Sync now' on App Manager's page and refresh this page to see the latest status."",""type"":""warning"",""link"":""Go to App Manager Homepage|/now/app-manager""}]","","","28.9.4","false","","","false","Store Application","com.devsnc_sn_search_result_evam_card","Zurich;","false","false","false","10-09-2024 18:54:33","tectonic","0","","No demo data","","","","false","sn_search_res_card","","27-10-2022 18:34:42","","false","true","ECMAScript 2021 (ES12)","","[]","Out of Band","28.9.4","false","","","false","false","","","Free","true","[]","","undefined","false","","false","false","true","undefined","","","Not applicable","Not applicable","None","","","true","false","false","06-11-2025 17:56:20","06-09-2026 21:08:45","system","479.466","","",""
"'@devsnc/sn-search-result-wrapper","sn_search_result_w","Wrapper component for Zing and AI Search results page","28.9.4","true","false","[{""id"":""standard_terms_unsigned"",""order"":11,""message"":""Store Terms Not Accepted"",""tooltip"":""Store Terms and Conditions must be reviewed and accepted. "",""link"":""Please visit the Store to complete.|https://store.servicenow.com/nav_to.do?uri=/app/d2f86f2e1be06a50a85b16db234bcbce"",""type"":""error"",""show_as_filter"":true},{""message"":""Sync Required"",""tooltip"":""Click on 'Sync now' on App Manager's page and refresh this page to see the latest status."",""type"":""warning"",""link"":""Go to App Manager Homepage|/now/app-manager""}]","","","28.9.4","false","","","false","Store Application","com.devsnc_sn_search_result_wrapper","Zurich;","false","false","false","18-11-2024 12:02:42","tectonic","0","","No demo data","","","","false","sn_search_result_w","","27-10-2022 18:41:31","","false","true","ECMAScript 2021 (ES12)","","[]","Out of Band","28.9.4","false","","","false","false","","","Free","true","[]","","undefined","false","","false","false","true","undefined","","","Not applicable","Not applicable","None","","","true","false","false","06-11-2025 17:56:06","06-09-2026 21:08:47","system","481.119","","",""
"'@devsnc/sn-search-results-container","sn_search_results","Seismic Component for Search Results","28.9.4","true","false","[{""id"":""standard_terms_unsigned"",""order"":11,""message"":""Store Terms Not Accepted"",""tooltip"":""Store Terms and Conditions must be reviewed and accepted. "",""link"":""Please visit the Store to complete.|https://store.servicenow.com/nav_to.do?uri=/app/99ceebea1b646a50a85b16db234bcb8a"",""type"":""error"",""show_as_filter"":true},{""message"":""Sync Required"",""tooltip"":""Click on 'Sync now' on App Manager's page and refresh this page to see the latest status."",""type"":""warning"",""link"":""Go to App Manager Homepage|/now/app-manager""}]","","","28.9.4","false","","","false","Store Application","com.devsnc_sn_search_results_container","Zurich;","false","false","false","19-08-2024 11:13:40","tectonic","0","","No demo data","","","","false","sn_search_results","","27-10-2022 18:47:04","","false","true","ECMAScript 2021 (ES12)","","[]","Out of Band","28.9.4","false","","","false","false","","","Free","true","[]","","undefined","false","","false","false","true","undefined","","","Not applicable","Not applicable","None","","","true","false","false","06-11-2025 17:56:24","06-09-2026 21:08:46","system","478.935","","",""
"'@devsnc/sn-search-top-results","sn_search_tr","show top results on AI Search enabled search results page","28.9.4","true","false","[{""id"":""standard_terms_unsigned"",""order"":11,""message"":""Store Terms Not Accepted"",""tooltip"":""Store Terms and Conditions must be reviewed and accepted. "",""link"":""Please visit the Store to complete.|https://store.servicenow.com/nav_to.do?uri=/app/8ffd82c61b0be654746da7da234bcb50"",""type"":""error"",""show_as_filter"":true},{""message"":""Sync Required"",""tooltip"":""Click on 'Sync now' on App Manager's page and refresh this page to see the latest status."",""type"":""warning"",""link"":""Go to App Manager Homepage|/now/app-manager""}]","","","28.9.4","false","","","false","Store Application","com.devsnc_sn_search_top_results","Zurich;","false","false","false","04-10-2024 11:59:55","tectonic","0","","No demo data","","","","false","sn_search_tr","","07-11-2024 18:41:32","","false","true","ECMAScript 2021 (ES12)","","[]","Out of Band","28.9.4","false","","","false","false","","","Free","true","[]","","undefined","false","","false","false","true","undefined","","","Not applicable","Not applicable","None","","","true","false","false","06-11-2025 17:56:02","06-09-2026 21:08:48","system","480.035","","",""
"'@devsnc/sn-service-mapping","sn_service_mapping","","23.1.3","true","false","","","","23.1.3","false","","","false","Store Application","com.devsnc_sn_service_mapping","","false","false","false","15-01-2025 01:29:42","tectonic","","","","","","","false","sn_service_mapping","","","","false","false","ES5 Standards Mode","","","Distribution","23.1.3","false","","","false","false","","","","true","","","","false","","false","false","false","","","","Not applicable","Not applicable","Monitor","","","true","false","false","","06-11-2025 18:15:16","PKE","482.482","","",""
"'@devsnc/sn-star-rating","sn_star_rating","generic seismic component for star rating","28.0.1","true","false","","","","28.0.1","false","","","false","Store Application","com.devsnc_sn_star_rating","","false","false","false","07-04-2025 05:54:45","tectonic","","","","","","","false","sn_star_rating","","","","false","false","ECMAScript 2021 (ES12)","","","Distribution","28.0.1","false","","","false","false","","","","true","","","","false","","false","false","false","","","","Not applicable","Not applicable","Monitor","","","true","false","false","","06-11-2025 18:15:16","PKE","484.452","","",""
"'@devsnc/sn-tab-filter","sn_tab_filter","Sesimic component for tab filters","28.9.4","true","false","[{""id"":""standard_terms_unsigned"",""order"":11,""message"":""Store Terms Not Accepted"",""tooltip"":""Store Terms and Conditions must be reviewed and accepted. "",""link"":""Please visit the Store to complete.|https://store.servicenow.com/nav_to.do?uri=/app/54bb23ea1b246a50a85b16db234bcb86"",""type"":""error"",""show_as_filter"":true},{""message"":""Sync Required"",""tooltip"":""Click on 'Sync now' on App Manager's page and refresh this page to see the latest status."",""type"":""warning"",""link"":""Go to App Manager Homepage|/now/app-manager""}]","","","28.9.4","false","","","false","Store Application","com.devsnc_sn_tab_filter","Yokohama;","false","false","false","16-04-2024 12:58:35","tectonic","0","","No demo data","","","","false","sn_tab_filter","","27-10-2022 18:44:30","","false","true","ECMAScript 2021 (ES12)","","[]","Out of Band","28.9.4","false","","","false","false","","","Free","true","[]","","undefined","false","","false","false","true","undefined","","","Not applicable","Not applicable","None","","","true","false","false","06-11-2025 17:56:22","06-09-2026 21:08:47","system","475.932","","",""
"'@devsnc/sn-ui-logger","sn_devsnc_sn_ui_lo","Providing a client logger library for UX Frameworks and Seismic to use to implement traceability.","0.0.7","true","false","","","","0.0.7","false","","","false","Store Application","com.devsnc_sn_ui_logger","","false","false","false","08-03-2024 15:56:26","tectonic","","","","","","","false","sn_devsnc_sn_ui_lo","","","","false","false","ECMAScript 2021 (ES12)","","","Distribution","0.0.7","false","","","false","false","","","","true","","","","false","","false","false","false","","","","Not applicable","Not applicable","Monitor","","","true","false","false","","07-11-2024 19:29:07","ADMMUF","474.987","","",""
"'@devsnc/sn-ui-menu-util","sn_ui_menu_util","Component for creating menus that show up in the utility section of the top bar in Unified Navigation.","28.0.1","true","false","","","","28.0.1","false","","","false","Store Application","com.devsnc_sn_ui_menu_util","","false","false","false","14-03-2025 11:14:24","tectonic","","","","","","","false","sn_ui_menu_util","","","","false","false","ECMAScript 2021 (ES12)","","","Distribution","28.0.1","false","","","false","false","","","","true","","","","false","","false","false","false","","","","Not applicable","Not applicable","Monitor","","","true","false","false","","06-11-2025 18:15:17","PKE","483.883","","",""
"'@devsnc/sn-uibtk-actionable-list-item","sn_uibtk_action_li","An actionable list which supports dynamic wiring.","28.1.62","true","false","[]","","","28.1.62","false","","","false","Store Application","com.devsnc_sn_uibtk_actionable_list_item","Zurich;","false","false","false","09-10-2024 16:04:47","tectonic","0","","No demo data","","","","false","sn_uibtk_action_li","","07-11-2024 18:22:26","","false","true","ECMAScript 2021 (ES12)","","[]","Out of Band","28.2.100","true","","","false","false","","","Free","true","[]","","undefined","false","","false","false","true","undefined","","","Not applicable","Not applicable","Monitor","","","true","false","true","06-11-2025 18:27:36","10-09-2026 22:58:04","system","480.161","","ServiceNow","sn"
"'@devsnc/sn-uibtk-builder-in-builder","sn_uibtk_builder","Supports using the unified developer bridge to open another builder","28.1.62","true","false","[]","","","28.1.62","false","","","false","Store Application","com.devsnc_sn_uibtk_builder_in_builder","Zurich;","false","false","false","09-10-2024 16:05:02","tectonic","0","","No demo data","sn_uibtk_modal:28.1.62","","","false","sn_uibtk_builder","","07-11-2024 18:44:31","","false","true","ECMAScript 2021 (ES12)","","[]","Out of Band","28.2.100","true","","","false","false","","","Free","true","[]","","undefined","false","","false","false","true","undefined","","","Not applicable","Not applicable","Monitor","","","true","false","true","06-11-2025 18:27:40","10-09-2026 22:58:00","system","480.161","","ServiceNow","sn"
"'@devsnc/sn-uibtk-client-state-config-panel","sn_uibtk_cl_st_cfg","UIB Toolkit Component description goes here...","28.1.62","true","false","[]","","","28.1.62","false","","","false","Store Application","com.devsnc_sn_uibtk_client_state_config_panel","Zurich;","false","false","false","09-10-2024 16:05:18","tectonic","0","","No demo data","sn_uibtk_shlf_pane:28.1.62","","","false","sn_uibtk_cl_st_cfg","","07-11-2024 18:22:56","","false","true","ECMAScript 2021 (ES12)","","[]","Out of Band","28.2.100","true","","","false","false","","","Free","true","[]","","undefined","false","","false","false","true","undefined","","","Not applicable","Not applicable","Monitor","","","true","false","true","06-11-2025 18:27:44","10-09-2026 22:58:04","system","480.160","","ServiceNow","sn"
"'@devsnc/sn-uibtk-conditional-renderer","sn_uibtk_condirend","UIB Toolkit Component description goes here...","28.1.62","true","false","[]","","","28.1.62","false","","","false","Store Application","com.devsnc_sn_uibtk_conditional_renderer","Zurich;","false","false","false","06-11-2025 17:13:02","tectonic","0","","No demo data","sn_uibtk_drag_list:28.1.62, sn_uibtk_props_pan:28.1.62, sn_uibtk_ext_pp:28.1.62, sn_uibtk_toolbox:28.1.62","","","false","sn_uibtk_condirend","","06-11-2025 17:56:59","","false","true","ECMAScript 2021 (ES12)","","[]","Out of Band","28.2.100","true","","","false","false","","","Free","true","[]","","undefined","false","","false","false","true","undefined","","","Not applicable","Not applicable","Monitor","","","true","false","true","06-11-2025 18:28:13","10-09-2026 22:57:59","system","15","","ServiceNow","sn"
"'@devsnc/sn-uibtk-content-tree-picker","sn_uibtk_content_t","This component provides the ability to list the items passed, in a content tree & provides search functionality","28.1.62","true","false","[]","","","28.1.62","false","","","false","Store Application","com.devsnc_sn_uibtk_content_tree_picker","Zurich;","false","false","false","09-10-2024 16:05:37","tectonic","0","","No demo data","","","","false","sn_uibtk_content_t","","07-11-2024 18:33:02","","false","true","ECMAScript 2021 (ES12)","","[]","Out of Band","28.2.100","true","","","false","false","","","Free","true","[]","","undefined","false","","false","false","true","undefined","","","Not applicable","Not applicable","Monitor","","","true","false","true","06-11-2025 18:28:14","10-09-2026 22:58:03","system","480.159","","ServiceNow","sn"
"'@devsnc/sn-uibtk-create-page","sn_uibtk_create_pa","UIB Create Page Flow Component","28.1.62","true","false","[]","","","28.1.62","false","","","false","Store Application","com.devsnc_sn_uibtk_create_page","Zurich;","false","false","false","09-10-2024 16:06:07","tectonic","0","","No demo data","sn_uibtk_modal:28.1.62, sn_uibtk_props_pan:28.1.62","","","false","sn_uibtk_create_pa","","07-11-2024 18:34:06","","false","true","ECMAScript 2021 (ES12)","","[]","Out of Band","28.2.100","true","","","false","false","","","Free","true","[]","","undefined","false","","false","false","true","undefined","","","Not applicable","Not applicable","Monitor","","","true","false","true","06-11-2025 18:28:17","10-09-2026 22:57:59","system","480.162","","ServiceNow","sn"
"'@devsnc/sn-uibtk-data-navigator","sn_uibtk_data_navi","This component is used to display the data resource/client state/client script anatomy of a page","28.1.62","true","false","[]","","","28.1.62","false","","","false","Store Application","com.devsnc_sn_uibtk_data_navigator","Zurich;","false","false","false","09-10-2024 16:06:56","tectonic","0","","No demo data","sn_uibtk_content_t:28.1.62","","","false","sn_uibtk_data_navi","","07-11-2024 18:43:55","","false","true","ECMAScript 2021 (ES12)","","[]","Out of Band","28.2.100","true","","","false","false","","","Free","true","[]","","undefined","false","","false","false","true","undefined","","","Not applicable","Not applicable","Monitor","","","true","false","true","06-11-2025 18:28:22","10-09-2026 22:57:51","system","480.162","","",""
"'@devsnc/sn-uibtk-delete-confirmation","sn_uibtk_del_mod","UIB Delete Confirmation Component","24.1.33","true","false","","","","24.1.33","false","","","false","Store Application","com.devsnc_sn_uibtk_delete_confirmation","","false","false","false","24-01-2024 09:50:17","tectonic","","","","","","","false","sn_uibtk_del_mod","","","","false","false","ECMAScript 2021 (ES12)","","","Distribution","24.1.33","false","","","false","false","","","","true","","","","false","","false","false","false","","","","Not applicable","Not applicable","Monitor","","","true","false","false","","15-04-2024 16:56:25","system","473.922","","",""
"'@devsnc/sn-uibtk-diff-renderer","sn_uibtk_diff_rend","The component renders a diff view for 2 versions of a given record.","28.1.62","true","false","[]","","","28.1.62","false","","","false","Store Application","com.devsnc_sn_uibtk_diff_renderer","Zurich;","false","false","false","06-11-2025 17:13:40","tectonic","0","","No demo data","sn_uibtk_mcp:28.1.62, sn_uibtk_elem_nav:28.1.62","","","false","sn_uibtk_diff_rend","","06-11-2025 17:56:54","","false","true","ECMAScript 2021 (ES12)","","[]","Out of Band","28.2.100","true","","","false","false","","","Free","true","[]","","undefined","false","","false","false","true","undefined","","","Not applicable","Not applicable","Monitor","","","true","false","true","06-11-2025 18:28:41","10-09-2026 22:57:54","system","15","","ServiceNow","sn"
"'@devsnc/sn-uibtk-domain-picker","sn_uibtk_domain_pi","This component will fetch the list of domains and updates applied domain. Dispatches action, if another domain is applied, secondary action is clicked","28.1.62","true","false","[]","","","28.1.62","false","","","false","Store Application","com.devsnc_sn_uibtk_domain_picker","Zurich;","false","false","false","09-10-2024 16:07:08","tectonic","0","","No demo data","sn_uibtk_content_t:28.1.62","","","false","sn_uibtk_domain_pi","","07-11-2024 18:44:32","","false","true","ECMAScript 2021 (ES12)","","[]","Out of Band","28.2.100","true","","","false","false","","","Free","true","[]","","undefined","false","","false","false","true","undefined","","","Not applicable","Not applicable","Monitor","","","true","false","true","06-11-2025 18:28:23","10-09-2026 22:57:44","system","480.160","","ServiceNow","sn"
"'@devsnc/sn-uibtk-draggable-dialog","sn_uibtk_draggable","UIB Toolkit Component description goes here...","28.1.62","true","false","[]","","","28.1.62","false","","","false","Store Application","com.devsnc_sn_uibtk_draggable_dialog","Zurich;","false","false","false","09-10-2024 16:07:21","tectonic","0","","No demo data","","","","false","sn_uibtk_draggable","","07-11-2024 18:44:33","","false","true","ECMAScript 2021 (ES12)","","[]","Out of Band","28.2.100","true","","","false","false","","","Free","true","[]","","undefined","false","","false","false","true","undefined","","","Not applicable","Not applicable","Monitor","","","true","false","true","06-11-2025 18:28:25","10-09-2026 22:57:45","system","480.159","","ServiceNow","sn"
"'@devsnc/sn-uibtk-draggable-list","sn_uibtk_drag_list","A component for managing lists of items that can be dragged to re-order","28.1.62","true","false","[]","","","28.1.62","false","","","false","Store Application","com.devsnc_sn_uibtk_draggable_list","Zurich;","false","false","false","09-10-2024 16:07:35","tectonic","0","","No demo data","","","","false","sn_uibtk_drag_list","","07-11-2024 18:22:30","","false","true","ECMAScript 2021 (ES12)","","[]","Out of Band","28.2.100","true","","","false","false","","","Free","true","[]","","undefined","false","","false","false","true","undefined","","","Not applicable","Not applicable","Monitor","","","true","false","true","06-11-2025 18:27:51","10-09-2026 22:57:52","system","480.159","","ServiceNow","sn"
"'@devsnc/sn-uibtk-editor-header","sn_uibtk_edtr_hdr","This component renders the header of any UI Builder or editor with multiple functionality like menu popover, editor scaling, test value editor, undo redo feature, preview and saving the content.","28.1.62","true","false","[]","","","28.1.62","false","","","false","Store Application","com.devsnc_sn_uibtk_editor_header","Zurich;","false","false","false","09-10-2024 16:25:42","tectonic","0","","No demo data","sn_uibtk_menu_elmt:28.1.62, sn_uibtk_ex_assist:28.1.62, sn_uibtk_ff_ctrls:28.1.62, sn_uibtk_diff_rend:28.1.62","","","false","sn_uibtk_edtr_hdr","","07-11-2024 18:44:36","","false","true","ECMAScript 2021 (ES12)","","[]","Out of Band","28.2.100","true","","","false","false","","","Free","true","[]","","undefined","false","","false","false","true","undefined","","","Not applicable","Not applicable","Monitor","","","true","false","true","06-11-2025 18:28:44","10-09-2026 22:57:50","system","480.160","","ServiceNow","sn"
"'@devsnc/sn-uibtk-element-context-menu","sn_uibtk_element_c","Context menu for builders","28.1.62","true","false","[]","","","28.1.62","false","","","false","Store Application","com.devsnc_sn_uibtk_element_context_menu","Zurich;","false","false","false","09-10-2024 16:08:00","tectonic","0","","No demo data","","","","false","sn_uibtk_element_c","","07-11-2024 18:44:38","","false","true","ECMAScript 2021 (ES12)","","[]","Out of Band","28.2.100","true","","","false","false","","","Free","true","[]","","undefined","false","","false","false","true","undefined","","","Not applicable","Not applicable","Monitor","","","true","false","true","06-11-2025 18:28:52","10-09-2026 22:57:42","system","480.159","","ServiceNow","sn"
"'@devsnc/sn-uibtk-element-navigator","sn_uibtk_elem_nav","This component is used to display the element/modal anatomy of a page","28.1.62","true","false","[]","","","28.1.62","false","","","false","Store Application","com.devsnc_sn_uibtk_element_navigator","Zurich;","false","false","false","09-10-2024 16:08:53","tectonic","0","","No demo data","sn_uibtk_icon:28.1.62","","","false","sn_uibtk_elem_nav","","07-11-2024 18:33:23","","false","true","ECMAScript 2021 (ES12)","","[]","Out of Band","28.2.100","true","","","false","false","","","Free","true","[]","","undefined","false","","false","false","true","undefined","","","Not applicable","Not applicable","Monitor","","","true","false","true","06-11-2025 18:28:39","10-09-2026 22:57:55","system","480.160","","ServiceNow","sn"
"'@devsnc/sn-uibtk-element-properties-configuration-pane","sn_uibtk_epcp","This component renders properties configuration panel for an element on the right side under config tab","28.1.62","true","false","[]","","","28.1.62","false","","","false","Store Application","com.devsnc_sn_uibtk_element_properties_configuration_pane","Zurich;","false","false","false","09-10-2024 16:08:32","tectonic","0","","No demo data","sn_uibtk_action_li:28.1.62, sn_uibtk_commons:28.1.62, sn_uibtk_ext_pp:28.1.62, sn_uibtk_is_hidden:28.1.62, sn_uibtk_mcp:28.1.62, sn_uibtk_props_pan:28.1.62, sn_uibtk_replace_c:28.1.62, sn_uibtk_shlf_pane:28.1.62, sn_uibtk_tabs:28.1.62, sn_uibtk_text_link:28.1.62, sn_uibtk_ux_value:28.1.62, sn_uibtk_vpcp:28.1.62","","","false","sn_uibtk_epcp","","07-11-2024 18:22:51","","false","true","ECMAScript 2021 (ES12)","","[]","Out of Band","28.2.100","true","","","false","false","","","Free","true","[]","","undefined","false","","false","false","true","undefined","","","Not applicable","Not applicable","Monitor","","","true","false","true","06-11-2025 18:30:09","10-09-2026 22:57:57","system","480.164","","ServiceNow","sn"
"'@devsnc/sn-uibtk-events-pane","sn_uibtk_events_pa","UIB Toolkit Event Mapping Configuration Pane","28.1.62","true","false","[]","","","28.1.62","false","","","false","Store Application","com.devsnc_sn_uibtk_events_pane","Zurich;","false","true","false","09-10-2024 16:09:29","tectonic","0","","No demo data","sn_uibtk_props_pan:28.1.62","","","false","sn_uibtk_events_pa","","07-11-2024 18:44:41","","false","true","ECMAScript 2021 (ES12)","","[]","Out of Band","28.2.100","true","","","false","false","","","Free","true","[]","","undefined","false","","false","false","true","undefined","","","Not applicable","Not applicable","Monitor","","","true","false","true","06-11-2025 18:29:03","11-09-2026 19:50:53","system","480.160","","ServiceNow","sn"
"'@devsnc/sn-uibtk-experience-assistant","sn_uibtk_ex_assist","UIB Toolkit Component description goes here...","28.1.62","true","false","[]","","","28.1.62","false","","","false","Store Application","com.devsnc_sn_uibtk_experience_assistant","Zurich;","false","false","false","09-10-2024 16:10:00","tectonic","0","","No demo data","","","","false","sn_uibtk_ex_assist","","07-11-2024 18:39:42","","false","true","ECMAScript 2021 (ES12)","","[]","Out of Band","28.2.100","true","","","false","false","","","Free","true","[]","","undefined","false","","false","false","true","undefined","","","Not applicable","Not applicable","Monitor","","","true","false","true","06-11-2025 18:28:32","11-09-2026 19:50:57","system","480.159","","ServiceNow","sn"
"'@devsnc/sn-uibtk-experience-list","sn_uibtk_experienc","This component shows the list of experiences along with the control to create new experience. Currently It's being used in homepage of ui builder","26.0.41","true","false","","","","26.0.41","false","","","false","Store Application","com.devsnc_sn_uibtk_experience_list","","false","false","false","19-07-2024 11:53:26","tectonic","","","No demo data","com.glide.uxbuilder:sys, com.servicenow_now_button:sys, com.servicenow_now_loader:sys, com.servicenow_now_modal:sys, com.servicenow_now_input:sys, com.servicenow_now_alert:sys, com.servicenow_now_typeahead:sys, com.servicenow_now_record_list_connected:sys, sn_uibtk_props_pan:26.0.41, sn_uibtk_loader:26.0.41, sn_uibtk_text_link:26.0.41, sn_uibtk_create_pa:26.0.41","","","false","sn_uibtk_experienc","","07-11-2024 18:44:42","","false","true","ECMAScript 2021 (ES12)","","","Out of Band","26.0.41","true","","","false","false","","","","true","[]","","","false","","false","false","true","","","","Not applicable","Not applicable","Monitor","","","true","false","false","07-11-2024 18:44:42","16-12-2025 10:00:11","ADMMUF","478.173","","ServiceNow","sn"
"'@devsnc/sn-uibtk-extension-point-pane","sn_uibtk_ext_pp","Design time management and display for extension points","28.1.62","true","false","[]","","","28.1.62","false","","","false","Store Application","com.devsnc_sn_uibtk_extension_point_pane","Zurich;","false","false","false","09-10-2024 16:10:27","tectonic","0","","No demo data","sn_uibtk_drag_list:28.1.62, sn_uibtk_props_pan:28.1.62","","","false","sn_uibtk_ext_pp","","07-11-2024 18:22:40","","false","true","ECMAScript 2021 (ES12)","","[]","Out of Band","28.2.100","true","","","false","false","","","Free","true","[]","","undefined","false","","false","false","true","undefined","","","Not applicable","Not applicable","Monitor","","","true","false","true","06-11-2025 18:28:09","11-09-2026 19:50:56","system","480.160","","ServiceNow","sn"
"'@devsnc/sn-uibtk-features-catalog-modal","sn_uibtk_features_","This component render What`s new modal which displays features that are added to the current release.","28.1.62","true","false","[]","","","28.1.62","false","","","false","Store Application","com.devsnc_sn_uibtk_features_catalog_modal","Zurich;","false","false","false","09-10-2024 16:10:50","tectonic","0","","No demo data","","","","false","sn_uibtk_features_","","07-11-2024 18:44:43","","false","true","ECMAScript 2021 (ES12)","","[]","Out of Band","28.2.100","true","","","false","false","","","Free","true","[]","","undefined","false","","false","false","true","undefined","","","Not applicable","Not applicable","Monitor","","","true","false","true","06-11-2025 18:29:05","11-09-2026 19:50:52","system","480.159","","ServiceNow","sn"
"'@devsnc/sn-uibtk-form-factor-controls","sn_uibtk_ff_ctrls","This component is a form-factor control for builders which contains controls to select a form-factor while page authoring","28.1.62","true","false","[]","","","28.1.62","false","","","true","Store Application","com.devsnc_sn_uibtk_form_factor_controls","Zurich;","false","false","false","09-10-2024 16:11:11","tectonic","0","","No demo data","sn_uibtk_commons:28.1.62","","","false","sn_uibtk_ff_ctrls","","07-11-2024 20:06:36","","false","true","ECMAScript 2021 (ES12)","","[]","Out of Band","28.2.100","true","","","false","false","","","Free","true","[]","","undefined","false","","false","false","true","undefined","","","Not applicable","Not applicable","Monitor","","","true","false","true","06-11-2025 18:28:34","11-09-2026 19:50:54","system","480.160","","ServiceNow","sn"
"'@devsnc/sn-uibtk-formula-builder","sn_uibtk_frmla_bld","UIB Toolkit Component description goes here...","28.1.62","true","false","[]","","","28.1.62","false","","","false","Store Application","com.devsnc_sn_uibtk_formula_builder","Zurich;","false","false","false","09-10-2024 16:11:43","tectonic","0","","No demo data","","","","false","sn_uibtk_frmla_bld","","07-11-2024 18:44:44","","false","true","ECMAScript 2021 (ES12)","","[]","Out of Band","28.2.100","true","","","false","false","","","Free","true","[]","","undefined","false","","false","false","true","undefined","","","Not applicable","Not applicable","Monitor","","","true","false","true","06-11-2025 18:29:07","11-09-2026 19:50:57","system","480.159","","",""
"'@devsnc/sn-uibtk-icon","sn_uibtk_icon","UIB Toolkit Component description goes here...","28.1.62","true","false","[]","","","28.1.62","false","","","false","Store Application","com.devsnc_sn_uibtk_icon","Zurich;","false","false","false","09-10-2024 16:11:53","tectonic","0","","No demo data","","","","false","sn_uibtk_icon","","07-11-2024 18:28:38","","false","true","ECMAScript 2021 (ES12)","","[]","Out of Band","28.2.100","true","","","false","false","","","Free","true","[]","","undefined","false","","false","false","true","undefined","","","Not applicable","Not applicable","Monitor","","","true","false","true","06-11-2025 18:28:37","11-09-2026 19:50:57","system","480.159","","ServiceNow","sn"
"'@devsnc/sn-uibtk-instance-config-editor","sn_uibtk_instance_","This component displayed in popover is used to edit the component's label/id and to reset the component to default configuration.","28.1.62","true","false","[]","","","28.1.62","false","","","false","Store Application","com.devsnc_sn_uibtk_instance_config_editor","Zurich;","false","false","false","09-10-2024 16:12:17","tectonic","0","","No demo data","","","","false","sn_uibtk_instance_","","07-11-2024 18:44:46","","false","true","ECMAScript 2021 (ES12)","","[]","Out of Band","28.2.100","true","","","false","false","","","Free","true","[]","","undefined","false","","false","false","true","undefined","","","Not applicable","Not applicable","Monitor","","","true","false","true","06-11-2025 18:29:09","11-09-2026 19:50:53","system","480.159","","ServiceNow","sn"
"'@devsnc/sn-uibtk-is-hidden-property-input","sn_uibtk_is_hidden","This handles the component visibility of the component added in UIB","28.1.62","true","false","[]","","","28.1.62","false","","","false","Store Application","com.devsnc_sn_uibtk_is_hidden_property_input","Zurich;","false","false","false","09-10-2024 16:12:31","tectonic","0","","No demo data","sn_uibtk_props_pan:28.1.62","","","false","sn_uibtk_is_hidden","","07-11-2024 18:22:42","","false","true","ECMAScript 2021 (ES12)","","[]","Out of Band","28.2.100","true","","","false","false","","","Free","true","[]","","undefined","false","","false","false","true","undefined","","","Not applicable","Not applicable","Monitor","","","true","false","true","06-11-2025 18:29:11","11-09-2026 19:50:53","system","480.160","","ServiceNow","sn"
"'@devsnc/sn-uibtk-json-navigator","sn_uibtk_json_nav","This component will explore data in a declarative drag & drop UI format to enable UI-workflow during visual data binding.","28.1.62","true","false","[]","","","28.1.62","false","","","false","Store Application","com.devsnc_sn_uibtk_json_navigator","Zurich;","false","false","false","09-10-2024 16:13:02","tectonic","0","","No demo data","","","","false","sn_uibtk_json_nav","","07-11-2024 18:34:08","","false","true","ECMAScript 2021 (ES12)","","[]","Out of Band","28.2.100","true","","","false","false","","","Free","true","[]","","undefined","false","","false","false","true","undefined","","","Not applicable","Not applicable","Monitor","","","true","false","true","06-11-2025 18:29:13","11-09-2026 19:50:53","system","480.159","","ServiceNow","sn"
"'@devsnc/sn-uibtk-loader","sn_uibtk_loader","This component renders the loading screen with progress-bar, logo animation and text to display while loading","28.1.62","true","false","[]","","","28.1.62","false","","","false","Store Application","com.devsnc_sn_uibtk_loader","Zurich;","false","false","false","09-10-2024 16:13:15","tectonic","0","","No demo data","","","","false","sn_uibtk_loader","","07-11-2024 18:22:37","","false","true","ECMAScript 2021 (ES12)","","[]","Out of Band","28.2.100","true","","","false","false","","","Free","true","[]","","undefined","false","","false","false","true","undefined","","","Not applicable","Not applicable","Monitor","","","true","false","true","06-11-2025 18:28:02","11-09-2026 19:50:54","system","480.159","","ServiceNow","sn"
"'@devsnc/sn-uibtk-mcp-event-definitions-config-pane","sn_uibtk_mcp_edcp","Macroponent event definitions configuration pane","28.1.62","true","false","[]","","","28.1.62","false","","","false","Store Application","com.devsnc_sn_uibtk_mcp_event_definitions_config_pane","Zurich;","false","false","false","09-10-2024 16:26:10","tectonic","0","","No demo data","sn_uibtk_param_row:28.1.62, sn_uibtk_commons:28.1.62, sn_uibtk_action_li:28.1.62","","","false","sn_uibtk_mcp_edcp","","07-11-2024 18:45:07","","false","true","ECMAScript 2021 (ES12)","","[]","Out of Band","28.2.100","true","","","false","false","","","Free","true","[]","","undefined","false","","false","false","true","undefined","","","Not applicable","Not applicable","Monitor","","","true","false","true","06-11-2025 18:29:59","11-09-2026 19:50:56","system","480.160","","ServiceNow","sn"
"'@devsnc/sn-uibtk-mcp-props-config-pane","sn_uibtk_mc_pr_cfg","This component renders the Property pane for the Macroponent properties. Also allow user to add properties definition with a modal","28.1.62","true","false","[]","","","28.1.62","false","","","false","Store Application","com.devsnc_sn_uibtk_mcp_props_config_pane","Zurich;","false","false","false","09-10-2024 16:13:46","tectonic","0","","No demo data","sn_uibtk_props_pan:28.1.62, sn_uibtk_commons:28.1.62","","","false","sn_uibtk_mc_pr_cfg","","07-11-2024 18:45:08","","false","true","ECMAScript 2021 (ES12)","","[]","Out of Band","28.2.100","true","","","false","false","","","Free","true","[]","","undefined","false","","false","false","true","undefined","","","Not applicable","Not applicable","Monitor","","","true","false","true","06-11-2025 18:30:03","11-09-2026 19:50:53","system","480.160","","ServiceNow","sn"
"'@devsnc/sn-uibtk-menu-elements","sn_uibtk_menu_elmt","This toolkit component render hierarchical menu elements with option to add action to each element","28.1.62","true","false","[]","","","28.1.62","false","","","false","Store Application","com.devsnc_sn_uibtk_menu_elements","Zurich;","false","false","false","09-10-2024 16:25:56","tectonic","0","","No demo data","","","","false","sn_uibtk_menu_elmt","","07-11-2024 18:44:35","","false","true","ECMAScript 2021 (ES12)","","[]","Out of Band","28.2.100","true","","","false","false","","","Free","true","[]","","undefined","false","","false","false","true","undefined","","","Not applicable","Not applicable","Monitor","","","true","false","true","06-11-2025 18:28:29","11-09-2026 19:50:55","system","480.159","","ServiceNow","sn"
"'@devsnc/sn-uibtk-minimized-dialogs-dropdown","sn_uibtk_min_dlg","This component will be used for showing minimized modeless dialogs","28.1.62","true","false","[]","","","28.1.62","false","","","false","Store Application","com.devsnc_sn_uibtk_minimized_dialogs_dropdown","Zurich;","false","false","false","09-10-2024 16:14:02","tectonic","0","","No demo data","","","","false","sn_uibtk_min_dlg","","07-11-2024 18:45:05","","false","true","ECMAScript 2021 (ES12)","","[]","Out of Band","28.2.100","true","","","false","false","","","Free","true","[]","","undefined","false","","false","false","true","undefined","","","Not applicable","Not applicable","Monitor","","","true","false","true","06-11-2025 18:29:55","11-09-2026 19:50:54","system","480.159","","ServiceNow","sn"
"'@devsnc/sn-uibtk-modal","sn_uibtk_modal","A flexible alternative to now-modal","28.1.62","true","false","[]","","","28.1.62","false","","","false","Store Application","com.devsnc_sn_uibtk_modal","Zurich;","false","false","false","09-10-2024 16:14:18","tectonic","0","","No demo data","","","","false","sn_uibtk_modal","","07-11-2024 18:29:04","","false","true","ECMAScript 2021 (ES12)","","[]","Out of Band","28.2.100","true","","","false","false","","","Free","true","[]","","undefined","false","","false","false","true","undefined","","","Not applicable","Not applicable","Monitor","","","true","false","true","06-11-2025 18:27:39","11-09-2026 19:50:57","system","480.159","","ServiceNow","sn"
"'@devsnc/sn-uibtk-node-info-card","sn_uibtk_node_info","UIB Toolkit Component that display repeater node info","24.1.33","true","false","","","","24.1.33","false","","","false","Store Application","com.devsnc_sn_uibtk_node_info_card","","false","false","false","24-01-2024 09:48:57","tectonic","","","","","","","false","sn_uibtk_node_info","","","","false","false","ECMAScript 2021 (ES12)","","","Distribution","24.1.33","false","","","false","false","","","","true","","","","false","","false","false","false","","","","Not applicable","Not applicable","Monitor","","","true","false","false","","15-04-2024 16:56:23","system","473.922","","",""
"'@devsnc/sn-uibtk-page-collection-list","sn_uibtk_page_coll","UIB Toolkit Component to show the list of page collections.","26.0.41","true","false","","","","26.0.41","false","","","false","Store Application","com.devsnc_sn_uibtk_page_collection_list","","false","false","false","19-07-2024 11:48:55","tectonic","","","No demo data","com.glide.uxbuilder:sys, com.servicenow_now_text_link:sys, com.servicenow_now_loader:sys, com.servicenow_now_record_list_connected:sys, com.servicenow_now_illustration:sys","","","false","sn_uibtk_page_coll","","07-11-2024 18:44:48","","false","true","ECMAScript 2021 (ES12)","","","Out of Band","26.0.41","true","","","false","false","","","","true","[]","","","false","","false","false","true","","","","Not applicable","Not applicable","Monitor","","","true","false","false","07-11-2024 18:44:48","16-12-2025 10:00:11","ADMMUF","478.173","","ServiceNow","sn"
"'@devsnc/sn-uibtk-param-row","sn_uibtk_param_row","UIB Toolkit Component description goes here...","28.1.62","true","false","[]","","","28.1.62","false","","","false","Store Application","com.devsnc_sn_uibtk_param_row","Zurich;","false","false","false","09-10-2024 16:14:42","tectonic","0","","No demo data","","","","false","sn_uibtk_param_row","","07-11-2024 18:43:12","","false","true","ECMAScript 2021 (ES12)","","[]","Out of Band","28.2.100","true","","","false","false","","","Free","true","[]","","undefined","false","","false","false","true","undefined","","","Not applicable","Not applicable","Monitor","","","true","false","true","06-11-2025 18:29:14","11-09-2026 19:50:57","system","480.159","","ServiceNow","sn"
"'@devsnc/sn-uibtk-placeholder","sn_uibtk_plchldr","UIB Toolkit Component description goes here...","28.1.62","true","false","[]","","","28.1.62","false","","","false","Store Application","com.devsnc_sn_uibtk_placeholder","Zurich;","false","false","false","09-10-2024 16:14:54","tectonic","0","","No demo data","","","","false","sn_uibtk_plchldr","","07-11-2024 18:44:49","","false","true","ECMAScript 2021 (ES12)","","[]","Out of Band","28.2.100","true","","","false","false","","","Free","true","[]","","undefined","false","","false","false","true","undefined","","","Not applicable","Not applicable","Monitor","","","true","false","true","06-11-2025 18:29:16","11-09-2026 19:50:55","system","480.159","","ServiceNow","sn"
"'@devsnc/sn-uibtk-preset-pane","sn_uibtk_preset_pn","Preset Pane component provides configuration and updating the preset","28.1.62","true","false","[]","","","28.1.62","false","","","false","Store Application","com.devsnc_sn_uibtk_preset_pane","Zurich;","false","false","false","09-10-2024 16:15:17","tectonic","0","","No demo data","","","","false","sn_uibtk_preset_pn","","07-11-2024 18:33:19","","false","true","ECMAScript 2021 (ES12)","","[]","Out of Band","28.2.100","true","","","false","false","","","Free","true","[]","","undefined","false","","false","false","true","undefined","","","Not applicable","Not applicable","Monitor","","","true","false","true","06-11-2025 18:29:18","11-09-2026 19:50:57","system","480.159","","ServiceNow","sn"
"'@devsnc/sn-uibtk-props-pane","sn_uibtk_props_pan","UXF Macroponent Property configuration pane","28.1.62","true","false","[]","","","28.1.62","false","","","false","Store Application","com.devsnc_sn_uibtk_props_pane","Zurich;","false","false","false","09-10-2024 16:16:40","tectonic","0","","No demo data","sn_ux_formula_test:28.1.1, sn_uibtk_loader:28.1.62, sn_list-selector:24.1.1","","","false","sn_uibtk_props_pan","","07-11-2024 18:22:40","","false","true","ECMAScript 2021 (ES12)","","[]","Out of Band","28.2.100","true","","","false","false","","","Free","true","[]","","undefined","false","","false","false","true","undefined","","","Not applicable","Not applicable","Monitor","","","true","false","true","06-11-2025 18:28:07","11-09-2026 19:50:52","system","480.169","","ServiceNow","sn"
"'@devsnc/sn-uibtk-replace-component","sn_uibtk_replace_c","This component handles to replace tabs with viewport tabs and viewport headless modal with viewport configuration.","28.1.62","true","false","[]","","","28.1.62","false","","","false","Store Application","com.devsnc_sn_uibtk_replace_component","Zurich;","false","false","false","09-10-2024 16:17:03","tectonic","0","","No demo data","","","","false","sn_uibtk_replace_c","","07-11-2024 18:22:44","","false","true","ECMAScript 2021 (ES12)","","[]","Out of Band","28.2.100","true","","","false","false","","","Free","true","[]","","undefined","false","","false","false","true","undefined","","","Not applicable","Not applicable","Monitor","","","true","false","true","06-11-2025 18:29:20","11-09-2026 19:50:53","system","480.159","","ServiceNow","sn"
"'@devsnc/sn-uibtk-scope-picker","sn_uibtk_scope_pic","This handles the scope updating in the UIB header","28.1.62","true","false","[]","","","28.1.62","false","","","false","Store Application","com.devsnc_sn_uibtk_scope_picker","Zurich;","false","false","false","09-10-2024 16:17:16","tectonic","0","","No demo data","sn_uibtk_content_t:28.1.62","","","false","sn_uibtk_scope_pic","","07-11-2024 18:44:50","","false","true","ECMAScript 2021 (ES12)","","[]","Out of Band","28.2.100","true","","","false","false","","","Free","true","[]","","undefined","false","","false","false","true","undefined","","","Not applicable","Not applicable","Monitor","","","true","false","true","06-11-2025 18:29:21","11-09-2026 19:50:54","system","480.160","","ServiceNow","sn"
"'@devsnc/sn-uibtk-script-config-panel","sn_uibtk_scriptcfg","Script Config Panel comprising of 3 subcomponents which renders associated client script data.","28.1.62","true","false","[]","","","28.1.62","false","","","false","Store Application","com.devsnc_sn_uibtk_script_config_panel","Zurich;","false","false","false","09-10-2024 16:17:39","tectonic","0","","No demo data","","","","false","sn_uibtk_scriptcfg","","07-11-2024 18:29:00","","false","true","ECMAScript 2021 (ES12)","","[]","Out of Band","28.2.100","true","","","false","false","","","Free","true","[]","","undefined","false","","false","false","true","undefined","","","Not applicable","Not applicable","Monitor","","","true","false","true","06-11-2025 18:29:23","11-09-2026 19:50:57","system","480.159","","ServiceNow","sn"
"'@devsnc/sn-uibtk-searchable-container","sn_uibtk_srch_con","Sn Uibtk Searchable Container","26.2.76","true","false","[{""id"":""incompatible"",""order"":1,""message"":""Incompatible"",""tooltip"":""Your instance and app version are incompatible. Please make sure to select a compatible app version."",""type"":""error"",""show_as_filter"":true}]","","","26.2.76","false","","","false","Store Application","com.devsnc_sn_uibtk_searchable_container","Xanadu;","false","false","false","09-10-2024 16:17:53","tectonic","0","","No demo data","com.glide.uxbuilder:sys, com.servicenow_now_icon:sys, com.servicenow_now_input:sys","","","false","sn_uibtk_srch_con","","07-11-2024 18:44:51","","false","true","ECMAScript 2021 (ES12)","","[]","Out of Band","26.2.76","true","","","false","false","","","Free","true","[]","","undefined","false","","false","false","true","undefined","","","Not applicable","Not applicable","Monitor","","","true","false","false","07-11-2024 20:07:12","05-06-2026 04:51:16","system","480.150","","ServiceNow","sn"
"'@devsnc/sn-uibtk-shelf-pane","sn_uibtk_shlf_pane","UIB Toolkit Component description goes here...","28.1.62","true","false","[]","","","28.1.62","false","","","false","Store Application","com.devsnc_sn_uibtk_shelf_pane","Zurich;","false","false","false","09-10-2024 16:18:16","tectonic","0","","No demo data","","","","false","sn_uibtk_shlf_pane","","07-11-2024 18:22:45","","false","true","ECMAScript 2021 (ES12)","","[]","Out of Band","28.2.100","true","","","false","false","","","Free","true","[]","","undefined","false","","false","false","true","undefined","","","Not applicable","Not applicable","Monitor","","","true","false","true","06-11-2025 18:27:42","11-09-2026 19:50:52","system","480.159","","ServiceNow","sn"
"'@devsnc/sn-uibtk-site-map","sn_uibtk_site_map","UXF Experience Site Map","28.1.62","true","false","[]","","","28.1.62","false","","","false","Store Application","com.devsnc_sn_uibtk_site_map","Zurich;","false","true","false","09-10-2024 16:21:11","tectonic","0","","No demo data","sn_uibtk_transacti:28.1.62, sn_uibtk_modal:28.1.62, sn_uibtk_scope_pic:28.1.62, sn_uibtk_features_:28.1.62, sn_uibtk_domain_pi:28.1.62, sn_uibtk_content_t:28.1.62, sn_uibtk_create_pa:28.1.62, sn_uibtk_loader:28.1.62, sn_uibtk_element_c:28.1.62, sn_uibtk_props_pan:28.1.62","","","false","sn_uibtk_site_map","","07-11-2024 18:44:57","","false","true","ECMAScript 2021 (ES12)","","[]","Out of Band","28.2.100","true","","","false","false","","","Free","true","[]","","undefined","false","","false","false","true","undefined","","","Not applicable","Not applicable","Monitor","","","true","false","true","06-11-2025 18:29:38","11-09-2026 19:50:57","system","480.165","","ServiceNow","sn"
"'@devsnc/sn-uibtk-stage-control-surface","sn_uibtk_stage_con","UIB Toolkit Component description goes here...","26.0.41","true","false","","","","26.0.41","false","","","false","Store Application","com.devsnc_sn_uibtk_stage_control_surface","","false","false","false","19-07-2024 11:47:53","tectonic","","","No demo data","com.glide.uxbuilder:sys","","","false","sn_uibtk_stage_con","","07-11-2024 18:32:56","","false","true","ECMAScript 2021 (ES12)","","","Out of Band","26.0.41","true","","","false","false","","","","true","[]","","","false","","false","false","true","","","","Not applicable","Not applicable","Monitor","","","true","false","false","07-11-2024 18:32:56","16-12-2025 10:00:11","ADMMUF","478.173","","ServiceNow","sn"
"'@devsnc/sn-uibtk-stage-element-controls","sn_uibtk_stage_ele","UIB Toolkit Component description goes here...","26.0.41","true","false","","","","26.0.41","false","","","false","Store Application","com.devsnc_sn_uibtk_stage_element_controls","","false","false","false","19-07-2024 11:52:18","tectonic","","","No demo data","com.glide.uxbuilder:sys, com.servicenow_now_icon:sys, com.servicenow_now_tooltip:sys","","","false","sn_uibtk_stage_ele","","07-11-2024 18:44:59","","false","true","ECMAScript 2021 (ES12)","","","Out of Band","26.0.41","true","","","false","false","","","","true","[]","","","false","","false","false","true","","","","Not applicable","Not applicable","Monitor","","","true","false","false","07-11-2024 18:44:59","16-12-2025 10:00:11","ADMMUF","478.173","","ServiceNow","sn"
"'@devsnc/sn-uibtk-stage-preview","sn_uibtk_stage_pre","UIB Toolkit Component description goes here...","28.1.62","true","false","[]","","","28.1.62","false","","","false","Store Application","com.devsnc_sn_uibtk_stage_preview","Zurich;","false","false","false","09-10-2024 16:21:49","tectonic","0","","No demo data","sn_uibtk_modal:28.1.62, sn_uibtk_test_valu:28.1.62, sn_uibtk_ff_ctrls:28.1.62","","","false","sn_uibtk_stage_pre","","07-11-2024 18:33:00","","false","true","ECMAScript 2021 (ES12)","","[]","Out of Band","28.2.100","true","","","false","false","","","Free","true","[]","","undefined","false","","false","false","true","undefined","","","Not applicable","Not applicable","Monitor","","","true","false","true","06-11-2025 18:29:42","11-09-2026 19:50:55","system","480.160","","ServiceNow","sn"
"'@devsnc/sn-uibtk-stage-renderer","sn_uibtk_stage","UIB Toolkit Component description goes here...","26.0.41","true","false","","","","26.0.41","false","","","false","Store Application","com.devsnc_sn_uibtk_stage_renderer","","false","false","false","19-07-2024 11:48:56","tectonic","","","No demo data","com.glide.uxbuilder:sys, sn_uibtk_tabs:26.0.41","","","false","sn_uibtk_stage","","07-11-2024 18:45:00","","false","true","ECMAScript 2021 (ES12)","","","Out of Band","26.0.41","true","","","false","false","","","","true","[]","","","false","","false","false","true","","","","Not applicable","Not applicable","Monitor","","","true","false","false","07-11-2024 18:45:00","16-12-2025 10:00:11","ADMMUF","478.173","","ServiceNow","sn"
"'@devsnc/sn-uibtk-stage-scale-controls","sn_uibtk_stage_sca","UIB Toolkit Component description goes here...","28.1.62","true","false","[]","","","28.1.62","false","","","false","Store Application","com.devsnc_sn_uibtk_stage_scale_controls","Zurich;","false","false","false","09-10-2024 16:21:59","tectonic","0","","No demo data","","","","false","sn_uibtk_stage_sca","","07-11-2024 18:45:01","","false","true","ECMAScript 2021 (ES12)","","[]","Out of Band","28.2.100","true","","","false","false","","","Free","true","[]","","undefined","false","","false","false","true","undefined","","","Not applicable","Not applicable","Monitor","","","true","false","true","06-11-2025 18:29:43","10-09-2026 22:58:00","system","480.159","","ServiceNow","sn"
"'@devsnc/sn-uibtk-style-pane","sn_uibtk_style_pn","UIB Toolkit Component description goes here...","28.1.62","true","false","[]","","","28.1.62","false","","","false","Store Application","com.devsnc_sn_uibtk_style_pane","Zurich;","false","false","false","09-10-2024 16:22:25","tectonic","0","","No demo data","sn_uibtk_sty_sel:28.1.62, sn_uibtk_props_pan:28.1.62","","","false","sn_uibtk_style_pn","","07-11-2024 18:22:54","","false","true","ECMAScript 2021 (ES12)","","[]","Out of Band","28.2.100","true","","","false","false","","","Free","true","[]","","undefined","false","","false","false","true","undefined","","","Not applicable","Not applicable","Monitor","","","true","false","true","06-11-2025 18:29:49","11-09-2026 19:50:55","system","480.161","","ServiceNow","sn"
"'@devsnc/sn-uibtk-style-provider","sn_uibtk_sty_prov","UIB Toolkit Component description goes here...","28.1.62","true","false","[]","","","28.1.62","false","","","false","Store Application","com.devsnc_sn_uibtk_style_provider","Zurich;","false","false","false","09-10-2024 16:22:38","tectonic","0","","No demo data","","","","false","sn_uibtk_sty_prov","","07-11-2024 18:45:03","","false","true","ECMAScript 2021 (ES12)","","[]","Out of Band","28.2.100","true","","","false","false","","","Free","true","[]","","undefined","false","","false","false","true","undefined","","","Not applicable","Not applicable","Monitor","","","true","false","true","06-11-2025 18:29:50","11-09-2026 19:50:56","system","480.159","","ServiceNow","sn"
"'@devsnc/sn-uibtk-style-select","sn_uibtk_sty_sel","UIB Toolkit Component description goes here...","28.1.62","true","false","[]","","","28.1.62","false","","","false","Store Application","com.devsnc_sn_uibtk_style_select","Zurich;","false","false","false","09-10-2024 16:22:53","tectonic","0","","No demo data","","","","false","sn_uibtk_sty_sel","","07-11-2024 18:22:53","","false","true","ECMAScript 2021 (ES12)","","[]","Out of Band","28.2.100","true","","","false","false","","","Free","true","[]","","undefined","false","","false","false","true","undefined","","","Not applicable","Not applicable","Monitor","","","true","false","true","06-11-2025 18:29:46","10-09-2026 22:57:58","system","480.159","","ServiceNow","sn"
"'@devsnc/sn-uibtk-tabs","sn_uibtk_tabs","Design time management and display for tabs","28.1.62","true","false","[]","","","28.1.62","false","","","false","Store Application","com.devsnc_sn_uibtk_tabs","Zurich;","false","false","false","09-10-2024 16:23:12","tectonic","0","","No demo data","sn_ux_formula_test:28.1.1, sn_uibtk_ext_pp:28.1.62, sn_uibtk_drag_list:28.1.62, sn_uibtk_props_pan:28.1.62","","","false","sn_uibtk_tabs","","07-11-2024 18:22:46","","false","true","ECMAScript 2021 (ES12)","","[]","Out of Band","28.2.100","true","","","false","false","","","Free","true","[]","","undefined","false","","false","false","true","undefined","","","Not applicable","Not applicable","Monitor","","","true","false","true","06-11-2025 18:29:52","10-09-2026 22:57:50","system","480.161","","ServiceNow","sn"
"'@devsnc/sn-uibtk-test-values-editor","sn_uibtk_test_valu","UIB Toolkit Component description goes here...","28.1.62","true","false","[]","","","28.1.62","false","","","false","Store Application","com.devsnc_sn_uibtk_test_values_editor","Zurich;","false","false","false","09-10-2024 16:23:43","tectonic","0","","No demo data","sn_uibtk_props_pan:28.1.62, sn_uibtk_transacti:28.1.62","","","false","sn_uibtk_test_valu","","07-11-2024 18:32:59","","false","true","ECMAScript 2021 (ES12)","","[]","Out of Band","28.2.100","true","","","false","false","","","Free","true","[]","","undefined","false","","false","false","true","undefined","","","Not applicable","Not applicable","Monitor","","","true","false","true","06-11-2025 18:29:40","10-09-2026 22:58:04","system","480.160","","ServiceNow","sn"
"'@devsnc/sn-uibtk-text-link","sn_uibtk_text_link","Component to show some text with a link","28.1.62","true","false","[]","","","28.1.62","false","","","false","Store Application","com.devsnc_sn_uibtk_text_link","Zurich;","false","false","false","09-10-2024 16:23:55","tectonic","0","","No demo data","","","","false","sn_uibtk_text_link","","07-11-2024 18:22:47","","false","true","ECMAScript 2021 (ES12)","","[]","Out of Band","28.2.100","true","","","false","false","","","Free","true","[]","","undefined","false","","false","false","true","undefined","","","Not applicable","Not applicable","Monitor","","","true","false","true","06-11-2025 18:29:54","10-09-2026 22:58:02","system","480.159","","ServiceNow","sn"
"'@devsnc/sn-uibtk-toolbox","sn_uibtk_toolbox","Toolbox component consisting of layouts and components in UIB","28.1.62","true","false","[]","","","28.1.62","false","","","false","Store Application","com.devsnc_sn_uibtk_toolbox","Zurich;","false","false","false","09-10-2024 16:24:27","tectonic","0","","No demo data","","","","false","sn_uibtk_toolbox","","07-11-2024 18:45:04","","false","true","ECMAScript 2021 (ES12)","","[]","Out of Band","28.2.100","true","","","false","false","","","Free","true","[]","","undefined","false","","false","false","true","undefined","","","Not applicable","Not applicable","Monitor","","","true","false","true","06-11-2025 18:28:11","10-09-2026 22:58:00","system","480.160","","ServiceNow","sn"
"'@devsnc/sn-uibtk-transaction-alert","sn_uibtk_transacti","This component appears when we try to load/edit/save a UIB page to show additional information related to application and action which might need to be taken.","28.1.62","true","false","[]","","","28.1.62","false","","","false","Store Application","com.devsnc_sn_uibtk_transaction_alert","Zurich;","false","false","false","09-10-2024 16:24:54","tectonic","0","","No demo data","","","","false","sn_uibtk_transacti","","07-11-2024 18:32:58","","false","true","ECMAScript 2021 (ES12)","","[]","Out of Band","28.2.100","true","","","false","false","","","Free","true","[]","","undefined","false","","false","false","true","undefined","","","Not applicable","Not applicable","Monitor","","","true","false","true","06-11-2025 18:29:28","10-09-2026 22:57:53","system","480.159","","ServiceNow","sn"
"'@devsnc/sn-uibtk-uxf-mcp-renderer","sn_uibtk_uxf_stage","UIB Toolkit Component description goes here...","26.0.41","true","false","","","","26.0.41","false","","","false","Store Application","com.devsnc_sn_uibtk_uxf_mcp_renderer","","false","false","false","19-07-2024 11:50:05","tectonic","","","No demo data","com.glide.uxbuilder:sys","","","false","sn_uibtk_uxf_stage","","07-11-2024 18:28:59","","false","true","ECMAScript 2021 (ES12)","","","Out of Band","26.0.41","true","","","false","false","","","","true","[]","","","false","","false","false","true","","","","Not applicable","Not applicable","Monitor","","","true","false","false","07-11-2024 18:28:59","16-12-2025 10:00:11","ADMMUF","478.175","","ServiceNow","sn"
"'@devsnc/sn-uibtk-viewport-config-panel","sn_uibtk_vpcp","SN-UIBTK viewport config panel","28.1.62","true","false","[]","","","28.1.62","false","","","false","Store Application","com.devsnc_sn_uibtk_viewport_config_panel","Zurich;","false","false","false","09-10-2024 16:25:10","tectonic","0","","No demo data","sn_uibtk_drag_list:28.1.62, sn_uibtk_props_pan:28.1.62","","","false","sn_uibtk_vpcp","","07-11-2024 18:22:49","","false","true","ECMAScript 2021 (ES12)","","[]","Out of Band","28.2.100","true","","","false","false","","","Free","true","[]","","undefined","false","","false","false","true","undefined","","","Not applicable","Not applicable","Monitor","","","true","false","true","06-11-2025 18:30:05","10-09-2026 22:57:51","system","480.160","","ServiceNow","sn"
"'@devsnc/sn-user-preferences-modal","user_preference_mo","Unified Navigation User Preferences Modal","28.12.3","true","false","","","","28.12.3","false","","","false","Store Application","com.devsnc_sn_user_preferences_modal","","false","false","false","06-11-2025 17:43:45","tectonic","","","","","","","false","user_preference_mo","","","","false","false","ECMAScript 2021 (ES12)","","","Distribution","28.12.3","false","","","false","false","","","","true","","","","false","","false","false","false","","","","Not applicable","Not applicable","None","","","true","false","false","","06-09-2026 21:08:48","system","19","","",""
"'@devsnc/sn-vtb","sn_vtb","Visual Task Board","25.6.2","true","false","[]","","","25.6.2","false","","","false","Store Application","com.devsnc_sn_vtb","Washington DC;Xanadu;Yokohama;Zurich;","false","false","false","20-05-2025 07:05:05","tectonic","0","","Has demo data","","","","false","sn_vtb","","07-11-2024 18:23:01","","false","true","ECMAScript 2021 (ES12)","","[]","Out of Band","26.0.1","true","","","false","false","","","Free","true","[]","","undefined","false","","false","false","true","undefined","","","Not applicable","Not applicable","Monitor","","","true","false","true","06-11-2025 17:56:19","10-07-2026 14:04:26","system","485.489","","",""
"'@devsnc/sn-workspace-list-module","sn_workspace_list2","List Module entry point comprising now-record-list-menu-connected and now-record-list-connected","25.0.0","true","false","","","","25.0.0","false","","","false","Store Application","com.devsnc_sn_workspace_list_module","","false","false","false","07-07-2023 16:20:46","tectonic","","","","","","","false","sn_workspace_list2","","","","false","false","ES5 Standards Mode","","","Distribution","25.0.0","false","","","false","false","","","","true","","","","false","","false","false","false","","","","Not applicable","Not applicable","Monitor","","","true","false","false","","07-11-2024 19:29:03","ADMMUF","469.103","","",""
"'@devsnc/uibtk-api","sn_uibtk_api","Builder API's scoped metadata records (script includes and endpoints)","28.1.62","true","false","[]","","","28.1.62","false","","","false","Store Application","com.devsnc_uibtk_api","Zurich;","false","false","false","24-01-2024 12:44:19","tectonic","0","","No demo data","","","","false","sn_uibtk_api","","07-11-2024 18:34:11","","false","true","ECMAScript 2021 (ES12)","","[]","Out of Band","28.2.100","false","","","false","false","sn_uibtk_api/@devsnc/uibtk-api/28.1.62/package.json","","Free","true","[]","","undefined","false","","false","false","true","undefined","","","Not applicable","Not applicable","Monitor","","","true","true","true","06-11-2025 18:27:25","10-09-2026 22:58:00","system","473.933","","ServiceNow","sn"
"'@devsnc/uibtk-uxf-assets","sn_uibtk_uxfassets","Builder related uxf metadata records (presets, bundles and more)","28.1.62","true","false","[]","","","28.1.62","false","","","false","Store Application","com.devsnc_uibtk_uxf_assets","Zurich;","false","false","false","08-09-2023 00:15:52","tectonic","0","","No demo data","","","","false","sn_uibtk_uxfassets","","07-11-2024 18:43:57","","false","true","ECMAScript 2021 (ES12)","","[]","Out of Band","28.2.100","true","","","false","false","","","Free","true","[]","","undefined","false","","false","false","true","undefined","","","Not applicable","Not applicable","Monitor","","","true","true","true","06-11-2025 18:29:57","10-09-2026 22:58:01","system","470.602","","ServiceNow","sn"
"'@now-par-components/macroponent-provider","sn_par_macroponent","","28.3.0","true","false","","","","28.3.0","false","","","false","Store Application","com.now_par_components_macroponent_provider","","false","false","false","27-08-2024 08:23:33","tectonic","","","No demo data","","","","true","sn_par_macroponent","","09-11-2023 18:02:54","","true","true","ECMAScript 2021 (ES12)","","","Out of Band","28.5.6","true","","","false","false","","","","true","[]","","","false","","false","false","true","","","","Not applicable","Not applicable","Monitor","","","true","false","true","15-03-2026 17:02:39","11-09-2026 19:50:56","system","479.118","","",""
"'@now-par-components/sn-par-additional-group-by","sn_addit_group_by","Group by selector for visualization framework","28.3.0","true","false","","","","28.3.0","false","","","false","Store Application","com.now_par_components_sn_par_additional_group_by","","false","false","false","27-08-2024 08:26:36","tectonic","","","No demo data","","","","true","sn_addit_group_by","","09-11-2023 18:04:13","","true","true","ECMAScript 2021 (ES12)","","","Out of Band","28.5.6","true","","","false","false","","","","true","[]","","","false","","false","false","true","","","","Not applicable","Not applicable","Monitor","","","true","false","true","15-03-2026 17:02:38","11-09-2026 19:50:57","system","479.118","","",""
"'@now-par-components/sn-par-aggregate-selector","sn_par_aggregate","Component for selecting aggregate","23.0.10","true","false","","","","23.0.10","false","","","false","Store Application","com.now_par_components_sn_par_aggregate_selector","","false","false","false","07-04-2025 11:44:10","tectonic","","","","","","","false","sn_par_aggregate","","","","false","false","ECMAScript 2021 (ES12)","","","Distribution","23.0.10","false","","","false","false","","","","true","","","","false","","false","false","false","","","","Not applicable","Not applicable","Monitor","","","true","false","false","","06-11-2025 18:15:16","PKE","484.458","","",""
"'@now-par-components/sn-par-breakdowns","sn_par_breakdowns","Seismic Component for ServiceNow","28.3.0","true","false","","","","28.3.0","false","","","false","Store Application","com.now_par_components_sn_par_breakdowns","","false","false","false","27-08-2024 08:29:25","tectonic","","","No demo data","","","","true","sn_par_breakdowns","","09-11-2023 18:02:28","","true","true","ECMAScript 2021 (ES12)","","","Out of Band","28.5.6","true","","","false","false","","","","true","[]","","","false","","false","false","true","","","","Not applicable","Not applicable","Monitor","","","true","false","true","15-03-2026 17:02:40","11-09-2026 19:50:54","system","479.118","","",""
"'@now-par-components/sn-par-chart-size","sn_par_chart_size","Chart size configuration component","28.3.0","true","false","","","","28.3.0","false","","","false","Store Application","com.now_par_components_sn_par_chart_size","","false","false","false","27-08-2024 08:23:14","tectonic","","","No demo data","","","","true","sn_par_chart_size","","09-11-2023 18:02:36","","true","true","ECMAScript 2021 (ES12)","","","Out of Band","28.5.5","true","","","false","false","","","","true","[]","","","false","","false","false","true","","","","Not applicable","Not applicable","Monitor","","","true","false","true","15-03-2026 17:02:40","12-08-2026 05:20:56","system","479.117","","",""
"'@now-par-components/sn-par-color-selector","sn_par_col_select","Color Selector","28.3.0","true","false","","","","28.3.0","false","","","false","Store Application","com.now_par_components_sn_par_color_selector","","false","false","false","06-11-2025 17:12:35","tectonic","","","No demo data","","","","true","sn_par_col_select","","06-11-2025 17:55:54","","true","true","ECMAScript 2021 (ES12)","","","Out of Band","28.5.6","true","","","false","false","","","","true","[]","","","false","","false","false","true","","","","Not applicable","Not applicable","Monitor","","","true","false","true","15-03-2026 17:02:37","11-09-2026 19:50:55","system","19","","",""
"'@now-par-components/sn-par-colors","sn_par_colors","Color selector for visualization framework","28.3.0","true","false","","","","28.3.0","false","","","false","Store Application","com.now_par_components_sn_par_colors","","false","false","false","27-08-2024 08:27:17","tectonic","","","No demo data","","","","true","sn_par_colors","","09-11-2023 17:54:20","","true","true","ECMAScript 2021 (ES12)","","","Out of Band","28.5.6","true","","","false","false","","","","true","[]","","","false","","false","false","true","","","","Not applicable","Not applicable","Monitor","","","true","false","true","15-03-2026 17:02:37","11-09-2026 19:50:55","system","479.118","","",""
"'@now-par-components/sn-par-data-sources","sn_par_data_source","Data sources shared component","28.3.0","true","false","","","","28.3.0","false","","","false","Store Application","com.now_par_components_sn_par_data_sources","","false","false","false","27-08-2024 08:28:40","tectonic","","","No demo data","","","","true","sn_par_data_source","","09-11-2023 18:02:42","","true","true","ECMAScript 2021 (ES12)","","","Out of Band","28.5.6","true","","","false","false","","","","true","[]","","","false","","false","false","true","","","","Not applicable","Not applicable","Monitor","","","true","false","true","15-03-2026 17:02:40","11-09-2026 19:50:55","system","479.118","","",""
"'@now-par-components/sn-par-date-input","sn_par_date_input","Date range configuration component","28.3.0","true","false","","","","28.3.0","false","","","false","Store Application","com.now_par_components_sn_par_date_input","","false","false","false","27-08-2024 08:22:46","tectonic","","","No demo data","","","","true","sn_par_date_input","","09-11-2023 18:02:45","","true","true","ECMAScript 2021 (ES12)","","","Out of Band","28.5.6","true","","","false","false","","","","true","[]","","","false","","false","false","true","","","","Not applicable","Not applicable","Monitor","","","true","false","true","15-03-2026 17:02:40","11-09-2026 19:50:57","system","479.118","","",""
"'@now-par-components/sn-par-dot-walk","sn_par_dot_walk","Dot walk wrapper","28.3.0","true","false","","","","28.3.0","false","","","false","Store Application","com.now_par_components_sn_par_dot_walk","","false","false","false","27-08-2024 08:23:21","tectonic","","","No demo data","","","","true","sn_par_dot_walk","","09-11-2023 17:59:16","","true","true","ECMAScript 2021 (ES12)","","","Out of Band","28.5.6","true","","","false","false","","","","true","[]","","","false","","false","false","true","","","","Not applicable","Not applicable","Monitor","","","true","false","true","15-03-2026 17:02:40","11-09-2026 19:50:55","system","479.118","","",""
"'@now-par-components/sn-par-draggable-list","sn_par_drag_list","Shared draggable list component","28.3.0","true","false","","","","28.3.0","false","","","false","Store Application","com.now_par_components_sn_par_draggable_list","","false","false","false","27-08-2024 08:27:48","tectonic","","","No demo data","","","","true","sn_par_drag_list","","07-11-2024 18:40:55","","true","true","ECMAScript 2021 (ES12)","","","Out of Band","28.5.6","true","","","false","false","","","","true","[]","","","false","","false","false","true","","","","Not applicable","Not applicable","Monitor","","","true","false","true","15-03-2026 17:02:38","11-09-2026 19:50:54","system","479.121","","",""
"'@now-par-components/sn-par-duration-format","sn_par_duration_fo","Duration format shared component","28.3.0","true","false","","","","28.3.0","false","","","false","Store Application","com.now_par_components_sn_par_duration_format","","false","false","false","27-08-2024 08:23:30","tectonic","","","No demo data","","","","true","sn_par_duration_fo","","09-11-2023 18:02:48","","true","true","ECMAScript 2021 (ES12)","","","Out of Band","28.5.6","true","","","false","false","","","","true","[]","","","false","","false","false","true","","","","Not applicable","Not applicable","Monitor","","","true","false","true","15-03-2026 17:02:40","11-09-2026 19:50:58","system","479.118","","",""
"'@now-par-components/sn-par-filter-per-metric","sn_par_filter_per","Filter Per Metric for visualization framework","28.3.0","true","false","","","","28.3.0","false","","","false","Store Application","com.now_par_components_sn_par_filter_per_metric","","false","false","false","06-11-2025 17:13:31","tectonic","","","No demo data","","","","true","sn_par_filter_per","","06-11-2025 17:56:13","","true","true","ECMAScript 2021 (ES12)","","","Out of Band","28.5.6","true","","","false","false","","","","true","[]","","","false","","false","false","true","","","","Not applicable","Not applicable","Monitor","","","true","false","true","15-03-2026 17:02:42","11-09-2026 19:50:55","system","19","","",""
"'@now-par-components/sn-par-group-by","sn_par_group_by","Group by selector for visualization framework","28.3.0","true","false","","","","28.3.0","false","","","false","Store Application","com.now_par_components_sn_par_group_by","","false","false","false","27-08-2024 08:27:27","tectonic","","","No demo data","","","","true","sn_par_group_by","","09-11-2023 18:02:51","","true","true","ECMAScript 2021 (ES12)","","","Out of Band","28.5.6","true","","","false","false","","","","true","[]","","","false","","false","false","true","","","","Not applicable","Not applicable","Monitor","","","true","false","true","15-03-2026 17:02:40","11-09-2026 19:50:54","system","479.118","","",""
"'@now-par-components/sn-par-kpi","sn_par_kpi","This component is the data source to support PA New Model","23.0.10","true","false","","","","23.0.10","false","","","false","Store Application","com.now_par_components_sn_par_kpi","","false","false","false","07-04-2025 11:44:20","tectonic","","","","","","","false","sn_par_kpi","","","","false","false","ECMAScript 2021 (ES12)","","","Distribution","23.0.10","false","","","false","false","","","","true","","","","false","","false","false","false","","","","Not applicable","Not applicable","Monitor","","","true","false","false","","06-11-2025 18:15:16","PKE","484.458","","",""
"'@now-par-components/sn-par-kpi-groupby","sn_par","Customised component to render the dimensions associated with the analytics source KPI.","23.0.10","true","false","","","","23.0.10","false","","","false","Store Application","com.now_par_components_sn_par_kpi_groupby","","false","false","false","07-04-2025 11:44:07","tectonic","","","","","","","false","sn_par","","","","false","false","ECMAScript 2021 (ES12)","","","Distribution","23.0.10","false","","","false","false","","","","true","","","","false","","false","false","false","","","","Not applicable","Not applicable","Monitor","","","true","false","false","","06-11-2025 18:15:19","PKE","484.458","","",""
"'@now-par-components/sn-par-metricbase","sn_par_metricbase","Seismic component for configuring MetricBase timeseries DB transformations compatible with PAR data visualization component.","28.3.0","true","false","","","","28.3.0","false","","","false","Store Application","com.now_par_components_sn_par_metricbase","","false","false","false","27-08-2024 08:22:46","tectonic","","","No demo data","","","","true","sn_par_metricbase","","09-11-2023 18:02:57","","true","true","ECMAScript 2021 (ES12)","","","Out of Band","28.5.6","true","","","false","false","","","","true","[]","","","false","","false","false","true","","","","Not applicable","Not applicable","Monitor","","","true","false","true","15-03-2026 17:02:37","11-09-2026 19:50:52","system","479.118","","",""
"'@now-par-components/sn-par-metrics","sn_par_metrics","PAR Metrics component","28.3.0","true","false","","","","28.3.0","false","","","false","Store Application","com.now_par_components_sn_par_metrics","","false","false","false","27-08-2024 08:28:48","tectonic","","","No demo data","","","","true","sn_par_metrics","","09-11-2023 18:03:00","","true","true","ECMAScript 2021 (ES12)","","","Out of Band","28.5.6","true","","","false","false","","","","true","[]","","","false","","false","false","true","","","","Not applicable","Not applicable","Monitor","","","true","false","true","15-03-2026 17:02:41","11-09-2026 19:50:53","system","479.118","","",""
"'@now-par-components/sn-par-number-format","sn_par_nbr_format","PAR Number format component","28.3.0","true","false","","","","28.3.0","false","","","false","Store Application","com.now_par_components_sn_par_number_format","","false","false","false","27-08-2024 08:23:54","tectonic","","","No demo data","","","","true","sn_par_nbr_format","","09-11-2023 18:03:03","","true","true","ECMAScript 2021 (ES12)","","","Out of Band","28.5.6","true","","","false","false","","","","true","[]","","","false","","false","false","true","","","","Not applicable","Not applicable","Monitor","","","true","false","true","15-03-2026 17:02:41","11-09-2026 19:50:55","system","479.118","","",""
"'@now-par-components/sn-par-pillar","sn_par_pillar","Pillar shared component","28.3.0","true","false","","","","28.3.0","false","","","false","Store Application","com.now_par_components_sn_par_pillar","","false","false","false","27-08-2024 08:23:56","tectonic","","","No demo data","","","","true","sn_par_pillar","","09-11-2023 17:52:33","","true","true","ECMAScript 2021 (ES12)","","","Out of Band","28.5.6","true","","","false","false","","","","true","[]","","","false","","false","false","true","","","","Not applicable","Not applicable","Monitor","","","true","false","true","15-03-2026 17:02:37","11-09-2026 19:50:55","system","479.125","","",""
"'@now-par-components/sn-par-popover","sn_par_popover","PAR Popover shared component","28.3.0","true","false","","","","28.3.0","false","","","false","Store Application","com.now_par_components_sn_par_popover","","false","false","false","27-08-2024 08:24:04","tectonic","","","No demo data","","","","true","sn_par_popover","","09-11-2023 18:03:05","","true","true","ECMAScript 2021 (ES12)","","","Out of Band","28.5.6","true","","","false","false","","","","true","[]","","","false","","false","false","true","","","","Not applicable","Not applicable","Monitor","","","true","false","true","15-03-2026 17:02:37","11-09-2026 19:50:52","system","479.118","","",""
"'@now-par-components/sn-par-ranges","sn_par_ranges","PAR Ranges component","28.3.0","true","false","","","","28.3.0","false","","","false","Store Application","com.now_par_components_sn_par_ranges","","false","false","false","27-08-2024 08:27:10","tectonic","","","No demo data","","","","true","sn_par_ranges","","09-11-2023 18:02:38","","true","true","ECMAScript 2021 (ES12)","","","Out of Band","28.5.6","true","","","false","false","","","","true","[]","","","false","","false","false","true","","","","Not applicable","Not applicable","Monitor","","","true","false","true","15-03-2026 17:02:39","11-09-2026 19:50:56","system","479.118","","",""
"'@now-par-components/sn-par-refresh-frequency","sn_par_refresh_fre","Live refresh frequency component","28.3.0","true","false","","","","28.3.0","false","","","false","Store Application","com.now_par_components_sn_par_refresh_frequency","","false","false","false","27-08-2024 08:24:05","tectonic","","","No demo data","","","","true","sn_par_refresh_fre","","09-11-2023 18:03:08","","true","true","ECMAScript 2021 (ES12)","","","Out of Band","28.5.6","true","","","false","false","","","","true","[]","","","false","","false","false","true","","","","Not applicable","Not applicable","Monitor","","","true","false","true","15-03-2026 17:02:41","11-09-2026 19:50:56","system","479.118","","",""
"'@now-par-components/sn-par-scorecard-aggregates","sn_sc_aggregates","Seismic Component for ServiceNow","28.3.0","true","false","","","","28.3.0","false","","","false","Store Application","com.now_par_components_sn_par_scorecard_aggregates","","false","false","false","27-08-2024 08:24:16","tectonic","","","No demo data","","","","true","sn_sc_aggregates","","09-11-2023 18:03:12","","true","true","ECMAScript 2021 (ES12)","","","Out of Band","28.5.6","true","","","false","false","","","","true","[]","","","false","","false","false","true","","","","Not applicable","Not applicable","Monitor","","","true","false","true","15-03-2026 17:02:41","11-09-2026 19:50:56","system","479.118","","",""
"'@now-par-components/sn-par-scorecard-metrics","sn_par_sc_metrics","Seismic Component for ServiceNow","28.3.0","true","false","","","","28.3.0","false","","","false","Store Application","com.now_par_components_sn_par_scorecard_metrics","","false","false","false","27-08-2024 08:28:48","tectonic","","","No demo data","","","","true","sn_par_sc_metrics","","09-11-2023 18:03:15","","true","true","ECMAScript 2021 (ES12)","","","Out of Band","28.5.6","true","","","false","false","","","","true","[]","","","false","","false","false","true","","","","Not applicable","Not applicable","Monitor","","","true","false","true","15-03-2026 17:02:39","11-09-2026 19:50:55","system","479.118","","",""
"'@now-par-components/sn-par-toggle","sn_par_toggle","Shared toggle component","28.3.0","true","false","","","","28.3.0","false","","","false","Store Application","com.now_par_components_sn_par_toggle","","false","false","false","27-08-2024 08:28:02","tectonic","","","No demo data","","","","true","sn_par_toggle","","07-11-2024 18:33:39","","true","true","ECMAScript 2021 (ES12)","","","Out of Band","28.5.6","true","","","false","false","","","","true","[]","","","false","","false","false","true","","","","Not applicable","Not applicable","Monitor","","","true","false","true","15-03-2026 17:02:37","11-09-2026 19:50:54","system","479.121","","",""
"'@now-par-components/sn-par-trend-by","sn_par_trend_by","Trend by component for visualization framework","28.3.0","true","false","","","","28.3.0","false","","","false","Store Application","com.now_par_components_sn_par_trend_by","","false","false","false","27-08-2024 08:27:48","tectonic","","","No demo data","","","","true","sn_par_trend_by","","09-11-2023 18:00:41","","true","true","ECMAScript 2021 (ES12)","","","Out of Band","28.5.6","true","","","false","false","","","","true","[]","","","false","","false","false","true","","","","Not applicable","Not applicable","Monitor","","","true","false","true","15-03-2026 17:02:40","11-09-2026 19:50:55","system","479.118","","",""
"'@now-par-components/sn-par-visualization-controls-section","sn_vis_controls","Visualization Controls Section","28.3.0","true","false","","","","28.3.0","false","","","false","Store Application","com.now_par_components_sn_par_visualization_controls_section","","false","false","false","06-11-2025 17:13:32","tectonic","","","No demo data","","","","false","sn_vis_controls","","06-11-2025 17:56:12","","false","true","ECMAScript 2021 (ES12)","","","Out of Band","28.5.6","true","","","false","false","","","","true","[]","","","false","","false","false","true","","","","Not applicable","Not applicable","Monitor","","","true","false","true","15-03-2026 17:02:38","11-09-2026 19:50:54","system","19","","",""
"'@now-par-components/sn-par-visualization-header","sn_par_v_header","Visualization header component","28.3.0","true","false","","","","28.3.0","false","","","false","Store Application","com.now_par_components_sn_par_visualization_header","","false","false","false","06-11-2025 17:13:31","tectonic","","","No demo data","","","","true","sn_par_v_header","","06-11-2025 17:56:13","","true","true","ECMAScript 2021 (ES12)","","","Out of Band","28.5.6","true","","","false","false","","","","true","[]","","","false","","false","false","true","","","","Not applicable","Not applicable","Monitor","","","true","false","true","15-03-2026 17:02:42","11-09-2026 19:50:56","system","19","","",""
"'@now-par-components/sn-par-widget-header","sn_par_w_header","Widget header component","28.3.0","true","false","","","","28.3.0","false","","","false","Store Application","com.now_par_components_sn_par_widget_header","","false","false","false","06-11-2025 17:13:03","tectonic","","","No demo data","","","","true","sn_par_w_header","","06-11-2025 17:56:02","","true","true","ECMAScript 2021 (ES12)","","","Out of Band","28.5.6","true","","","false","false","","","","true","[]","","","false","","false","false","true","","","","Not applicable","Not applicable","Monitor","","","true","false","true","15-03-2026 17:02:37","11-09-2026 19:50:53","system","19","","",""
"'@servicenow/now-accordion","sn_accordion","A Now Design System component called now-accordion","28.12.7","true","false","","","","28.12.7","false","","","false","Store Application","com.servicenow_now_accordion","","false","false","false","09-07-2025 18:40:20","tectonic","","","","","","","false","sn_accordion","","","","false","false","ECMAScript 2021 (ES12)","","","Distribution","28.12.7","false","","","false","false","","","","true","","","","false","","false","false","false","","","","Not applicable","Not applicable","None","","","true","false","false","","06-09-2026 21:08:47","system","486.713","","",""
"'@servicenow/now-activity-stream","sn_activity_stream","Activity Stream","28.10.2","true","false","","","","28.10.2","false","","","false","Store Application","com.servicenow_now_activity_stream","","false","false","false","04-08-2025 17:57:48","tectonic","","","","","","","false","sn_activity_stream","","","","false","false","ECMAScript 2021 (ES12)","","","Distribution","28.10.2","false","","","false","false","","","","true","","","","false","","false","false","false","","","","Not applicable","Not applicable","None","","","false","false","false","","06-09-2026 20:50:09","system","487.336","","",""
"'@servicenow/now-activity-stream-common","sn_activity_common","Activity Stream Common","28.12.1","true","false","","","","28.12.1","false","","","false","Store Application","com.servicenow_now_activity_stream_common","","false","false","false","06-05-2025 00:18:06","tectonic","","","","","","","false","sn_activity_common","","","","false","false","ECMAScript 2021 (ES12)","","","Distribution","28.12.1","false","","","false","false","","","","true","","","","false","","false","false","false","","","","Not applicable","Not applicable","None","","","true","false","false","","06-09-2026 21:08:49","system","485.158","","",""
"'@servicenow/now-alert","sn_alert","A single alert notification that can be used on its own or within a list of alerts","28.12.7","true","false","","","","28.12.7","false","","","false","Store Application","com.servicenow_now_alert","","false","false","false","09-07-2025 18:41:44","tectonic","","","","","","","false","sn_alert","","","","false","false","ECMAScript 2021 (ES12)","","","Distribution","28.12.7","false","","","false","false","","","","true","","","","false","","false","false","false","","","","Not applicable","Not applicable","None","","","true","false","false","","06-09-2026 21:08:44","system","486.713","","",""
"'@servicenow/now-animation","sn_animation","./README.md","28.12.7","true","false","","","","28.12.7","false","","","false","Store Application","com.servicenow_now_animation","","false","false","false","09-07-2025 18:37:00","tectonic","","","","","","","false","sn_animation","","","","false","false","ECMAScript 2021 (ES12)","","","Distribution","28.12.7","false","","","false","false","","","","true","","","","false","","false","false","false","","","","Not applicable","Not applicable","None","","","true","false","false","","06-09-2026 21:08:47","system","486.713","","",""
"'@servicenow/now-avatar","sn_avatar","./README.md","28.12.7","true","false","","","","28.12.7","false","","","false","Store Application","com.servicenow_now_avatar","","false","false","false","09-07-2025 18:40:19","tectonic","","","","","","","false","sn_avatar","","","","false","false","ECMAScript 2021 (ES12)","","","Distribution","28.12.7","false","","","false","false","","","","true","","","","false","","false","false","false","","","","Not applicable","Not applicable","None","","","true","false","false","","06-09-2026 21:08:47","system","486.713","","",""
"'@servicenow/now-badge","sn_ds_badge","A label or badge element for displaying a quick status or numeric indicator.","28.12.7","true","false","","","","28.12.7","false","","","false","Store Application","com.servicenow_now_badge","","false","false","false","09-07-2025 18:36:53","tectonic","","","","","","","false","sn_ds_badge","","","","false","false","ECMAScript 2021 (ES12)","","","Distribution","28.12.7","false","","","false","false","","","","true","","","","false","","false","false","false","","","","Not applicable","Not applicable","None","","","true","false","false","","06-09-2026 21:08:47","system","486.713","","",""
"'@servicenow/now-breadcrumbs","sn_breadcrumbs","A Now Design System component called now-breadcrumbs","28.12.7","true","false","","","","28.12.7","false","","","false","Store Application","com.servicenow_now_breadcrumbs","","false","false","false","09-07-2025 18:42:23","tectonic","","","","","","","false","sn_breadcrumbs","","","","false","false","ECMAScript 2021 (ES12)","","","Distribution","28.12.7","false","","","false","false","","","","true","","","","false","","false","false","false","","","","Not applicable","Not applicable","None","","","true","false","false","","06-09-2026 21:08:48","system","486.713","","",""
"'@servicenow/now-button","sn_button","Simple buttons","28.12.7","true","false","","","","28.12.7","false","","","false","Store Application","com.servicenow_now_button","","false","false","false","09-07-2025 18:40:23","tectonic","","","","","","","false","sn_button","","","","false","false","ECMAScript 2021 (ES12)","","","Distribution","28.12.7","false","","","false","false","","","","true","","","","false","","false","false","false","","","","Not applicable","Not applicable","None","","","true","false","false","","06-09-2026 21:08:44","system","486.713","","",""
"'@servicenow/now-card","sn_card","Card sub-components","28.12.7","true","false","","","","28.12.7","false","","","false","Store Application","com.servicenow_now_card","","false","false","false","09-07-2025 18:42:24","tectonic","","","","","","","false","sn_card","","","","false","false","ECMAScript 2021 (ES12)","","","Distribution","28.12.7","false","","","false","false","","","","true","","","","false","","false","false","false","","","","Not applicable","Not applicable","None","","","true","false","false","","06-09-2026 21:08:45","system","486.713","","",""
"'@servicenow/now-card-evam-content","sn_card_evam_conte","Card Evam Content","28.0.9","true","false","","","","28.0.9","false","","","false","Store Application","com.servicenow_now_card_evam_content","","false","false","false","26-06-2024 17:11:46","tectonic","","","","","","","false","sn_card_evam_conte","","","","false","false","ECMAScript 2021 (ES12)","","","Distribution","28.0.9","false","","","false","false","","","","true","","","","false","","false","false","false","","","","Not applicable","Not applicable","Monitor","","","true","false","false","","06-11-2025 18:15:17","PKE","477.626","","",""
"'@servicenow/now-card-evam-record","sn_card_evam_rcd","Card EVAM Record Component","28.0.2","true","false","","","","28.0.2","false","","","false","Store Application","com.servicenow_now_card_evam_record","","false","false","false","16-05-2024 20:06:51","tectonic","","","","","","","false","sn_card_evam_rcd","","","","false","false","ECMAScript 2021 (ES12)","","","Distribution","28.0.2","false","","","false","false","","","","true","","","","false","","false","false","false","","","","Not applicable","Not applicable","Monitor","","","true","false","false","","06-11-2025 18:15:19","PKE","476.645","","",""
"'@servicenow/now-carousel-text","sn_carousel_text","A text label with animated transitions","28.12.7","true","false","","","","28.12.7","false","","","false","Store Application","com.servicenow_now_carousel_text","","false","false","false","09-07-2025 18:38:43","tectonic","","","","","","","false","sn_carousel_text","","","","false","false","ECMAScript 2021 (ES12)","","","Distribution","28.12.7","false","","","false","false","","","","true","","","","false","","false","false","false","","","","Not applicable","Not applicable","None","","","true","false","false","","06-09-2026 21:08:44","system","486.713","","",""
"'@servicenow/now-chart-bar","sn_chart_bar","Seismic component for Xenolith bar","28.12.7","true","false","","","","28.12.7","false","","","false","Store Application","com.servicenow_now_chart_bar","","false","false","false","09-07-2025 18:41:01","tectonic","","","","","","","false","sn_chart_bar","","","","false","false","ECMAScript 2021 (ES12)","","","Distribution","28.12.7","false","","","false","false","","","","true","","","","false","","false","false","false","","","","Not applicable","Not applicable","None","","","true","false","false","","06-09-2026 21:08:44","system","486.713","","",""
"'@servicenow/now-chart-donut-pie","sn_chart_donut_pie","Seismic component for Xenolith Donut and Pie","28.12.7","true","false","","","","28.12.7","false","","","false","Store Application","com.servicenow_now_chart_donut_pie","","false","false","false","09-07-2025 18:38:56","tectonic","","","","","","","false","sn_chart_donut_pie","","","","false","false","ECMAScript 2021 (ES12)","","","Distribution","28.12.7","false","","","false","false","","","","true","","","","false","","false","false","false","","","","Not applicable","Not applicable","None","","","true","false","false","","06-09-2026 21:08:44","system","486.713","","",""
"'@servicenow/now-chart-navigator","sn_chart_navigator","Seismic component for Xenolith navigator","28.12.7","true","false","","","","28.12.7","false","","","false","Store Application","com.servicenow_now_chart_navigator","","false","false","false","09-07-2025 18:38:56","tectonic","","","","","","","false","sn_chart_navigator","","","","false","false","ECMAScript 2021 (ES12)","","","Distribution","28.12.7","false","","","false","false","","","","true","","","","false","","false","false","false","","","","Not applicable","Not applicable","None","","","true","false","false","","06-09-2026 21:08:47","system","486.713","","",""
"'@servicenow/now-chart-sparkline","sn_chart_sparkline","Seismic component for Xenolith sparkline","28.12.7","true","false","","","","28.12.7","false","","","false","Store Application","com.servicenow_now_chart_sparkline","","false","false","false","09-07-2025 18:37:09","tectonic","","","","","","","false","sn_chart_sparkline","","","","false","false","ECMAScript 2021 (ES12)","","","Distribution","28.12.7","false","","","false","false","","","","true","","","","false","","false","false","false","","","","Not applicable","Not applicable","None","","","true","false","false","","06-09-2026 21:08:47","system","486.713","","",""
"'@servicenow/now-chart-timeseries","sn_chart_timeserie","Seismic component for Xenolith timeseries","28.12.7","true","false","","","","28.12.7","false","","","false","Store Application","com.servicenow_now_chart_timeseries","","false","false","false","09-07-2025 18:41:18","tectonic","","","","","","","false","sn_chart_timeserie","","","","false","false","ECMAScript 2021 (ES12)","","","Distribution","28.12.7","false","","","false","false","","","","true","","","","false","","false","false","false","","","","Not applicable","Not applicable","None","","","true","false","false","","06-09-2026 21:08:44","system","486.713","","",""
"'@servicenow/now-checkbox","sn_checkbox","A form element for selecting a simple affirmative or negative choice.","28.12.7","true","false","","","","28.12.7","false","","","false","Store Application","com.servicenow_now_checkbox","","false","false","false","09-07-2025 18:40:19","tectonic","","","","","","","false","sn_checkbox","","","","false","false","ECMAScript 2021 (ES12)","","","Distribution","28.12.7","false","","","false","false","","","","true","","","","false","","false","false","false","","","","Not applicable","Not applicable","None","","","true","false","false","","06-09-2026 21:08:47","system","486.713","","",""
"'@servicenow/now-code-editor","sn_now_code_editor","now code editor seismic component","26.0.5","true","false","","","","26.0.5","false","","","false","Store Application","com.servicenow_now_code_editor","","false","false","false","16-07-2024 16:05:02","tectonic","","","","","","","false","sn_now_code_editor","","","","false","false","ECMAScript 2021 (ES12)","","","Distribution","26.0.5","false","","","false","false","","","","true","","","","false","","false","false","false","","","","Not applicable","Not applicable","Monitor","","","true","false","false","","07-11-2024 19:29:01","ADMMUF","478.103","","",""
"'@servicenow/now-collapse","sn_collapse","A helper utility for expanded and collapsing content","28.12.7","true","false","","","","28.12.7","false","","","false","Store Application","com.servicenow_now_collapse","","false","false","false","09-07-2025 18:37:09","tectonic","","","","","","","false","sn_collapse","","","","false","false","ECMAScript 2021 (ES12)","","","Distribution","28.12.7","false","","","false","false","","","","true","","","","false","","false","false","false","","","","Not applicable","Not applicable","None","","","true","false","false","","06-09-2026 21:08:47","system","486.713","","",""
"'@servicenow/now-color-picker","now-color-picker","Seismic Component for ServiceNow Color Picker","26.0.0","true","false","","","","26.0.0","false","","","false","Store Application","com.servicenow_now_color_picker","","false","false","false","25-03-2024 09:22:33","tectonic","","","","","","","false","now-color-picker","","","","false","false","ECMAScript 2021 (ES12)","","","Distribution","26.0.0","false","","","false","false","","","","true","","","","false","","false","false","false","","","","Not applicable","Not applicable","Monitor","","","true","false","false","","07-11-2024 19:29:03","ADMMUF","475.385","","",""
"'@servicenow/now-color-selector","sn_color_selector","Servicenow color selector","28.12.7","true","false","","","","28.12.7","false","","","false","Store Application","com.servicenow_now_color_selector","","false","false","false","09-07-2025 18:43:32","tectonic","","","","","","","false","sn_color_selector","","","","false","false","ECMAScript 2021 (ES12)","","","Distribution","28.12.7","false","","","false","false","","","","true","","","","false","","false","false","false","","","","Not applicable","Not applicable","None","","","true","false","false","","06-09-2026 21:08:47","system","486.713","","",""
"'@servicenow/now-condition-builder","now-condition-buil","Seismic Condition Builder","28.0.3","true","false","","","","28.0.3","false","","","false","Store Application","com.servicenow_now_condition_builder","","false","false","false","06-06-2024 18:55:18","tectonic","","","","","","","false","now-condition-buil","","","","false","false","ECMAScript 2021 (ES12)","","","Distribution","28.0.3","false","","","false","false","","","","true","","","","false","","false","false","false","","","","Not applicable","Not applicable","None","","","false","false","false","","06-09-2026 20:50:05","system","477.155","","",""
"'@servicenow/now-condition-builder-preview","now-cb-preview","Seismic Component for Condition Builder that summarizes a set of conditions when the Condition Builder is collapsed","28.0.3","true","false","","","","28.0.3","false","","","false","Store Application","com.servicenow_now_condition_builder_preview","","false","false","false","14-05-2024 19:53:08","tectonic","","","","","","","false","now-cb-preview","","","","false","false","ECMAScript 2021 (ES12)","","","Distribution","28.0.3","false","","","false","false","","","","true","","","","false","","false","false","false","","","","Not applicable","Not applicable","None","","","false","false","false","","06-09-2026 20:49:58","system","476.604","","",""
"'@servicenow/now-condition-builder-record-count","now_cbd_rec_ct","Seismic Component for Condition Builder that displays the total amount of records filtered","28.0.3","true","false","","","","28.0.3","false","","","false","Store Application","com.servicenow_now_condition_builder_record_count","","false","false","false","14-05-2024 18:19:44","tectonic","","","","","","","false","now_cbd_rec_ct","","","","false","false","ECMAScript 2021 (ES12)","","","Distribution","28.0.3","false","","","false","false","","","","true","","","","false","","false","false","false","","","","Not applicable","Not applicable","None","","","false","false","false","","06-09-2026 20:49:59","system","476.603","","",""
"'@servicenow/now-confirmation-message","confirm_message","It is a post creation component that provides information to the user and also next steps to take ","25.0.3","true","false","","","","25.0.3","false","","","false","Store Application","com.servicenow_now_confirmation_message","","false","false","false","18-09-2023 05:43:46","tectonic","","","","","","","false","confirm_message","","","","false","false","ECMAScript 2021 (ES12)","","","Distribution","25.0.3","false","","","false","false","","","","true","","","","false","","false","false","false","","","","Not applicable","Not applicable","Monitor","","","true","false","false","","07-11-2024 19:29:02","ADMMUF","470.844","","",""
"'@servicenow/now-content-tree","sn_content_tree","A hierarchical component that represents the relationship between parent and child nodes","28.12.7","true","false","","","","28.12.7","false","","","false","Store Application","com.servicenow_now_content_tree","","false","false","false","09-07-2025 18:41:56","tectonic","","","","","","","false","sn_content_tree","","","","false","false","ECMAScript 2021 (ES12)","","","Distribution","28.12.7","false","","","false","false","","","","true","","","","false","","false","false","false","","","","Not applicable","Not applicable","None","","","true","false","false","","06-09-2026 21:08:45","system","486.713","","",""
"'@servicenow/now-data-row","now_data_row","Data Row component","28.0.5","true","false","","","","28.0.5","false","","","false","Store Application","com.servicenow_now_data_row","","false","false","false","16-05-2024 19:42:28","tectonic","","","","","","","false","now_data_row","","","","false","false","ECMAScript 2021 (ES12)","","","Distribution","28.0.5","false","","","false","false","","","","true","","","","false","","false","false","false","","","","Not applicable","Not applicable","Monitor","","","true","false","false","","06-11-2025 18:15:17","PKE","476.644","","",""
"'@servicenow/now-data-set","now_data_set","now-data-set component","28.0.12","true","false","","","","28.0.12","false","","","false","Store Application","com.servicenow_now_data_set","","false","false","false","16-05-2024 20:19:16","tectonic","","","","","","","false","now_data_set","","","","false","false","ECMAScript 2021 (ES12)","","","Distribution","28.0.12","false","","","false","false","","","","true","","","","false","","false","false","false","","","","Not applicable","Not applicable","Monitor","","","true","false","false","","06-11-2025 18:15:15","PKE","476.645","","",""
"'@servicenow/now-date-range-picker","sn_date_range_pick","This component allows a user to select a date range","28.12.2","true","false","","","","28.12.2","false","","","false","Store Application","com.servicenow_now_date_range_picker","","false","false","false","28-07-2025 00:25:58","tectonic","","","","","","","false","sn_date_range_pick","","","","false","false","ECMAScript 2021 (ES12)","","","Distribution","28.12.2","false","","","false","false","","","","true","","","","false","","false","false","false","","","","Not applicable","Not applicable","None","","","true","false","false","","06-09-2026 21:08:46","system","487.149","","",""
"'@servicenow/now-date-time","sn_date_time","A Now Design System component called now-date-time","28.12.7","true","false","","","","28.12.7","false","","","false","Store Application","com.servicenow_now_date_time","","false","false","false","09-07-2025 18:43:32","tectonic","","","","","","","false","sn_date_time","","","","false","false","ECMAScript 2021 (ES12)","","","Distribution","28.12.7","false","","","false","false","","","","true","","","","false","","false","false","false","","","","Not applicable","Not applicable","None","","","true","false","false","","06-09-2026 21:08:46","system","486.713","","",""
"'@servicenow/now-diagram","sn_diagram","GoJS Diagram for Seismic","28.5.0","true","false","","","","28.5.0","false","","","false","Store Application","com.servicenow_now_diagram","","false","false","false","21-08-2024 06:42:02","tectonic","","","","","","","false","sn_diagram","","","","false","false","ECMAScript 2021 (ES12)","","","Distribution","28.5.0","false","","","false","false","","","","true","","","","false","","false","false","false","","","","Not applicable","Not applicable","Monitor","","","true","false","false","","06-11-2025 18:15:19","PKE","478.959","","",""
"'@servicenow/now-dot-walk","now-dot-walk","Component used to navigate a table&#39;s fields and their references","28.0.8","true","false","","","","28.0.8","false","","","false","Store Application","com.servicenow_now_dot_walk","","false","false","false","14-05-2024 18:20:52","tectonic","","","","","","","false","now-dot-walk","","","","false","false","ECMAScript 2021 (ES12)","","","Distribution","28.0.8","false","","","false","false","","","","true","","","","false","","false","false","false","","","","Not applicable","Not applicable","None","","","false","false","false","","06-09-2026 20:49:57","system","476.604","","",""
"'@servicenow/now-dropdown","sn_dropdown","A Now Design System component called now-dropdown","28.12.7","true","false","","","","28.12.7","false","","","false","Store Application","com.servicenow_now_dropdown","","false","false","false","09-07-2025 18:41:59","tectonic","","","","","","","false","sn_dropdown","","","","false","false","ECMAScript 2021 (ES12)","","","Distribution","28.12.7","false","","","false","false","","","","true","","","","false","","false","false","false","","","","Not applicable","Not applicable","None","","","true","false","false","","06-09-2026 21:08:45","system","486.713","","",""
"'@servicenow/now-email-client","now_email_client","Email Client Component developed in Seismic","28.12.2","true","false","","","","28.12.2","false","","","false","Store Application","com.servicenow_now_email_client","","false","false","false","12-07-2025 02:30:08","tectonic","","","","","","","false","now_email_client","","","","false","false","ECMAScript 2021 (ES12)","","","Distribution","28.12.2","false","","","false","false","","","","true","","","","false","","false","false","false","","","","Not applicable","Not applicable","None","","","true","false","false","","06-09-2026 21:08:49","system","486.746","","",""
"'@servicenow/now-empty-state","sn_empty_state","Seismic component to render when there's nothing better to show","20.0.4","true","false","","","","20.0.4","false","","","false","Store Application","com.servicenow_now_empty_state","","false","false","false","18-05-2021 12:20:02","tectonic","","","","","","","false","sn_empty_state","","","","false","false","ES5 Standards Mode","","","Distribution","20.0.4","false","","","false","false","","","","true","","","","false","","false","false","false","","","","Not applicable","Not applicable","Monitor","","","true","false","false","","03-11-2021 20:18:11","ADMPKE","450.379","","",""
"'@servicenow/now-flyout-menu","sn_flyout_menu","A Now Design System component called now-flyout-menu","28.12.7","true","false","","","","28.12.7","false","","","false","Store Application","com.servicenow_now_flyout_menu","","false","false","false","09-07-2025 18:40:43","tectonic","","","","","","","false","sn_flyout_menu","","","","false","false","ECMAScript 2021 (ES12)","","","Distribution","28.12.7","false","","","false","false","","","","true","","","","false","","false","false","false","","","","Not applicable","Not applicable","None","","","true","false","false","","06-09-2026 21:08:47","system","486.713","","",""
"'@servicenow/now-grid","sn_now_grid","Generic Grid component","28.0.6","true","false","","","","28.0.6","false","","","false","Store Application","com.servicenow_now_grid","","false","false","false","10-06-2024 17:44:03","tectonic","","","","","","","false","sn_now_grid","","","","false","false","ECMAScript 2021 (ES12)","","","Distribution","28.0.6","false","","","false","false","","","","true","","","","false","","false","false","false","","","","Not applicable","Not applicable","Monitor","","","true","false","false","","22-02-2026 21:59:48","system","477.244","","",""
"'@servicenow/now-heading","sn_heading","Text that provides a short summary of content","28.12.7","true","false","","","","28.12.7","false","","","false","Store Application","com.servicenow_now_heading","","false","false","false","09-07-2025 18:39:02","tectonic","","","","","","","false","sn_heading","","","","false","false","ECMAScript 2021 (ES12)","","","Distribution","28.12.7","false","","","false","false","","","","true","","","","false","","false","false","false","","","","Not applicable","Not applicable","None","","","true","false","false","","06-09-2026 21:08:46","system","486.713","","",""
"'@servicenow/now-highlighted-value","sn_highlighted_val","A colored label with an optional icon to indicate a status.","28.12.7","true","false","","","","28.12.7","false","","","false","Store Application","com.servicenow_now_highlighted_value","","false","false","false","09-07-2025 18:40:42","tectonic","","","","","","","false","sn_highlighted_val","","","","false","false","ECMAScript 2021 (ES12)","","","Distribution","28.12.7","false","","","false","false","","","","true","","","","false","","false","false","false","","","","Not applicable","Not applicable","None","","","true","false","false","","06-09-2026 21:08:44","system","486.713","","",""
"'@servicenow/now-icon","sn_icon","Custom icon set for the Now Design System - see also now-legacy-icon","28.12.7","true","false","","","","28.12.7","false","","","false","Store Application","com.servicenow_now_icon","","false","false","false","09-07-2025 18:39:43","tectonic","","","","","","","false","sn_icon","","","","false","false","ECMAScript 2021 (ES12)","","","Distribution","28.12.7","false","","","false","false","","","","true","","","","false","","false","false","false","","","","Not applicable","Not applicable","None","","","true","false","false","","06-09-2026 21:08:47","system","486.713","","",""
"'@servicenow/now-iframe","sn_iframe","A simple component that wraps a native html iframe with additionally support for all css units for width and height.","28.12.7","true","false","","","","28.12.7","false","","","false","Store Application","com.servicenow_now_iframe","","false","false","false","09-07-2025 18:37:19","tectonic","","","","","","","false","sn_iframe","","","","false","false","ECMAScript 2021 (ES12)","","","Distribution","28.12.7","false","","","false","false","","","","true","","","","false","","false","false","false","","","","Not applicable","Not applicable","None","","","true","false","false","","06-09-2026 21:08:46","system","486.713","","",""
"'@servicenow/now-illustration","sn_illustration","Multi-size set of illustrations loaded on-demand","28.12.7","true","false","","","","28.12.7","false","","","false","Store Application","com.servicenow_now_illustration","","false","false","false","09-07-2025 18:37:27","tectonic","","","","","","","false","sn_illustration","","","","false","false","ECMAScript 2021 (ES12)","","","Distribution","28.12.7","false","","","false","false","","","","true","","","","false","","false","false","false","","","","Not applicable","Not applicable","None","","","true","false","false","","06-09-2026 21:08:47","system","486.713","","",""
"'@servicenow/now-image","sn_image","A simple responsive image component","28.12.7","true","false","","","","28.12.7","false","","","false","Store Application","com.servicenow_now_image","","false","false","false","09-07-2025 18:37:30","tectonic","","","","","","","false","sn_image","","","","false","false","ECMAScript 2021 (ES12)","","","Distribution","28.12.7","false","","","false","false","","","","true","","","","false","","false","false","false","","","","Not applicable","Not applicable","None","","","true","false","false","","06-09-2026 21:08:45","system","486.713","","",""
"'@servicenow/now-input","sn_input","Form element for basic text input","28.12.7","true","false","","","","28.12.7","false","","","false","Store Application","com.servicenow_now_input","","false","false","false","09-07-2025 18:42:29","tectonic","","","","","","","false","sn_input","","","","false","false","ECMAScript 2021 (ES12)","","","Distribution","28.12.7","false","","","false","false","","","","true","","","","false","","false","false","false","","","","Not applicable","Not applicable","None","","","true","false","false","","06-09-2026 21:08:47","system","486.713","","",""
"'@servicenow/now-label-value","sn_label_value","A Now Design System component called now-label-value","28.12.7","true","false","","","","28.12.7","false","","","false","Store Application","com.servicenow_now_label_value","","false","false","false","09-07-2025 18:41:50","tectonic","","","","","","","false","sn_label_value","","","","false","false","ECMAScript 2021 (ES12)","","","Distribution","28.12.7","false","","","false","false","","","","true","","","","false","","false","false","false","","","","Not applicable","Not applicable","None","","","true","false","false","","06-09-2026 21:08:44","system","486.713","","",""
"'@servicenow/now-legacy-icon","sn_legacy_icon","Componentized wrapper of Font Awesome","28.12.7","true","false","","","","28.12.7","false","","","false","Store Application","com.servicenow_now_legacy_icon","","false","false","false","09-07-2025 18:37:41","tectonic","","","","","","","false","sn_legacy_icon","","","","false","false","ECMAScript 2021 (ES12)","","","Distribution","28.12.7","false","","","false","false","","","","true","","","","false","","false","false","false","","","","Not applicable","Not applicable","None","","","true","false","false","","06-09-2026 21:08:47","system","486.713","","",""
"'@servicenow/now-link-interceptor-behavior","now-link-intercept","Link Interceptor Behavior","28.0.2","true","false","","","","28.0.2","false","","","false","Store Application","com.servicenow_now_link_interceptor_behavior","","false","false","false","22-04-2024 15:43:59","tectonic","","","","","","","false","now-link-intercept","","","","false","false","ECMAScript 2021 (ES12)","","","Distribution","28.0.2","false","","","false","false","","","","true","","","","false","","false","false","false","","","","Not applicable","Not applicable","Monitor","","","true","false","false","","06-11-2025 18:15:18","PKE","476.064","","",""
"'@servicenow/now-link-set","sn_link_set","A link set is a group of links that provide an interactive reference to a resource.","28.0.17","true","false","","","","28.0.17","false","","","false","Store Application","com.servicenow_now_link_set","","false","false","false","16-07-2024 16:09:50","tectonic","","","","","","","false","sn_link_set","","","","false","false","ECMAScript 2021 (ES12)","","","Distribution","28.0.17","false","","","false","false","","","","true","","","","false","","false","false","false","","","","Not applicable","Not applicable","Monitor","","","true","false","false","","06-11-2025 18:15:18","PKE","478.105","","",""
"'@servicenow/now-list-menu","sn_list_menu","Presentational components for the list menu","28.0.1","true","false","","","","28.0.1","false","","","false","Store Application","com.servicenow_now_list_menu","","false","false","false","10-06-2024 17:45:14","tectonic","","","","","","","false","sn_list_menu","","","","false","false","ECMAScript 2021 (ES12)","","","Distribution","28.0.1","false","","","false","false","","","","true","","","","false","","false","false","false","","","","Not applicable","Not applicable","Monitor","","","true","false","false","","06-11-2025 18:15:15","PKE","477.242","","",""
"'@servicenow/now-loader","sn_loader","An animated spinner to indicate a loading state","28.12.7","true","false","","","","28.12.7","false","","","false","Store Application","com.servicenow_now_loader","","false","false","false","09-07-2025 18:41:07","tectonic","","","","","","","false","sn_loader","","","","false","false","ECMAScript 2021 (ES12)","","","Distribution","28.12.7","false","","","false","false","","","","true","","","","false","","false","false","false","","","","Not applicable","Not applicable","None","","","true","false","false","","06-09-2026 21:08:45","system","486.713","","",""
"'@servicenow/now-login","now_login","Login component for user authentication across ServiceNow seismic applications","24.0.9","true","false","","","","24.0.9","false","","","false","Store Application","com.servicenow_now_login","","false","false","false","05-08-2024 04:41:03","tectonic","","","","","","","false","now_login","","","","false","false","ECMAScript 2021 (ES12)","","","Distribution","24.0.9","false","","","false","false","","","","true","","","","false","","false","false","false","","","","Not applicable","Not applicable","Monitor","","","true","false","false","","07-11-2024 19:29:05","ADMMUF","478.571","","",""
"'@servicenow/now-message","sn_message","A Now Design System component called now-message","28.12.7","true","false","","","","28.12.7","false","","","false","Store Application","com.servicenow_now_message","","false","false","false","09-07-2025 18:37:46","tectonic","","","","","","","false","sn_message","","","","false","false","ECMAScript 2021 (ES12)","","","Distribution","28.12.7","false","","","false","false","","","","true","","","","false","","false","false","false","","","","Not applicable","Not applicable","None","","","true","false","false","","06-09-2026 21:08:47","system","486.713","","",""
"'@servicenow/now-mobile-app-bridge","sn_mobile_bridge","Allows Now Experience Framework web pages to interface with mobile apps","26.1.2","true","false","","","","26.1.2","false","","","false","Store Application","com.servicenow_now_mobile_app_bridge","","false","false","false","19-05-2025 19:56:56","tectonic","","","","","","","false","sn_mobile_bridge","","","","false","false","ES5 Standards Mode","","","Distribution","26.1.2","false","","","false","false","","","","true","","","","false","","false","false","false","","","","Not applicable","Not applicable","Monitor","","","true","false","false","","06-11-2025 18:15:19","PKE","485.474","","",""
"'@servicenow/now-modal","sn_modal","A modal dialog that overlays and temporarily disables underlying content to provide information or ask for a decision from the user.","28.12.7","true","false","","","","28.12.7","false","","","false","Store Application","com.servicenow_now_modal","","false","false","false","09-07-2025 18:41:09","tectonic","","","","","","","false","sn_modal","","","","false","false","ECMAScript 2021 (ES12)","","","Distribution","28.12.7","false","","","false","false","","","","true","","","","false","","false","false","false","","","","Not applicable","Not applicable","None","","","true","false","false","","06-09-2026 21:08:47","system","486.713","","",""
"'@servicenow/now-modeless-dialog","sn_modeless_dialog","A Now Design System component called now-modeless-dialog","28.12.7","true","false","","","","28.12.7","false","","","false","Store Application","com.servicenow_now_modeless_dialog","","false","false","false","09-07-2025 18:37:54","tectonic","","","","","","","false","sn_modeless_dialog","","","","false","false","ECMAScript 2021 (ES12)","","","Distribution","28.12.7","false","","","false","false","","","","true","","","","false","","false","false","false","","","","Not applicable","Not applicable","None","","","true","false","false","","06-09-2026 21:08:45","system","486.713","","",""
"'@servicenow/now-pagination","sn_pagination","A pagination component","28.1.0","true","false","","","","28.1.0","false","","","false","Store Application","com.servicenow_now_pagination","","false","false","false","21-06-2024 11:33:39","tectonic","","","","","","","false","sn_pagination","","","","false","false","ECMAScript 2021 (ES12)","","","Distribution","28.1.0","false","","","false","false","","","","true","","","","false","","false","false","false","","","","Not applicable","Not applicable","Monitor","","","true","false","false","","17-03-2026 08:13:30","system","477.502","","",""
"'@servicenow/now-pagination-control","sn_pagination_cont","./README.md","28.12.7","true","false","","","","28.12.7","false","","","false","Store Application","com.servicenow_now_pagination_control","","false","false","false","09-07-2025 18:42:21","tectonic","","","","","","","false","sn_pagination_cont","","","","false","false","ECMAScript 2021 (ES12)","","","Distribution","28.12.7","false","","","false","false","","","","true","","","","false","","false","false","false","","","","Not applicable","Not applicable","None","","","true","false","false","","06-09-2026 21:08:45","system","486.713","","",""
"'@servicenow/now-pill","sn_pill","A small interactive label for filtering, selection, and other use cases.","28.12.7","true","false","","","","28.12.7","false","","","false","Store Application","com.servicenow_now_pill","","false","false","false","09-07-2025 18:41:25","tectonic","","","","","","","false","sn_pill","","","","false","false","ECMAScript 2021 (ES12)","","","Distribution","28.12.7","false","","","false","false","","","","true","","","","false","","false","false","false","","","","Not applicable","Not applicable","None","","","true","false","false","","06-09-2026 21:08:44","system","486.713","","",""
"'@servicenow/now-pill-list","now_pill_list","Pill List Component","25.0.3","true","false","","","","25.0.3","false","","","false","Store Application","com.servicenow_now_pill_list","","false","false","false","06-05-2024 06:22:03","tectonic","","","","","","","false","now_pill_list","","","","false","false","ECMAScript 2021 (ES12)","","","Distribution","25.0.3","false","","","false","false","","","","true","","","","false","","false","false","false","","","","Not applicable","Not applicable","Monitor","","","true","false","false","","07-11-2024 19:29:05","ADMMUF","476.389","","",""
"'@servicenow/now-popover","sn_popover","A Now Design System component called now-popover","28.12.7","true","false","","","","28.12.7","false","","","false","Store Application","com.servicenow_now_popover","","false","false","false","09-07-2025 18:38:03","tectonic","","","","","","","false","sn_popover","","","","false","false","ECMAScript 2021 (ES12)","","","Distribution","28.12.7","false","","","false","false","","","","true","","","","false","","false","false","false","","","","Not applicable","Not applicable","None","","","true","false","false","","06-09-2026 21:08:44","system","486.713","","",""
"'@servicenow/now-progress-bar","sn_progress_bar","A Now Design System component called now-progress-bar","28.12.7","true","false","","","","28.12.7","false","","","false","Store Application","com.servicenow_now_progress_bar","","false","false","false","09-07-2025 18:38:05","tectonic","","","","","","","false","sn_progress_bar","","","","false","false","ECMAScript 2021 (ES12)","","","Distribution","28.12.7","false","","","false","false","","","","true","","","","false","","false","false","false","","","","Not applicable","Not applicable","None","","","true","false","false","","06-09-2026 21:08:47","system","486.713","","",""
"'@servicenow/now-radio-buttons","sn_radio_buttons","An interactive control for selecting a single input from a group of mutually exclusive choices.","28.12.7","true","false","","","","28.12.7","false","","","false","Store Application","com.servicenow_now_radio_buttons","","false","false","false","09-07-2025 18:43:07","tectonic","","","","","","","false","sn_radio_buttons","","","","false","false","ECMAScript 2021 (ES12)","","","Distribution","28.12.7","false","","","false","false","","","","true","","","","false","","false","false","false","","","","Not applicable","Not applicable","None","","","true","false","false","","06-09-2026 21:08:45","system","486.713","","",""
"'@servicenow/now-radio-group","sn_radio_group","Seismic (snabbdom) component for rendering a radio group","28.12.2","true","false","","","","28.12.2","false","","","false","Store Application","com.servicenow_now_radio_group","","false","false","false","28-07-2025 00:24:15","tectonic","","","","","","","false","sn_radio_group","","","","false","false","ECMAScript 2021 (ES12)","","","Distribution","28.12.2","false","","","false","false","","","","true","","","","false","","false","false","false","","","","Not applicable","Not applicable","None","","","true","false","false","","06-09-2026 21:08:48","system","487.149","","",""
"'@servicenow/now-record-checkbox","sn_record_checkbox","Checkbox Component","28.12.2","true","false","","","","28.12.2","false","","","false","Store Application","com.servicenow_now_record_checkbox","","false","false","false","28-07-2025 00:24:47","tectonic","","","","","","","false","sn_record_checkbox","","","","false","false","ECMAScript 2021 (ES12)","","","Distribution","28.12.2","false","","","false","false","","","","true","","","","false","","false","false","false","","","","Not applicable","Not applicable","None","","","true","false","false","","06-09-2026 21:08:46","system","487.149","","",""
"'@servicenow/now-record-common","sn_now_record_side","Seismic Component for ServiceNow","28.10.3","true","false","","","","28.10.3","false","","","false","Store Application","com.servicenow_now_record_common","","false","false","false","30-07-2025 02:17:29","tectonic","","","","","","","false","sn_now_record_side","","","","false","false","ECMAScript 2021 (ES12)","","","Distribution","28.10.3","false","","","false","false","","","","true","","","","false","","false","false","false","","","","Not applicable","Not applicable","None","","","true","false","false","","06-09-2026 21:08:49","system","487.178","","",""
"'@servicenow/now-record-compact","sn_record_compact","Component to display a compact view of a record.","21.0.1","true","false","","","","21.0.1","false","","","false","Store Application","com.servicenow_now_record_compact","","false","false","false","06-10-2021 16:51:27","tectonic","","","","","","","false","sn_record_compact","","","","false","false","ES5 Standards Mode","","","Distribution","21.0.1","false","","","false","false","","","","true","","","","false","","false","false","false","","","","Not applicable","Not applicable","Monitor","","","true","false","false","","27-10-2022 18:01:07","system","453.766","","",""
"'@servicenow/now-record-date-picker","sn_record_date_pic","Date Picker control for Seismic","28.12.2","true","false","","","","28.12.2","false","","","false","Store Application","com.servicenow_now_record_date_picker","","false","false","false","28-07-2025 00:25:57","tectonic","","","","","","","false","sn_record_date_pic","","","","false","false","ECMAScript 2021 (ES12)","","","Distribution","28.12.2","false","","","false","false","","","","true","","","","false","","false","false","false","","","","Not applicable","Not applicable","None","","","true","false","false","","06-09-2026 21:08:46","system","487.149","","",""
"'@servicenow/now-record-field-lookup-connected","sn_record_field_lo","Connected Field Lookup Form Control","28.12.2","true","false","","","","28.12.2","false","","","false","Store Application","com.servicenow_now_record_field_lookup_connected","","false","false","false","28-07-2025 00:23:48","tectonic","","","","","","","false","sn_record_field_lo","","","","false","false","ECMAScript 2021 (ES12)","","","Distribution","28.12.2","false","","","false","false","","","","true","","","","false","","false","false","false","","","","Not applicable","Not applicable","None","","","true","false","false","","06-09-2026 21:08:46","system","487.149","","",""
"'@servicenow/now-record-form-connected","sn_now_record_form","Form Component","28.10.3","true","false","","","","28.10.3","false","","","false","Store Application","com.servicenow_now_record_form_connected","","false","false","false","30-07-2025 02:18:11","tectonic","","","","","","","false","sn_now_record_form","","","","false","false","ECMAScript 2021 (ES12)","","","Distribution","28.10.3","false","","","false","false","","","","true","","","","false","","false","false","false","","","","Not applicable","Not applicable","None","","","true","false","false","","06-09-2026 21:08:48","system","487.178","","",""
"'@servicenow/now-record-html-editor","sn_record_html_edi","HTML Editor Component","28.12.2","true","false","","","","28.12.2","false","","","false","Store Application","com.servicenow_now_record_html_editor","","false","false","false","28-07-2025 00:25:45","tectonic","","","","","","","false","sn_record_html_edi","","","","false","false","ECMAScript 2021 (ES12)","","","Distribution","28.12.2","false","","","false","false","","","","true","","","","false","","false","false","false","","","","Not applicable","Not applicable","None","","","true","false","false","","06-09-2026 21:08:48","system","487.149","","",""
"'@servicenow/now-record-ip-address","sn_record_ip_addre","IP Address Form Control","28.12.2","true","false","","","","28.12.2","false","","","false","Store Application","com.servicenow_now_record_ip_address","","false","false","false","28-07-2025 00:24:13","tectonic","","","","","","","false","sn_record_ip_addre","","","","false","false","ECMAScript 2021 (ES12)","","","Distribution","28.12.2","false","","","false","false","","","","true","","","","false","","false","false","false","","","","Not applicable","Not applicable","None","","","true","false","false","","06-09-2026 21:08:45","system","487.149","","",""
"'@servicenow/now-record-list","sn_rec_list","A general purpose presentational list component","28.0.13","true","false","","","","28.0.13","false","","","false","Store Application","com.servicenow_now_record_list","","false","false","false","25-10-2024 14:34:26","tectonic","","","","","","","false","sn_rec_list","","","","false","false","ECMAScript 2021 (ES12)","","","Distribution","28.0.13","false","","","false","false","","","","true","","","","false","","false","false","false","","","","Not applicable","Not applicable","Monitor","","","true","false","false","","17-03-2026 08:13:30","system","480.531","","",""
"'@servicenow/now-record-list-connected","sn_record_list_con","A general purpose connected list component","28.1.1","true","false","","","","28.1.1","false","","","false","Store Application","com.servicenow_now_record_list_connected","","false","false","false","04-08-2025 01:09:01","tectonic","","","","","","","false","sn_record_list_con","","","","false","false","ECMAScript 2021 (ES12)","","","Distribution","28.1.1","false","","","false","false","","","","true","","","","false","","false","false","false","","","","Not applicable","Not applicable","Monitor","","","true","false","false","","17-03-2026 08:13:30","system","487.308","","",""
"'@servicenow/now-record-list-filter-panel","sn_rec_list_flt_p","A component that displays current applied filters in form of pills","28.0.1","true","false","","","","28.0.1","false","","","false","Store Application","com.servicenow_now_record_list_filter_panel","","false","false","false","20-05-2024 15:41:38","tectonic","","","","","","","false","sn_rec_list_flt_p","","","","false","false","ECMAScript 2021 (ES12)","","","Distribution","28.0.1","false","","","false","false","","","","true","","","","false","","false","false","false","","","","Not applicable","Not applicable","Monitor","","","true","false","false","","06-11-2025 18:15:18","PKE","476.736","","",""
"'@servicenow/now-record-list-menu","sn_rec_list_menu","Presentational components for the list menu","18.2.6","true","false","","","","18.2.6","false","","","false","Store Application","com.servicenow_now_record_list_menu","","false","false","false","21-05-2020 18:03:21","tectonic","","","","","","","false","sn_rec_list_menu","","","","false","false","ES5 Standards Mode","","","Store","18.2.6","false","","","false","false","","","","true","","","","false","","false","false","false","","","","Not applicable","Not applicable","Monitor","","","true","false","false","","03-11-2021 20:18:10","ADMPKE","441.699","","",""
"'@servicenow/now-record-list-menu-connected","sn_rec_list_menu_c","List Menu Data Providers and Non-presentational Components","28.0.4","true","false","","","","28.0.4","false","","","false","Store Application","com.servicenow_now_record_list_menu_connected","","false","false","false","06-06-2024 19:43:41","tectonic","","","","","","","false","sn_rec_list_menu_c","","","","false","false","ECMAScript 2021 (ES12)","","","Distribution","28.0.4","false","","","false","false","","","","true","","","","false","","false","false","false","","","","Not applicable","Not applicable","Monitor","","","true","false","false","","15-12-2025 13:50:22","system","477.150","","",""
"'@servicenow/now-record-list-panel","nr_list_panel","a panel component with a slot for other components","28.0.1","true","false","","","","28.0.1","false","","","false","Store Application","com.servicenow_now_record_list_panel","","false","false","false","06-06-2024 19:42:49","tectonic","","","","","","","false","nr_list_panel","","","","false","false","ECMAScript 2021 (ES12)","","","Distribution","28.0.1","false","","","false","false","","","","true","","","","false","","false","false","false","","","","Not applicable","Not applicable","Monitor","","","true","false","false","","06-11-2025 18:15:16","PKE","477.148","","",""
"'@servicenow/now-record-mini-calendar","sn_record_mini_cal","Mini-Calendar for Seismic","28.12.2","true","false","","","","28.12.2","false","","","false","Store Application","com.servicenow_now_record_mini_calendar","","false","false","false","28-07-2025 00:25:55","tectonic","","","","","","","false","sn_record_mini_cal","","","","false","false","ECMAScript 2021 (ES12)","","","Distribution","28.12.2","false","","","false","false","","","","true","","","","false","","false","false","false","","","","Not applicable","Not applicable","None","","","true","false","false","","06-09-2026 21:08:46","system","487.149","","",""
"'@servicenow/now-record-number","sn_record_number","Number Component","28.12.2","true","false","","","","28.12.2","false","","","false","Store Application","com.servicenow_now_record_number","","false","false","false","28-07-2025 00:23:55","tectonic","","","","","","","false","sn_record_number","","","","false","false","ECMAScript 2021 (ES12)","","","Distribution","28.12.2","false","","","false","false","","","","true","","","","false","","false","false","false","","","","Not applicable","Not applicable","None","","","true","false","false","","06-09-2026 21:08:45","system","487.149","","",""
"'@servicenow/now-record-time","sn_record_time","SN Time for Seismic","28.12.2","true","false","","","","28.12.2","false","","","false","Store Application","com.servicenow_now_record_time","","false","false","false","28-07-2025 00:25:04","tectonic","","","","","","","false","sn_record_time","","","","false","false","ECMAScript 2021 (ES12)","","","Distribution","28.12.2","false","","","false","false","","","","true","","","","false","","false","false","false","","","","Not applicable","Not applicable","None","","","true","false","false","","06-09-2026 21:08:46","system","487.149","","",""
"'@servicenow/now-record-typeahead","sn_record_typeahea","Now Typeahead for Seismic","28.12.2","true","false","","","","28.12.2","false","","","false","Store Application","com.servicenow_now_record_typeahead","","false","false","false","28-07-2025 00:24:57","tectonic","","","","","","","false","sn_record_typeahea","","","","false","false","ECMAScript 2021 (ES12)","","","Distribution","28.12.2","false","","","false","false","","","","true","","","","false","","false","false","false","","","","Not applicable","Not applicable","None","","","true","false","false","","06-09-2026 21:08:46","system","487.149","","",""
"'@servicenow/now-record-typeahead-multiple","sn_record_typeahe1","TypeaheadMultiple for Seismic","28.12.2","true","false","","","","28.12.2","false","","","false","Store Application","com.servicenow_now_record_typeahead_multiple","","false","false","false","28-07-2025 00:24:55","tectonic","","","","","","","false","sn_record_typeahe1","","","","false","false","ECMAScript 2021 (ES12)","","","Distribution","28.12.2","false","","","false","false","","","","true","","","","false","","false","false","false","","","","Not applicable","Not applicable","None","","","true","false","false","","06-09-2026 21:08:46","system","487.149","","",""
"'@servicenow/now-rich-text","sn_rich_text","A Now Design System component called now-rich-text","28.12.7","true","false","","","","28.12.7","false","","","false","Store Application","com.servicenow_now_rich_text","","false","false","false","09-07-2025 18:38:13","tectonic","","","","","","","false","sn_rich_text","","","","false","false","ECMAScript 2021 (ES12)","","","Distribution","28.12.7","false","","","false","false","","","","true","","","","false","","false","false","false","","","","Not applicable","Not applicable","None","","","true","false","false","","06-09-2026 21:08:47","system","486.713","","",""
"'@servicenow/now-score","sn_score","Score components","28.3.0","true","false","","","","28.3.0","false","","","false","Store Application","com.servicenow_now_score","","false","false","false","27-08-2024 08:31:26","tectonic","","","No demo data","","","","true","sn_score","","09-11-2023 18:03:33","","true","true","ECMAScript 2021 (ES12)","","","Out of Band","28.5.6","true","","","false","false","","","","true","[]","","","false","","false","false","true","","","","Not applicable","Not applicable","Monitor","","","true","false","true","15-03-2026 17:02:39","10-09-2026 22:57:58","system","479.118","","",""
"'@servicenow/now-scripting-ui-components","sn_scrptng_ui_cmp","ServiceNow","28.1.1","true","false","","","","28.1.1","false","","","false","Store Application","com.servicenow_now_scripting_ui_components","","false","false","false","29-07-2025 12:45:38","tectonic","","","","","","","false","sn_scrptng_ui_cmp","","","","false","false","ECMAScript 2021 (ES12)","","","Distribution","28.1.1","false","","","false","false","","","","true","","","","false","","false","false","false","","","","Not applicable","Not applicable","Monitor","","","true","false","false","","03-05-2026 22:35:03","system","487.175","","",""
"'@servicenow/now-select","sn_select","A form control that provides a dropdown of options for a user to select from","28.12.7","true","false","","","","28.12.7","false","","","false","Store Application","com.servicenow_now_select","","false","false","false","09-07-2025 18:43:11","tectonic","","","","","","","false","sn_select","","","","false","false","ECMAScript 2021 (ES12)","","","Distribution","28.12.7","false","","","false","false","","","","true","","","","false","","false","false","false","","","","Not applicable","Not applicable","None","","","true","false","false","","06-09-2026 21:08:45","system","486.713","","",""
"'@servicenow/now-sla-timer","now-sla-timer","SLA timer for configurable workspaces","26.0.5","true","false","","","","26.0.5","false","","","false","Store Application","com.servicenow_now_sla_timer","","false","false","false","27-03-2024 06:17:39","tectonic","","","","","","","false","now-sla-timer","","","","false","false","ECMAScript 2021 (ES12)","","","Distribution","26.0.5","false","","","false","false","","","","true","","","","false","","false","false","false","","","","Not applicable","Not applicable","Monitor","","","true","false","false","","07-11-2024 19:29:01","ADMMUF","475.430","","",""
"'@servicenow/now-split-button","sn_split_button","A button with additional dropdown options","28.12.7","true","false","","","","28.12.7","false","","","false","Store Application","com.servicenow_now_split_button","","false","false","false","09-07-2025 18:42:43","tectonic","","","","","","","false","sn_split_button","","","","false","false","ECMAScript 2021 (ES12)","","","Distribution","28.12.7","false","","","false","false","","","","true","","","","false","","false","false","false","","","","Not applicable","Not applicable","None","","","true","false","false","","06-09-2026 21:08:45","system","486.713","","",""
"'@servicenow/now-stepper","sn_stepper","A Now Design System component called now-stepper","28.12.7","true","false","","","","28.12.7","false","","","false","Store Application","com.servicenow_now_stepper","","false","false","false","09-07-2025 18:41:34","tectonic","","","","","","","false","sn_stepper","","","","false","false","ECMAScript 2021 (ES12)","","","Distribution","28.12.7","false","","","false","false","","","","true","","","","false","","false","false","false","","","","Not applicable","Not applicable","None","","","true","false","false","","06-09-2026 21:08:45","system","486.713","","",""
"'@servicenow/now-stylized-text","uxf_stylized_text","Stylized Text for UI Builder components toolbox","0.1.19","true","false","","","","0.1.19","false","","","false","Store Application","com.servicenow_now_stylized_text","","false","false","false","06-10-2023 07:47:36","tectonic","","","","","","","false","uxf_stylized_text","","","","false","false","ECMAScript 2021 (ES12)","","","Distribution","0.1.19","false","","","false","false","","","","true","","","","false","","false","false","false","","","","Not applicable","Not applicable","Monitor","","","true","false","false","","07-11-2024 19:29:02","ADMMUF","471.278","","",""
"'@servicenow/now-stylized-text","sn_stylized_text","Stylized Text for UI Builder components toolbox","28.12.7","true","false","","","","28.12.7","false","","","false","Store Application","com.servicenow_now_stylized_text","","false","false","false","06-11-2025 17:47:18","tectonic","","","","","","","false","sn_stylized_text","","","","false","false","ECMAScript 2021 (ES12)","","","Distribution","28.12.7","false","","","false","false","","","","true","","","","false","","false","false","false","","","","Not applicable","Not applicable","None","","","true","false","false","","06-09-2026 21:08:47","system","19","","",""
"'@servicenow/now-tabs","sn_tabs","Horizontal and vertical tab menus for navigating between tabbed content","28.12.7","true","false","","","","28.12.7","false","","","false","Store Application","com.servicenow_now_tabs","","false","false","false","09-07-2025 18:42:49","tectonic","","","","","","","false","sn_tabs","","","","false","false","ECMAScript 2021 (ES12)","","","Distribution","28.12.7","false","","","false","false","","","","true","","","","false","","false","false","false","","","","Not applicable","Not applicable","None","","","true","false","false","","06-09-2026 21:08:46","system","486.713","","",""
"'@servicenow/now-template-card","sn_template_card","Card templates","28.12.7","true","false","","","","28.12.7","false","","","false","Store Application","com.servicenow_now_template_card","","false","false","false","09-07-2025 18:42:46","tectonic","","","","","","","false","sn_template_card","","","","false","false","ECMAScript 2021 (ES12)","","","Distribution","28.12.7","false","","","false","false","","","","true","","","","false","","false","false","false","","","","Not applicable","Not applicable","None","","","true","false","false","","06-09-2026 21:08:48","system","486.713","","",""
"'@servicenow/now-template-message","sn_template_messag","Component that lays out an illustration, heading, short description, and optional action buttons.","28.12.7","true","false","","","","28.12.7","false","","","false","Store Application","com.servicenow_now_template_message","","false","false","false","09-07-2025 18:41:32","tectonic","","","","","","","false","sn_template_messag","","","","false","false","ECMAScript 2021 (ES12)","","","Distribution","28.12.7","false","","","false","false","","","","true","","","","false","","false","false","false","","","","Not applicable","Not applicable","None","","","true","false","false","","06-09-2026 21:08:44","system","486.713","","",""
"'@servicenow/now-text-link","sn_text_link","A styled link displayed as a text label","28.12.7","true","false","","","","28.12.7","false","","","false","Store Application","com.servicenow_now_text_link","","false","false","false","09-07-2025 18:40:43","tectonic","","","","","","","false","sn_text_link","","","","false","false","ECMAScript 2021 (ES12)","","","Distribution","28.12.7","false","","","false","false","","","","true","","","","false","","false","false","false","","","","Not applicable","Not applicable","None","","","true","false","false","","06-09-2026 21:08:47","system","486.713","","",""
"'@servicenow/now-textarea","sn_textarea","Form element for longform text input","28.12.7","true","false","","","","28.12.7","false","","","false","Store Application","com.servicenow_now_textarea","","false","false","false","09-07-2025 18:43:14","tectonic","","","","","","","false","sn_textarea","","","","false","false","ECMAScript 2021 (ES12)","","","Distribution","28.12.7","false","","","false","false","","","","true","","","","false","","false","false","false","","","","Not applicable","Not applicable","None","","","true","false","false","","06-09-2026 21:08:47","system","486.713","","",""
"'@servicenow/now-toggle","sn_toggle","A toggle component","28.12.7","true","false","","","","28.12.7","false","","","false","Store Application","com.servicenow_now_toggle","","false","false","false","09-07-2025 18:38:21","tectonic","","","","","","","false","sn_toggle","","","","false","false","ECMAScript 2021 (ES12)","","","Distribution","28.12.7","false","","","false","false","","","","true","","","","false","","false","false","false","","","","Not applicable","Not applicable","None","","","true","false","false","","06-09-2026 21:08:44","system","486.713","","",""
"'@servicenow/now-tooltip","sn_tooltip","A descriptive message that appears near another element on hover or click.","28.12.7","true","false","","","","28.12.7","false","","","false","Store Application","com.servicenow_now_tooltip","","false","false","false","09-07-2025 18:38:22","tectonic","","","","","","","false","sn_tooltip","","","","false","false","ECMAScript 2021 (ES12)","","","Distribution","28.12.7","false","","","false","false","","","","true","","","","false","","false","false","false","","","","Not applicable","Not applicable","None","","","true","false","false","","06-09-2026 21:08:44","system","486.713","","",""
"'@servicenow/now-trigger-library","sn_now_trigger_lib","Keyboard shortcuts library","28.1.15","true","false","","","","28.1.15","false","","","false","Store Application","com.servicenow_now_trigger_library","","false","false","false","10-07-2026 08:40:07","tectonic","","","","","","","false","sn_now_trigger_lib","","","","false","false","ECMAScript 2021 (ES12)","","","Distribution","28.1.15","false","","","false","false","","","","true","","","","false","","false","false","false","","","","Not applicable","Not applicable","None","","","true","false","false","","06-09-2026 21:08:44","system","495.471","","",""
"'@servicenow/now-typeahead","sn_typeahead","Form element for text input with a dropdown to show relavant or suggested values","28.12.7","true","false","","","","28.12.7","false","","","false","Store Application","com.servicenow_now_typeahead","","false","false","false","09-07-2025 18:43:28","tectonic","","","","","","","false","sn_typeahead","","","","false","false","ECMAScript 2021 (ES12)","","","Distribution","28.12.7","false","","","false","false","","","","true","","","","false","","false","false","false","","","","Not applicable","Not applicable","None","","","true","false","false","","06-09-2026 21:08:46","system","486.713","","",""
"'@servicenow/now-uxf-page","sn_uxf_page","Seismic Next UI Capabilities Components","28.0.37","true","false","","","","28.0.37","false","","","false","Store Application","com.servicenow_now_uxf_page","","false","false","false","16-10-2024 00:14:01","tectonic","","","","","","","false","sn_uxf_page","","","","false","false","ECMAScript 2021 (ES12)","","","Distribution","28.0.37","false","","","false","false","","","","true","","","","false","","false","false","false","","","","Not applicable","Not applicable","Monitor","","","true","false","false","","09-06-2026 02:02:57","system","480.301","","",""
"'@servicenow/now-uxf-tab-set","now_uxf_tab_set","Tab set component that supports subrouting","28.0.27","true","false","","","","28.0.27","false","","","false","Store Application","com.servicenow_now_uxf_tab_set","","false","false","false","18-11-2024 17:30:48","tectonic","","","","","","","false","now_uxf_tab_set","","","","false","false","ECMAScript 2021 (ES12)","","","Distribution","28.0.27","false","","","false","false","","","","true","","","","false","","false","false","false","","","","Not applicable","Not applicable","Monitor","","","true","false","false","","17-03-2026 08:13:32","system","481.110","","",""
"'@servicenow/now-uxf-visualization-config-panel","sn_uxf_viz_config","Seismic component for visualizations config panel","23.0.6","true","false","","","","23.0.6","false","","","false","Store Application","com.servicenow_now_uxf_visualization_config_panel","","false","false","false","07-04-2025 12:16:30","tectonic","","","","","","","false","sn_uxf_viz_config","","","","false","false","ECMAScript 2021 (ES12)","","","Distribution","23.0.6","false","","","false","false","","","","true","","","","false","","false","false","false","","","","Not applicable","Not applicable","Monitor","","","true","false","false","","06-11-2025 18:15:16","PKE","484.459","","",""
"'@servicenow/now-uxf-visualization-connected","sn_uxf_viz_connect","Widget visualization for now-uxf-page","21.1.6","true","false","","","","21.1.6","false","","","false","Store Application","com.servicenow_now_uxf_visualization_connected","","false","false","false","07-04-2025 13:02:40","tectonic","","","","","","","false","sn_uxf_viz_connect","","","","false","false","ES5 Standards Mode","","","Distribution","21.1.6","false","","","false","false","","","","true","","","","false","","false","false","false","","","","Not applicable","Not applicable","Monitor","","","true","false","false","","06-11-2025 18:15:18","PKE","484.460","","",""
"'@servicenow/now-vis-bar","sn_vis_bar","Seismic component for Bar charts","28.3.0","true","false","","","","28.3.0","false","","","false","Store Application","com.servicenow_now_vis_bar","","false","false","false","27-08-2024 08:24:51","tectonic","","","No demo data","","","","true","sn_vis_bar","","09-11-2023 18:03:35","","true","true","ECMAScript 2021 (ES12)","","","Out of Band","28.5.6","true","","","false","false","","","","true","[]","","","false","","false","false","true","","","","Not applicable","Not applicable","Monitor","","","true","false","true","15-03-2026 17:02:39","11-09-2026 19:50:56","system","479.118","","",""
"'@servicenow/now-vis-boxplot","sn_vis_boxplot","Seismic component for boxplot","28.3.0","true","false","","","","28.3.0","false","","","false","Store Application","com.servicenow_now_vis_boxplot","","false","false","false","06-11-2025 17:13:31","tectonic","","","No demo data","","","","true","sn_vis_boxplot","","06-11-2025 17:56:12","","true","true","ECMAScript 2021 (ES12)","","","Out of Band","28.5.6","true","","","false","false","","","","true","[]","","","false","","false","false","true","","","","Not applicable","Not applicable","Monitor","","","true","false","true","15-03-2026 17:02:39","11-09-2026 19:50:53","system","19","","",""
"'@servicenow/now-vis-dial","sn_vis_dial","Seismic component for Dial charts","28.3.0","true","false","","","","28.3.0","false","","","false","Store Application","com.servicenow_now_vis_dial","","false","false","false","27-08-2024 08:30:47","tectonic","","","No demo data","","","","true","sn_vis_dial","","09-11-2023 18:03:38","","true","true","ECMAScript 2021 (ES12)","","","Out of Band","28.5.6","true","","","false","false","","","","true","[]","","","false","","false","false","true","","","","Not applicable","Not applicable","Monitor","","","true","false","true","15-03-2026 17:02:42","11-09-2026 19:50:52","system","479.118","","",""
"'@servicenow/now-vis-gauge","sn_vis_gauge","Seismic component for Gauge charts","28.3.0","true","false","","","","28.3.0","false","","","false","Store Application","com.servicenow_now_vis_gauge","","false","false","false","27-08-2024 08:25:28","tectonic","","","No demo data","","","","true","sn_vis_gauge","","09-11-2023 18:03:42","","true","true","ECMAScript 2021 (ES12)","","","Out of Band","28.5.6","true","","","false","false","","","","true","[]","","","false","","false","false","true","","","","Not applicable","Not applicable","Monitor","","","true","false","true","15-03-2026 17:02:42","11-09-2026 19:50:57","system","479.118","","",""
"'@servicenow/now-vis-navigator","sn_vis_navigator","Seismic component for Timeseries charts","28.3.0","true","false","","","","28.3.0","false","","","false","Store Application","com.servicenow_now_vis_navigator","","false","false","false","27-08-2024 08:25:32","tectonic","","","No demo data","","","","true","sn_vis_navigator","","09-11-2023 18:03:45","","true","true","ECMAScript 2021 (ES12)","","","Out of Band","28.5.6","true","","","false","false","","","","true","[]","","","false","","false","false","true","","","","Not applicable","Not applicable","Monitor","","","true","false","true","15-03-2026 17:02:42","11-09-2026 19:50:53","system","479.118","","",""
"'@servicenow/now-vis-pie","sn_vis_pie","Seismic component for Donut and Pie charts","28.3.0","true","false","","","","28.3.0","false","","","false","Store Application","com.servicenow_now_vis_pie","","false","false","false","27-08-2024 08:26:00","tectonic","","","No demo data","","","","true","sn_vis_pie","","09-11-2023 18:03:47","","true","true","ECMAScript 2021 (ES12)","","","Out of Band","28.5.6","true","","","false","false","","","","true","[]","","","false","","false","false","true","","","","Not applicable","Not applicable","Monitor","","","true","false","true","15-03-2026 17:02:42","11-09-2026 19:50:55","system","479.118","","",""
"'@servicenow/now-vis-sparkline","sn_vis_sparkline","Seismic component for a sparkline chart","28.3.0","true","false","","","","28.3.0","false","","","false","Store Application","com.servicenow_now_vis_sparkline","","false","false","false","27-08-2024 08:26:24","tectonic","","","No demo data","","","","true","sn_vis_sparkline","","09-11-2023 18:01:31","","true","true","ECMAScript 2021 (ES12)","","","Out of Band","28.5.6","true","","","false","false","","","","true","[]","","","false","","false","false","true","","","","Not applicable","Not applicable","Monitor","","","true","false","true","15-03-2026 17:02:37","11-09-2026 19:50:56","system","479.118","","",""
"'@servicenow/now-vis-timeseries","sn_vis_timeseries","Seismic component for Timeseries charts","28.3.0","true","false","","","","28.3.0","false","","","false","Store Application","com.servicenow_now_vis_timeseries","","false","false","false","27-08-2024 08:26:36","tectonic","","","No demo data","","","","true","sn_vis_timeseries","","09-11-2023 18:03:50","","true","true","ECMAScript 2021 (ES12)","","","Out of Band","28.5.6","true","","","false","false","","","","true","[]","","","false","","false","false","true","","","","Not applicable","Not applicable","Monitor","","","true","false","true","15-03-2026 17:02:43","11-09-2026 19:50:52","system","479.118","","",""
"'@servicenow/sn-banner-announcement","sn_banner_list","Component that displays information from the banner announcement table, such as upcoming maintenance or important events across a now experience","26.7.1","true","false","","","","26.7.1","false","","","false","Store Application","com.servicenow_sn_banner_announcement","","false","false","false","19-02-2025 16:56:22","tectonic","","","","","","","false","sn_banner_list","","","","false","false","ECMAScript 2021 (ES12)","","","Distribution","26.7.1","false","","","false","false","","","","true","","","","false","","false","false","false","","","","Not applicable","Not applicable","Monitor","","","true","false","false","","21-04-2025 04:40:07","system","483.337","","",""
"'@servicenow/sn-builder-core","sn_builder_core","The core set of UI and logic for the UI Builder suite","28.1.49","true","false","[]","","","28.1.49","false","","","true","Store Application","com.sn_builder_core","Zurich;","false","false","false","23-09-2024 15:32:06","tectonic","0","","No demo data","","","","false","sn_builder_core","","07-11-2024 20:05:18","","false","true","ECMAScript 2021 (ES12)","","[]","Out of Band","28.2.54","true","","","false","false","","","Free","true","[]","","undefined","false","","false","false","true","undefined","","","Not applicable","Not applicable","Monitor","","","true","false","true","06-11-2025 18:27:01","10-09-2026 22:57:46","system","479.781","","ServiceNow","sn"
"'@servicenow/sn-cb-api","sn_cb_api","Components Builder APIs","27.2.29","true","false","[]","","","27.2.29","false","","","true","Store Application","com.servicenow_sn_cb_api","Brazil;Yokohama;Zurich;","false","false","false","20-02-2024 14:21:48","tectonic","0","","No demo data","","","","false","sn_cb_api","","07-11-2024 20:07:58","","false","true","ECMAScript 2021 (ES12)","","[]","Out of Band","27.2.29","true","","","false","false","sn_cb_api/@servicenow/sn-cb-api/27.2.29/package.json","","Free","true","[]","","undefined","false","","false","false","true","undefined","","","Not applicable","Not applicable","Monitor","","","true","true","false","06-11-2025 17:56:04","01-09-2026 21:11:10","system","474.578","","ServiceNow","sn"
"'@servicenow/sn-cb-asset-picker","sn_cb_asset_picker","icon-preview","27.2.29","true","false","[]","","","27.2.29","false","","","true","Store Application","com.servicenow_sn_cb_asset_picker","Brazil;Yokohama;Zurich;","false","false","false","24-09-2024 14:44:25","tectonic","0","","No demo data","","","","false","sn_cb_asset_picker","","07-11-2024 20:08:02","","false","true","ECMAScript 2021 (ES12)","","[]","Out of Band","27.2.29","true","","","false","false","","","Free","true","[]","","undefined","false","","false","false","true","undefined","","","Not applicable","Not applicable","Monitor","","","true","false","false","06-11-2025 17:56:13","01-09-2026 21:11:10","system","479.790","","",""
"'@servicenow/sn-cb-commons","sn_cb_commons","Library for common helpers","27.2.29","true","false","[]","","","27.2.29","false","","","true","Store Application","com.servicenow_sn_cb_commons","Brazil;Yokohama;Zurich;","false","false","false","24-09-2024 14:44:01","tectonic","0","","No demo data","","","","false","sn_cb_commons","","07-11-2024 20:07:59","","false","true","ECMAScript 2021 (ES12)","","[]","Out of Band","27.2.29","true","","","false","false","","","Free","true","[]","","undefined","false","","false","false","true","undefined","","","Not applicable","Not applicable","Monitor","","","true","false","false","06-11-2025 17:56:15","01-09-2026 21:11:09","system","479.790","","ServiceNow","sn"
"'@servicenow/sn-cb-events-navigator","sn_cb_events_nav","Events navigator","27.2.29","true","false","[]","","","27.2.29","false","","","true","Store Application","com.servicenow_sn_cb_events_navigator","Brazil;Yokohama;Zurich;","false","false","false","24-09-2024 14:44:08","tectonic","0","","No demo data","","","","false","sn_cb_events_nav","","07-11-2024 20:08:10","","false","true","ECMAScript 2021 (ES12)","","[]","Out of Band","27.2.29","true","","","false","false","","","Free","true","[]","","undefined","false","","false","false","true","undefined","","","Not applicable","Not applicable","Monitor","","","true","false","false","06-11-2025 17:56:15","01-09-2026 21:11:12","system","479.790","","",""
"'@servicenow/sn-cb-experiences","sn_cb_experiences","Components Builder Pages","27.2.29","true","false","[]","","","27.2.29","false","","","true","Store Application","com.servicenow_sn_cb_experiences","Brazil;Yokohama;Zurich;","false","false","false","24-09-2024 14:44:29","tectonic","0","","No demo data","sn_builder_core:27.2.47","","","false","sn_cb_experiences","","07-11-2024 20:08:09","","false","true","ECMAScript 2021 (ES12)","","[]","Out of Band","27.2.29","true","","","false","false","","","Free","true","[]","","undefined","false","","false","false","true","undefined","","","Not applicable","Not applicable","Monitor","","","true","false","false","06-11-2025 17:56:57","03-09-2026 01:16:23","system","479.790","","ServiceNow","sn"
"'@servicenow/sn-cb-presets","sn_cb_presets","sn-cb-presets","27.2.29","true","false","[]","","","27.2.29","false","","","false","Store Application","com.servicenow_sn_cb_presets","Brazil;Yokohama;Zurich;","false","false","false","06-11-2025 17:14:57","tectonic","0","","No demo data","","","","false","sn_cb_presets","","06-11-2025 17:56:21","","false","true","ECMAScript 2021 (ES12)","","[]","Out of Band","27.2.29","true","","","false","false","","","Free","true","[]","","undefined","false","","false","false","true","undefined","","","Not applicable","Not applicable","Monitor","","","true","false","false","06-11-2025 17:56:21","01-09-2026 21:11:12","system","8","","",""
"'@servicenow/sn-cb-property-navigator","sn_cb_prop_nav","Properties navigator","27.2.29","true","false","[]","","","27.2.29","false","","","true","Store Application","com.servicenow_sn_cb_property_navigator","Brazil;Yokohama;Zurich;","false","false","false","24-09-2024 14:44:29","tectonic","0","","No demo data","","","","false","sn_cb_prop_nav","","07-11-2024 20:08:12","","false","true","ECMAScript 2021 (ES12)","","[]","Out of Band","27.2.29","true","","","false","false","","","Free","true","[]","","undefined","false","","false","false","true","undefined","","","Not applicable","Not applicable","Monitor","","","true","false","false","06-11-2025 17:56:05","01-09-2026 21:11:11","system","479.790","","",""
"'@servicenow/sn-cb-property-pane","sn_cb_props_pane","Configuration of properties","27.2.29","true","false","[]","","","27.2.29","false","","","true","Store Application","com.servicenow_sn_cb_property_pane","Brazil;Yokohama;Zurich;","false","false","false","24-09-2024 14:44:19","tectonic","0","","No demo data","","","","false","sn_cb_props_pane","","07-11-2024 20:08:14","","false","true","ECMAScript 2021 (ES12)","","[]","Out of Band","27.2.29","true","","","false","false","","","Free","true","[]","","undefined","false","","false","false","true","undefined","","","Not applicable","Not applicable","Monitor","","","true","false","false","06-11-2025 17:56:05","01-09-2026 21:11:13","system","479.790","","",""
"'@servicenow/sn-cb-select-dot-walk","sn_cb_dot_walk","Dot walk wrapper","26.2.22","true","false","[{""id"":""incompatible"",""order"":1,""message"":""Incompatible"",""tooltip"":""Your instance and app version are incompatible. Please make sure to select a compatible app version."",""type"":""error"",""show_as_filter"":true}]","","","26.2.22","false","","","true","Store Application","com.servicenow_sn_cb_select_dot_walk","Xanadu;Yokohama;","false","false","false","24-09-2024 14:44:11","tectonic","0","","No demo data","","","","false","sn_cb_dot_walk","","07-11-2024 20:08:03","","false","true","ECMAScript 2021 (ES12)","","[]","Store","26.2.22","true","","","false","false","","","Free","true","[]","","undefined","false","","false","false","true","undefined","","","Not applicable","Not applicable","Monitor","","","true","false","false","07-11-2024 20:08:03","05-06-2026 04:51:16","system","479.786","","ServiceNow",""
"'@servicenow/sn-cb-slide-modal","sn_cb_slide_modal","Component builder slide modal","27.2.29","true","false","[]","","","27.2.29","false","","","true","Store Application","com.servicenow_sn_cb_slide_modal","Brazil;Yokohama;Zurich;","false","false","false","24-09-2024 14:44:21","tectonic","0","","No demo data","","","","false","sn_cb_slide_modal","","07-11-2024 20:08:15","","false","true","ECMAScript 2021 (ES12)","","[]","Out of Band","27.2.29","true","","","false","false","","","Free","true","[]","","undefined","false","","false","false","true","undefined","","","Not applicable","Not applicable","Monitor","","","true","false","false","06-11-2025 17:56:15","01-09-2026 21:11:14","system","479.790","","",""
"'@servicenow/sn-cb-theme-picker","sn_cb_theme","Theme picker component","27.2.29","true","false","[]","","","27.2.29","false","","","true","Store Application","com.servicenow_sn_cb_theme_picker","Brazil;Yokohama;Zurich;","false","false","false","24-09-2024 14:44:02","tectonic","0","","No demo data","","","","false","sn_cb_theme","","07-11-2024 20:08:00","","false","true","ECMAScript 2021 (ES12)","","[]","Out of Band","27.2.29","true","","","false","false","","","Free","true","[]","","undefined","false","","false","false","true","undefined","","","Not applicable","Not applicable","Monitor","","","true","false","false","06-11-2025 17:56:21","01-09-2026 21:11:11","system","479.790","","",""
"'@servicenow/sn-cb-usage","sn_cb_usage","Component builder usage","27.2.29","true","false","[]","","","27.2.29","false","","","true","Store Application","com.servicenow_sn_cb_usage","Brazil;Yokohama;Zurich;","false","false","false","24-09-2024 14:44:08","tectonic","0","","No demo data","","","","false","sn_cb_usage","","07-11-2024 20:08:17","","false","true","ECMAScript 2021 (ES12)","","[]","Out of Band","27.2.29","true","","","false","false","","","Free","true","[]","","undefined","false","","false","false","true","undefined","","","Not applicable","Not applicable","Monitor","","","true","false","false","06-11-2025 17:56:14","01-09-2026 21:11:08","system","479.790","","",""
"'@servicenow/sn-component-builder","sn_cmpnt_builder","The core set of UI and logic for the UI Builder suite","28.1.19","true","false","[]","","","28.1.19","false","","","false","Store Application","com.sn_component_builder","Zurich;","false","false","false","06-11-2025 17:14:04","tectonic","0","","No demo data","","","","false","sn_cmpnt_builder","","06-11-2025 17:56:19","","false","true","ECMAScript 2021 (ES12)","","[]","Out of Band","28.2.51","true","","","false","false","","","Free","true","[]","","undefined","false","","false","false","true","undefined","","","Not applicable","Not applicable","Monitor","","","true","false","true","06-11-2025 18:30:12","10-09-2026 22:57:49","system","14","","ServiceNow","sn"
"'@servicenow/sn-controller-builder","sn_cntrl_builder","A builder for UX Controllers","28.1.13","true","false","[]","","","28.1.13","false","","","true","Store Application","com.sn_controller_builder","Zurich;","false","false","false","16-09-2024 08:04:28","tectonic","0","","No demo data","","","","false","sn_cntrl_builder","","07-11-2024 20:05:21","","false","true","ECMAScript 2021 (ES12)","","[]","Out of Band","28.2.17","true","","","false","false","","","Free","true","[]","","undefined","false","","false","false","true","undefined","","","Not applicable","Not applicable","Monitor","","","true","false","true","06-11-2025 18:27:03","10-09-2026 22:57:59","system","479.599","","ServiceNow","sn"
"'@servicenow/sn-enhanced-content-editor","sn_enhanced_editor","Document Builder Core","31.12.0","true","false","[]","","","31.12.0","false","","","false","Store Application","com.servicenow_sn_enhanced_content_editor","Zurich;","false","true","false","14-12-2025 18:41:49","tectonic","0","","No demo data","","","","false","sn_enhanced_editor","","14-12-2025 18:45:03","","false","true","ECMAScript 2021 (ES12)","","[]","Out of Band","31.12.0","true","","","false","false","","","Free","true","[]","","undefined","false","","false","false","true","undefined","","","Not applicable","Not applicable","Monitor","","","true","false","false","06-09-2026 20:50:40","06-09-2026 21:08:59","system","18","","",""
"'@servicenow/sn-preset-builder","sn_preset_builder","A builder for UX Presets","28.1.8","true","false","[]","","","28.1.8","false","","","true","Store Application","com.sn_preset_builder","Zurich;","false","false","false","16-09-2024 14:58:55","tectonic","0","","No demo data","","","","false","sn_preset_builder","","07-11-2024 20:05:25","","false","true","ECMAScript 2021 (ES12)","","[]","Out of Band","28.2.14","true","","","false","false","","","Free","true","[]","","undefined","false","","false","false","true","undefined","","","Not applicable","Not applicable","Monitor","","","true","false","true","06-11-2025 18:27:06","10-09-2026 22:57:54","system","479.605","","ServiceNow","sn"
"'@servicenow/sn-uxf-dashboard","sn_uxf_dashboard","Seismic Dashboard component","27.0.0","true","false","","","","27.0.0","false","","","false","Store Application","com.servicenow_sn_uxf_dashboard","","false","false","false","03-05-2023 05:12:00","tectonic","","","","","","","false","sn_uxf_dashboard","","","","false","false","ECMAScript 2021 (ES12)","","","Distribution","27.0.0","false","","","false","false","","","","true","","","","false","","false","false","false","","","","Not applicable","Not applicable","Monitor","","","true","false","false","","06-11-2025 18:15:19","PKE","467.534","","",""
"'@servicenow/sn-window-manager","sn_now_window_mngr","Now Window Manager","29.2.15-zp12","true","false","","","","29.2.15-zp12","false","","","false","Store Application","com.servicenow_sn_window_manager","","false","false","false","06-11-2025 17:40:56","tectonic","","","","","","","false","sn_now_window_mngr","","","","false","false","ECMAScript 2021 (ES12)","","","Distribution","29.2.15-zp12","false","","","false","false","","","","true","","","","false","","false","false","false","","","","Not applicable","Not applicable","None","","","true","false","false","","06-09-2026 21:08:45","system","15","","",""
"'@servicenow/ui-analytics-bundle","sn_servicenow_ui_a","Initializes an instance of the core analytics API","3.3.9","true","false","","","","3.3.9","false","","","false","Store Application","com.servicenow_ui_analytics_bundle","","false","false","false","26-04-2024 14:40:15","tectonic","","","","","","","false","sn_servicenow_ui_a","","","","false","false","ECMAScript 2021 (ES12)","","","Distribution","3.3.9","false","","","false","false","","","","true","","","","false","","false","false","false","","","","Not applicable","Not applicable","None","","","true","false","false","","06-09-2026 21:08:47","system","476.172","","",""
"Access Analyzer","sn_access_analyzer","Portal for admins to analyze users access to resources","5.0.1","true","false","[]","","","5.0.1","false","","","true","Store Application","com.snc.access_analyzer","Zurich;","false","false","false","25-11-2022 12:05:44","admin","0","","No demo data","com.glide.identity.security:sys","","","false","sn_access_analyzer","","07-03-2024 15:16:51","","false","true","ECMAScript 2021 (ES12)","","[]","Store","6.2.1","false","","","false","false","","","Free","false","[]","","undefined","false","","false","false","false","undefined","","","Not applicable","Not applicable","Monitor","","","true","false","true","06-11-2025 18:48:47","10-07-2026 14:04:18","system","9","","ServiceNow","sn"
"Admin Center","sn_admin_center","Central application to manage common admin tasks","4.2.6","true","false","[]","","","4.2.6","false","","","false","Store Application","com.sn_admin_center","Xanadu;Yokohama;Zurich;","false","true","false","11-12-2020 00:35:30","tectonic","0","","No demo data","sn_ace:3.1.1, sn_config_hub:1.0.2","","","false","sn_admin_center","","27-10-2022 18:27:35","","false","true","ECMAScript 2021 (ES12)","","[]","Store","6.2.1","false","","","false","false","","","Free","false","[]","","undefined","false","","false","false","true","undefined","","","Not applicable","Not applicable","Monitor","","","true","false","true","06-11-2025 18:39:14","06-09-2026 21:08:50","system","446.587","","",""
"Admin Experience Framework","sn_ace","A builder for Admin Experience with an easy configurable approach","5.1.1","true","false","[]","","","5.1.1","false","","","true","Store Application","com.sn.ace_framework","Xanadu;Yokohama;Zurich;","false","false","false","25-03-2025 06:24:03","tectonic","0","","No demo data","","","","false","sn_ace","","27-10-2022 18:27:20","{""installed_user"":{""user_id"":""PKE"",""user_email"":""PKE@ATP.DK""}}","false","true","ECMAScript 2021 (ES12)","","[]","Out of Band","5.3.0","true","","","false","false","","","Free","true","[]","","undefined","false","","false","false","true","undefined","","","Not applicable","Not applicable","Monitor","","","true","false","true","06-11-2025 17:56:00","13-03-2026 03:04:25","system","484.147","","ServiceNow","sn"
"Adoption Blueprint for Technology Excellence","sn_itsm_bus_obj","Adoption Blueprint for Technology Excellence content pack for admin users.","1.4.2","true","false","","","","1.4.2","false","","","true","Store Application","com.sn_itsm_bus_obj","","false","false","false","11-02-2022 21:57:06","admin","","","No demo data","sn_admin_center:2.0.3","","","false","sn_itsm_bus_obj","","27-10-2022 18:44:36","","false","true","ES5 Standards Mode","","","Out of Band","1.5.0","false","","","false","false","","","","false","[]","","","false","Tracking","false","false","false","","","","Not applicable","Not applicable","Monitor","","","true","false","true","07-11-2024 18:47:44","05-12-2025 20:19:01","system","2","","ServiceNow",""
"Advanced AI Search Management Tools","sn_ais_admin_tools","Tools for AI search dashboards and tools for administrators.","7.0.2","true","false","[]","","","7.0.2","false","","","false","Store Application","com.glide.ais.advanced_management_tools","Yokohama;Zurich;","false","true","false","07-10-2020 00:59:30","admin","0","","No demo data","com.glide.ais:sys, com.glide.service-portal.analytics:sys","","","false","sn_ais_admin_tools","","19-12-2022 21:02:44","{""installed_user"":{""user_id"":""ADMPKE"",""user_email"":null}}","false","true","ES5 Standards Mode","","[]","Store","9.0.2","true","","","false","false","","","Free","false","[]","","undefined","false","none","false","false","false","undefined","","","Not applicable","Not applicable","Monitor","","","true","false","true","06-11-2025 18:43:02","10-09-2026 22:57:47","system","12","","",""
"AES Application Object Templates","sn_app_obj_wizards","Low code wizard interface for ServiceNow App Templates","29.2.6","true","false","[]","","","29.2.6","false","","","false","Store Application","com.aes_application_object_templates","Australia;Brazil;Zurich;","false","true","false","18-07-2026 13:06:57","tectonic","0","","No demo data","sn_wzd_components:29.2.6, com.glide.uxbuilder:sys, com.devsnc_sn_gw_wrapper:sys, com.devsnc_sn_gw_page:sys, com.devsnc_sn_gw_file_uploader:sys, com.devsnc_sn_gw_tile_flow:sys, com.devsnc_sn_gw_tile_radio_buttons:sys, com.devsnc_sn_gw_info_summary:sys, com.devsnc_sn_gw_checkbox_tooltip:sys, com.devsnc_guided_wizard_toolkit:sys, com.servicenow_now_alert:sys, com.servicenow_now_button:sys, com.servicenow_now_checkbox:sys, com.servicenow_now_collapse:sys, com.servicenow_now_heading:sys, com.servicenow_now_icon:sys, com.servicenow_now_input:sys, com.servicenow_now_label_value:sys, com.servicenow_now_loader:sys, com.servicenow_now_modal:sys, com.servicenow_now_pill:sys, com.servicenow_now_progress_bar:sys, com.servicenow_now_select:sys, com.servicenow_now_stepper:sys, com.servicenow_now_tabs:sys, com.servicenow_now_text_link:sys, com.servicenow_now_textarea:sys, com.servicenow_now_typeahead:sys, com.servicenow_now_tooltip:sys","","","false","sn_app_obj_wizards","","06-11-2025 17:56:04","","false","true","ECMAScript 2021 (ES12)","","[]","Out of Band","29.2.6","true","","","false","false","","","Free","true","[{""productFamily"":""App Engine"",""productList"":[{""productId"":""106524c7db226c50122156a8dc961924"",""productName"":""App Engine Studio"",""product_family"":""App Engine""},{""productId"":""3b3a9dff1ba4961055a02063604bcb31"",""productName"":""ServiceNow Studio"",""product_family"":""App Engine""}]}]","","undefined","false","","false","false","true","undefined","","","Not applicable","Not applicable","Monitor","","","true","false","false","06-09-2026 20:50:39","06-09-2026 21:08:56","system","495.669","","",""
"AES Application Object Wizard Components","sn_wzd_components","Centralized location for components for use in AOT table wizard, catalog item wizard, starter experience wizards and flow wizards.","29.2.6","true","false","[]","","","29.2.6","false","","","true","Store Application","com.sn_app_object_wizard_components","Australia;Brazil;Zurich;","false","true","false","18-07-2026 13:06:45","tectonic","0","","No demo data","com.glide.uxbuilder:sys, com.sn_component_file_icon:sys, com.servicenow_now_alert:sys, com.servicenow_now_button:sys, com.servicenow_now_checkbox:sys, com.servicenow_now_collapse:sys, com.servicenow_now_heading:sys, com.servicenow_now_icon:sys, com.servicenow_now_input:sys, com.servicenow_now_label_value:sys, com.servicenow_now_loader:sys, com.servicenow_now_pill:sys, com.servicenow_now_progress_bar:sys, com.servicenow_now_select:sys, com.servicenow_now_text_link:sys, com.servicenow_now_textarea:sys, com.servicenow_now_typeahead:sys, com.servicenow_now_popover:sys, com.servicenow_now_tooltip:sys, com.servicenow_now_dropdown:sys","","","false","sn_wzd_components","","06-11-2025 18:41:36","","false","true","ECMAScript 2021 (ES12)","","[]","Out of Band","29.2.6","true","","","false","false","","","Free","true","[{""productFamily"":""App Engine"",""productList"":[{""productId"":""106524c7db226c50122156a8dc961924"",""productName"":""App Engine Studio"",""product_family"":""App Engine""}]}]","","undefined","false","","false","false","true","undefined","","","Not applicable","Not applicable","Monitor","","","true","false","false","06-09-2026 20:50:37","06-09-2026 21:08:51","system","495.669","","",""
"AES Catalog Builder","sn_aes_cat_builder","App Engine Studio template plugin for catalog items","28.2.1","true","false","[]","","","28.2.1","false","App Engine Studio","","true","Store Application","com.devsnc_sn_aes_catalog_builder","Zurich;","false","true","false","18-12-2020 11:45:27","admin","0","","No demo data","sn_aes_catalog_wzd:28.2.1","","","false","sn_aes_cat_builder","","03-02-2026 13:22:21","","false","true","ES5 Standards Mode","","[]","Store","28.2.1","true","","","false","false","","","Free","true","[{""productFamily"":""App Engine"",""productList"":[{""productId"":""3b3a9dff1ba4961055a02063604bcb31"",""productName"":""ServiceNow Studio"",""product_family"":""App Engine""},{""productId"":""106524c7db226c50122156a8dc961924"",""productName"":""App Engine Studio"",""product_family"":""App Engine""}]}]","","undefined","false","","false","false","true","undefined","","","Not applicable","Not applicable","Monitor","","","true","false","false","03-02-2026 13:22:21","17-06-2026 03:28:07","system","7","","ServiceNow",""
"AES Catalog Builder Wizard","sn_aes_catalog_wzd","Low code wizard interface for creating catalog items","28.2.1","true","false","[]","","","28.2.1","false","App Engine Studio","","true","Store Application","com.sn_aes_catalog_item_wizard","Zurich;","false","true","false","04-11-2025 10:42:32","tectonic","0","","No demo data","com.glide.uxbuilder:sys, com.devsnc_sn_gw_wrapper:sys, com.devsnc_sn_gw_page:sys, com.devsnc_sn_gw_info_summary:sys, com.servicenow_now_input:sys, com.servicenow_now_tooltip:sys","","","false","sn_aes_catalog_wzd","","03-02-2026 13:22:13","","false","true","ECMAScript 2021 (ES12)","","[]","Store","28.2.1","true","","","false","false","","","Free","true","[{""productFamily"":""App Engine"",""productList"":[{""productId"":""106524c7db226c50122156a8dc961924"",""productName"":""App Engine Studio"",""product_family"":""App Engine""}]}]","","undefined","false","","false","false","true","undefined","","","Not applicable","Not applicable","Monitor","","","true","false","false","03-02-2026 13:22:13","03-02-2026 13:46:33","system","489.525","","ServiceNow",""
"AES Decision Table Builder Templates","sn_dtbl_bldr_tmpls","App Engine Studio template plugin for Decision tables","4.0.0","true","false","[]","","","4.0.0","false","App Engine Studio","","true","Store Application","com.aes_decision_table_builder_templates","Australia;Brazil;Utah;Vancouver;Washington DC;Xanadu;Yokohama;Zurich;","false","false","false","15-01-2021 16:51:46","maint","0","","No demo data","","","","false","sn_dtbl_bldr_tmpls","","03-02-2026 13:32:20","","false","true","ES5 Standards Mode","","[]","Store","4.0.0","true","","","false","false","","","Free","false","[{""productFamily"":""App Engine"",""productList"":[{""productId"":""106524c7db226c50122156a8dc961924"",""productName"":""App Engine Studio"",""product_family"":""App Engine""}]}]","","undefined","false","","false","false","false","undefined","","","Not applicable","Not applicable","Monitor","","","true","false","false","03-02-2026 13:32:20","13-09-2026 03:20:58","system","6","","ServiceNow",""
"AES Decision Table Builder Wizard","sn_dtbl_bldr_wzd","Low code wizard interface for creating Decision tables","4.0.0","true","false","[]","","","4.0.0","false","App Engine Studio","","true","Store Application","com.aes_decision_table_builder_wizard","Australia;Brazil;Utah;Vancouver;Washington DC;Xanadu;Yokohama;Zurich;","false","false","false","27-12-2022 02:48:52","tectonic","0","","No demo data","","","","false","sn_dtbl_bldr_wzd","","03-02-2026 13:41:33","","false","true","ES5 Standards Mode","","[]","Store","4.0.0","true","","","false","false","","","Free","true","[{""productFamily"":""App Engine"",""productList"":[{""productId"":""106524c7db226c50122156a8dc961924"",""productName"":""App Engine Studio"",""product_family"":""App Engine""}]}]","","undefined","false","","false","false","true","undefined","","","Not applicable","Not applicable","Monitor","","","true","false","false","03-02-2026 13:41:33","13-09-2026 03:20:59","system","464.487","","ServiceNow",""
"AES Flow Templates","sn_aes_flow_templa","","28.2.1","true","false","[]","","","28.2.1","false","App Engine Studio","","true","Store Application","com.snc.aes-flow-templates","Zurich;","false","true","false","15-01-2021 16:51:46","maint","0","","No demo data","sn_aes_flow_wzd:28.2.1, com.snc.apps_templates:sys","","","false","sn_aes_flow_templa","","03-02-2026 13:23:34","","false","true","ES5 Standards Mode","","[]","Store","28.2.1","true","","","false","false","","","Free","false","[{""productFamily"":""App Engine"",""productList"":[{""productId"":""106524c7db226c50122156a8dc961924"",""productName"":""App Engine Studio"",""product_family"":""App Engine""}]}]","","undefined","false","","false","false","false","undefined","","","Not applicable","Not applicable","Monitor","","","true","false","false","03-02-2026 13:23:34","03-02-2026 13:47:39","system","4","","ServiceNow",""
"AES Flow Wizards","sn_aes_flow_wzd","Low code wizard interface for creating automated flows","28.2.1","true","false","[]","","","28.2.1","false","App Engine Studio","","true","Store Application","com.aes_flow_wizards","Zurich;","false","true","false","04-11-2025 10:43:44","tectonic","0","","No demo data","sn_wzd_components:28.2.1, com.glide.uxbuilder:sys, com.devsnc_sn_gw_info_summary:sys, com.devsnc_sn_gw_page:sys, com.devsnc_sn_gw_tile_button:sys, com.devsnc_sn_gw_wrapper:sys, com.servicenow_now_alert:sys, com.servicenow_now_collapse:sys, com.servicenow_now_icon:sys, com.servicenow_now_input:sys, com.servicenow_now_label_value:sys, com.servicenow_now_loader:sys, com.servicenow_now_pill:sys, com.servicenow_now_select:sys, com.servicenow_now_textarea:sys, com.servicenow_now_tooltip:sys, com.servicenow_now_typeahead:sys, com.servicenow_now_dropdown:sys, com.servicenow_now_text_link:sys","","","false","sn_aes_flow_wzd","","03-02-2026 13:19:41","","false","true","ECMAScript 2021 (ES12)","","[]","Store","28.2.1","true","","","false","false","","","Free","true","[{""productFamily"":""App Engine"",""productList"":[{""productId"":""106524c7db226c50122156a8dc961924"",""productName"":""App Engine Studio"",""product_family"":""App Engine""}]}]","","undefined","false","","false","false","true","undefined","","","Not applicable","Not applicable","Monitor","","","true","false","false","03-02-2026 13:19:41","03-02-2026 13:47:31","system","489.525","","ServiceNow",""
"AES Mobile Templates","sn_aes_mobile","AES Mobile Templates","28.2.1","true","false","[]","","","28.2.1","false","App Engine Studio","","true","Store Application","com.snc.aes_mobile_templates","Zurich;","false","true","false","28-06-2021 16:51:06","admin","0","","No demo data","sn_mobile_wzd:28.2.1","","","false","sn_aes_mobile","","03-02-2026 13:25:58","","false","true","ES5 Standards Mode","","[]","Store","28.2.1","false","","","false","false","","","Free","false","[{""productFamily"":""App Engine"",""productList"":[{""productId"":""106524c7db226c50122156a8dc961924"",""productName"":""App Engine Studio"",""product_family"":""App Engine""}]}]","","undefined","false","","false","false","false","undefined","","","Not applicable","Not applicable","Monitor","","","true","false","false","03-02-2026 13:25:58","03-02-2026 13:47:02","system","4","","ServiceNow","sn"
"AES Mobile Wizards","sn_mobile_wzd","Low code wizard interface for creating mobile apps","28.2.1","true","false","[]","","","28.2.1","false","App Engine Studio","","true","Store Application","com.sn_mobile_wizards","Zurich;","false","true","false","04-11-2025 10:43:48","tectonic","0","","No demo data","com.glide.uxbuilder:sys, com.devsnc_sn_gw_wrapper:sys, com.devsnc_sn_gw_page:sys, com.devsnc_sn_gw_helper_content:sys, com.devsnc_sn_gw_info_summary:sys, com.devsnc_sn_gw_checkbox_tooltip:sys, com.devsnc_sn_gw_tile_radio_buttons:sys, com.devsnc_sn_gw_typeahead:sys, com.servicenow_now_popover:sys, com.servicenow_now_button:sys, com.servicenow_now_input:sys, com.servicenow_now_image:sys, com.servicenow_now_label_value:sys, com.servicenow_now_checkbox:sys, com.servicenow_now_condition_builder:sys, com.servicenow_now_empty_state:sys, com.servicenow_now_record_list_connected:sys, com.servicenow_now_icon:sys, com.servicenow_now_select:sys, com.servicenow_now_tabs:sys, com.servicenow_now_typeahead:sys","","","false","sn_mobile_wzd","","03-02-2026 13:25:55","","false","true","ECMAScript 2021 (ES12)","","[]","Store","28.2.1","true","","","false","false","","","Free","true","[{""productFamily"":""App Engine"",""productList"":[{""productId"":""106524c7db226c50122156a8dc961924"",""productName"":""App Engine Studio"",""product_family"":""App Engine""}]}]","","undefined","false","","false","false","true","undefined","","","Not applicable","Not applicable","Monitor","","","true","false","false","03-02-2026 13:25:55","03-02-2026 13:46:45","system","489.525","","ServiceNow",""
"AES Notification Builder Component","sn_aes_notificatio","Seismic component that creates and edits notifications","28.2.1","true","false","[]","","","28.2.1","false","App Engine Studio","","true","Store Application","sn-notification-builder","Zurich;","false","true","false","04-11-2025 10:43:40","tectonic","0","","No demo data","com.glide.uxbuilder:sys, com.servicenow_now_button:sys, com.servicenow_now_checkbox:sys, com.servicenow_now_dot_walk:sys, com.servicenow_now_highlighted_value:sys, com.devsnc_sn_gw_helper_content:sys, com.servicenow_now_icon:sys, com.servicenow_now_input:sys, com.servicenow_now_label_value:sys, com.servicenow_now_modal:sys, com.servicenow_now_pill:sys, com.servicenow_now_record_html_editor:sys, com.servicenow_now_select:sys, com.servicenow_now_template_message:sys, com.servicenow_now_textarea:sys, com.servicenow_now_tooltip:sys, com.servicenow_now_loader:sys, com.servicenow_now_typeahead:sys, com.servicenow_now_condition_builder:sys, com.servicenow_now_record_list_connected:sys","","","false","sn_aes_notificatio","","03-02-2026 13:26:05","","false","true","ECMAScript 2021 (ES12)","","[]","Store","28.2.1","true","","","false","false","","","Free","true","[{""productFamily"":""App Engine"",""productList"":[{""productId"":""106524c7db226c50122156a8dc961924"",""productName"":""App Engine Studio"",""product_family"":""App Engine""}]}]","","undefined","false","","false","false","true","undefined","","","Not applicable","Not applicable","Monitor","","","true","false","false","03-02-2026 13:26:05","03-02-2026 13:46:37","system","489.525","","ServiceNow","sn"
"AES Portal UI Template","sn_portal_starte_0","","28.2.1","true","false","[]","","","28.2.1","false","App Engine Studio","","true","Store Application","com.snc.aes.starter_portal_template","Zurich;","false","true","false","06-11-2020 08:15:47","admin","0","","No demo data","sn_aes_starter_wzd:28.2.1, com.snc.app_shell_portal:sys, com.snc.apps_templates:sys, com.glide.ux.starter.experience:sys","","","false","sn_portal_starte_0","","03-02-2026 13:21:39","","false","true","ES5 Standards Mode","","[]","Store","28.2.1","true","","","false","false","","","Free","false","[{""productFamily"":""App Engine"",""productList"":[{""productId"":""3b3a9dff1ba4961055a02063604bcb31"",""productName"":""ServiceNow Studio"",""product_family"":""App Engine""},{""productId"":""106524c7db226c50122156a8dc961924"",""productName"":""App Engine Studio"",""product_family"":""App Engine""}]}]","","undefined","false","","false","false","false","undefined","","","Not applicable","Not applicable","Monitor","","","true","false","false","03-02-2026 13:21:39","03-09-2026 13:04:03","system","8","","ServiceNow",""
"AES Role Builder","sn_role_builder","","28.2.1","true","false","[]","","","28.2.1","false","App Engine Studio","","true","Store Application","com.snc.aes-role-builder","Zurich;","false","true","false","23-02-2021 20:20:54","admin","0","","No demo data","sn_aes_role_build:28.2.1","","","false","sn_role_builder","","03-02-2026 13:26:02","","false","true","ES5 Standards Mode","","[]","Store","28.2.1","false","","","false","false","","","Free","false","[{""productFamily"":""App Engine"",""productList"":[{""productId"":""106524c7db226c50122156a8dc961924"",""productName"":""App Engine Studio"",""product_family"":""App Engine""}]}]","","undefined","false","","false","false","false","undefined","","","Not applicable","Not applicable","Monitor","","","true","false","false","03-02-2026 13:26:02","03-02-2026 13:47:08","system","4","","ServiceNow","sn"
"AES Role Builder Component","sn_aes_role_build","Seismic component that deals with acls associated with a role","28.2.1","true","false","[]","","","28.2.1","false","App Engine Studio","","true","Store Application","sn-role-builder","Zurich;","false","true","false","04-11-2025 10:42:37","tectonic","0","","No demo data","com.glide.uxbuilder:sys, com.servicenow_now_button:sys, com.servicenow_now_checkbox:sys, com.servicenow_now_input:sys, com.servicenow_now_textarea:sys","","","false","sn_aes_role_build","","03-02-2026 13:26:00","","false","true","ECMAScript 2021 (ES12)","","[]","Store","28.2.1","true","","","false","false","","","Free","true","[{""productFamily"":""App Engine"",""productList"":[{""productId"":""106524c7db226c50122156a8dc961924"",""productName"":""App Engine Studio"",""product_family"":""App Engine""}]}]","","undefined","false","","false","false","true","undefined","","","Not applicable","Not applicable","Monitor","","","true","false","false","03-02-2026 13:26:00","03-02-2026 13:46:29","system","489.525","","ServiceNow","sn"
"AES Table Builder Wizard","sn_table_bldr_wzd","Low code wizard interface for ServiceNow tables","28.2.1","true","false","[]","","","28.2.1","false","App Engine Studio","","true","Store Application","com.aes_table_builder_wizard","Zurich;","false","true","false","04-11-2025 10:44:22","tectonic","0","","No demo data","sn_pdf_table_bldr:28.2.1, sn_prfrd_tables:28.2.1, com.glide.uxbuilder:sys, com.devsnc_sn_gw_wrapper:sys, com.devsnc_sn_gw_page:sys, com.devsnc_sn_gw_tile_radio_buttons:sys, com.devsnc_sn_gw_file_uploader:sys, com.devsnc_sn_gw_checkbox_tooltip:sys, com.devsnc_sn_gw_info_summary:sys, com.servicenow_now_alert:sys, com.servicenow_now_button:sys, com.servicenow_now_checkbox:sys, com.servicenow_now_collapse:sys, com.servicenow_now_heading:sys, com.servicenow_now_icon:sys, com.servicenow_now_input:sys, com.servicenow_now_label_value:sys, com.servicenow_now_loader:sys, com.servicenow_now_modal:sys, com.servicenow_now_pill:sys, com.servicenow_now_progress_bar:sys, com.servicenow_now_select:sys, com.servicenow_now_stepper:sys, com.servicenow_now_tabs:sys, com.servicenow_now_text_link:sys, com.servicenow_now_textarea:sys, com.servicenow_now_typeahead:sys, com.servicenow_now_popover:sys, com.servicenow_now_card:sys, com.servicenow_now_accordion:sys, com.servicenow_now_radio_buttons:sys, com.servicenow_now_tooltip:sys, com.devsnc_sn_gw_helper_content:sys, com.devsnc_sn_gw_tile_button:sys, com.devsnc_sn_ihub_data_mapping_etl_connected:sys","","","false","sn_table_bldr_wzd","","03-02-2026 13:24:17","","false","true","ECMAScript 2021 (ES12)","","[]","Store","28.2.1","true","","","false","false","","","Free","true","[{""productFamily"":""App Engine"",""productList"":[{""productId"":""3b3a9dff1ba4961055a02063604bcb31"",""productName"":""ServiceNow Studio"",""product_family"":""App Engine""},{""productId"":""106524c7db226c50122156a8dc961924"",""productName"":""App Engine Studio"",""product_family"":""App Engine""}]}]","","undefined","false","","false","false","true","undefined","","","Not applicable","Not applicable","Monitor","","","true","false","false","03-02-2026 13:24:17","17-06-2026 03:28:07","system","489.526","","ServiceNow",""
"AES UI Template Wizards","sn_aes_starter_wzd","Low code wizard interface for creating custom workspace and portal experiences","28.2.1","true","false","[]","","","28.2.1","false","App Engine Studio","","true","Store Application","com.aes_starter_experience_wizards","Zurich;","false","true","false","04-11-2025 10:43:06","tectonic","0","","No demo data","com.glide.uxbuilder:sys, com.devsnc_sn_gw_wrapper:sys, com.devsnc_sn_gw_page:sys, com.devsnc_sn_gw_info_summary:sys, com.servicenow_now_dropdown:sys, com.servicenow_now_input:sys, com.servicenow_now_tooltip:sys, com.servicenow_now_typeahead:sys, com.servicenow_now_pill:sys","","","false","sn_aes_starter_wzd","","03-02-2026 13:20:50","","false","true","ECMAScript 2021 (ES12)","","[]","Store","28.2.1","true","","","false","false","","","Free","true","[{""productFamily"":""App Engine"",""productList"":[{""productId"":""106524c7db226c50122156a8dc961924"",""productName"":""App Engine Studio"",""product_family"":""App Engine""},{""productId"":""3b3a9dff1ba4961055a02063604bcb31"",""productName"":""ServiceNow Studio"",""product_family"":""App Engine""}]}]","","undefined","false","","false","false","true","undefined","","","Not applicable","Not applicable","Monitor","","","true","false","false","03-02-2026 13:20:50","01-09-2026 21:11:14","system","489.528","","ServiceNow",""
"AES Workspace UI Template","sn_workspace_sta_0","","28.2.1","true","false","[]","","","28.2.1","false","App Engine Studio","","true","Store Application","com.snc.aes.starter_workspace_template","Zurich;","false","true","false","06-11-2020 09:04:04","admin","0","","No demo data","sn_aes_starter_wzd:28.2.1, com.snc.uib.base_agent_workspace:sys, com.snc.apps_templates:sys, com.glide.ux.starter.experience:sys","","","false","sn_workspace_sta_0","","03-02-2026 13:22:10","","false","true","ES5 Standards Mode","","[]","Store","28.2.1","true","","","false","false","","","Free","false","[{""productFamily"":""App Engine"",""productList"":[{""productId"":""3b3a9dff1ba4961055a02063604bcb31"",""productName"":""ServiceNow Studio"",""product_family"":""App Engine""},{""productId"":""106524c7db226c50122156a8dc961924"",""productName"":""App Engine Studio"",""product_family"":""App Engine""}]}]","","undefined","false","","false","false","false","undefined","","","Not applicable","Not applicable","Monitor","","","true","false","false","03-02-2026 13:22:10","08-08-2026 14:24:10","system","6","","ServiceNow","sn"
"Agent Assist Recommendation","sn_agent_recommend","","1.0.0","true","false","","","","1.0.0","false","","","false","Store Application","com.snc.agent_recommend","","false","false","false","14-02-2019 21:06:07","admin","","","","","","","false","sn_agent_recommend","","","","false","false","ES5 Standards Mode","","","Distribution","1.0.0","false","","","false","false","","","","false","[]","","","false","","false","false","false","","","","Not applicable","Not applicable","Monitor","","","true","false","false","","06-09-2026 20:49:48","system","1","","",""
"Agent Workspace","sn_agent_workspace","","25.0.3","true","false","","","","25.0.3","false","","","false","Store Application","com.agent_workspace","","false","false","false","10-07-2017 21:45:02","admin","","","","","","","true","sn_agent_workspace","","","","false","false","ES5 Standards Mode","","","Distribution","25.0.3","false","","","false","false","","","","false","[]","","","false","","false","false","false","","","","Not applicable","Not applicable","Monitor","","","true","false","false","","07-11-2024 19:29:02","ADMMUF","2","","",""
"AI Experience Framework","sn_aixf","ServiceNow framework AI Native experiences.","1.3.6","true","false","[]","","","1.3.6","false","auto-upgrade-1790664547540","","true","Store Application","com.glide.sn_aixf","Australia;Brazil;Zurich;","false","true","true","06-09-2026 20:47:40","system","0","","No demo data","com.glideapp.user_criteria:sys, com.glide.ui.ng:sys","","","false","sn_aixf","","06-09-2026 20:50:36","","false","true","ECMAScript 2021 (ES12)","","[]","auto_upgrade","1.3.6","true","","","false","false","sn_aixf/karuna-glide/1.3.6/package.json","","Free","false","[]","","undefined","false","","true","false","false","undefined","","","Not applicable","Not applicable","Monitor","","","true","false","false","29-09-2026 08:50:08","29-09-2026 08:50:39","system","20","","",""
"AI Experience Framework Builder","sn_aiux_builder","","1.3.7","true","true","","","","1.3.7","false","auto-upgrade-1791255417570","","true","Store Application","com.snc.aiux_builder","","false","true","false","06-09-2026 20:47:32","system","","","No demo data","","","","false","sn_aiux_builder","","06-09-2026 20:50:38","","false","true","ECMAScript 2021 (ES12)","","","auto_upgrade","1.3.7","true","","","false","false","sn_aiux_builder/sn-aiux-builder/1.3.7/package.json","","","false","[]","","","false","","true","false","true","","","","Not applicable","Not applicable","Monitor","","","true","false","true","06-10-2026 05:01:19","06-10-2026 05:01:20","system","9","","",""
"AI Search Admin Console","sn_ai_search_admin","","6.1.3","true","false","[]","","","6.1.3","false","","","true","Store Application","com.sn_ai_search_admin","Xanadu;Yokohama;Zurich;","false","true","false","07-02-2022 23:39:20","admin","0","","No demo data","","","","false","sn_ai_search_admin","","13-11-2025 12:24:32","","false","true","ES5 Standards Mode","","[]","Store","9.2.4","false","","","false","false","","","Free","false","[]","","undefined","false","","false","false","true","undefined","","","Not applicable","Not applicable","Monitor","","","true","false","true","13-11-2025 12:24:32","05-09-2026 00:09:37","system","15","","ServiceNow",""
"AI Search For Next Experience","sn_aisearch_global","Configuration Application For AI Search Next Experience","4.1.1","true","false","[]","","","4.1.1","false","","","true","Store Application","com.glide.ais.aisearch-global-search","Xanadu;Yokohama;Zurich;","false","true","false","11-08-2021 14:38:08","admin","0","","No demo data","com.glide.ais.index_sources:sys, com.glide.ais:sys","","","false","sn_aisearch_global","","06-11-2025 18:14:52","","false","true","ES5 Standards Mode","","[]","Store","5.1.2","false","","","false","false","","","Free","false","[]","","undefined","false","","false","false","false","undefined","","","Not applicable","Not applicable","Monitor","","","true","false","true","06-11-2025 18:14:52","10-09-2026 22:57:46","system","8","","ServiceNow","sn"
"AI Troubleshooting","sn_nowassist_diagn","Application for diagnosing nowassist scripts","4.0.1","true","false","[]","","","4.0.1","false","","","true","Store Application","com.sn.nowassist_diagn","Xanadu;Yokohama;Zurich;","false","false","false","14-03-2024 06:44:17","admin","0","","No demo data","","","","false","sn_nowassist_diagn","LAC","06-11-2025 17:56:27","","true","true","ECMAScript 2021 (ES12)","","[]","Out of Band","4.1.4","false","","","false","false","","","Free","false","[]","","undefined","false","none","false","false","false","undefined","","","Not applicable","Not applicable","Monitor","","","true","false","true","06-11-2025 17:56:27","06-09-2026 21:08:55","system","11","","ServiceNow","sn"
"ais-ux-bundle","sn_ais_ux_bundle","Portal bundle for AIS UX components","28.9.4","true","false","","","","28.9.4","false","","","false","Store Application","com.ais_ux_bundle","","false","false","false","14-12-2025 18:43:30","tectonic","","","","","","","false","sn_ais_ux_bundle","","","","false","false","ECMAScript 2021 (ES12)","","","Distribution","28.9.4","false","","","false","false","","","","true","","","","false","","false","false","false","","","","Not applicable","Not applicable","None","","","true","false","false","","06-09-2026 21:08:49","system","19","","",""
"Analytics Center","sn_pa_center","","1.0.0","true","false","","","","1.0.0","false","","","false","Store Application","com.snc.pa.analytics_center","","false","false","false","12-07-2019 11:03:56","admin","","","","","","","true","sn_pa_center","","","","false","false","ES5 Standards Mode","","","Distribution","1.0.0","true","","","false","false","","","","false","","","","false","","false","false","false","","","","General","Not applicable","Monitor","","","true","false","false","","09-11-2023 17:10:05","guest","5","","",""
"App AutoUpgrade Client","sn_app_auto_upgr","Client application for managing automated platform upgrades.","1.0.2","true","false","[]","","","1.0.2","false","auto-upgrade-1789541340117","","true","Store Application","com.sn_app_auto_upgr","Australia;Brazil;Zurich;","false","false","false","09-06-2026 06:08:05","maint","0","","No demo data","","","","false","sn_app_auto_upgr","SNS","02-08-2026 19:47:17","","false","true","ECMAScript 2021 (ES12)","","[]","auto_upgrade","1.0.2","false","","","false","false","","","Free","true","[]","","undefined","false","","true","false","false","undefined","","","Not applicable","Not applicable","Monitor","","","true","true","false","16-09-2026 08:49:39","16-09-2026 08:50:07","system","4","","",""
"App Best Practices Shared","sn_app_stds_shared","Best practices checks for developing apps","28.2.1","true","false","[]","","","28.2.1","false","","","false","Store Application","com.snc.app-best-practices-shared","Australia;Zurich;","false","true","false","17-09-2024 22:54:18","admin","0","","No demo data","","","","false","sn_app_stds_shared","GAC","24-02-2026 12:17:21","","false","true","ECMAScript 2021 (ES12)","","[]","Store","28.2.1","false","","","false","false","","","Free","false","[]","","undefined","false","","false","false","false","undefined","","","Not applicable","Not applicable","Monitor","","","true","false","false","24-02-2026 12:17:21","24-02-2026 12:19:35","PKE","3","","ServiceNow",""
"App Collaboration Component","sn_app_collab_ui","Seismic Component for application collaboration.","28.2.1","true","false","[]","","","28.2.1","false","App Engine Studio","","true","Store Application","sn-app-collaboration","Zurich;","false","true","false","04-11-2025 10:43:03","tectonic","0","","No demo data","com.glide.uxbuilder:sys, com.servicenow_now_highlighted_value:sys, com.servicenow_now_button:sys, com.servicenow_now_alert:sys, com.servicenow_now_typeahead:sys, com.servicenow_now_select:sys, com.servicenow_now_checkbox:sys, com.servicenow_now_icon:sys, com.servicenow_now_tooltip:sys, com.servicenow_now_avatar:sys, com.servicenow_now_modal:sys","","","false","sn_app_collab_ui","","03-02-2026 13:24:54","","false","true","ECMAScript 2021 (ES12)","","[]","Store","28.2.1","true","","","false","false","","","Free","true","[{""productFamily"":""App Engine"",""productList"":[{""productId"":""106524c7db226c50122156a8dc961924"",""productName"":""App Engine Studio"",""product_family"":""App Engine""},{""productId"":""3b3a9dff1ba4961055a02063604bcb31"",""productName"":""ServiceNow Studio"",""product_family"":""App Engine""}]}]","","undefined","false","","false","false","true","undefined","","","Not applicable","Not applicable","Monitor","","","true","false","false","03-02-2026 13:24:54","08-08-2026 14:24:09","system","489.529","","ServiceNow","sn"
"App Dependency Client","sn_dependentclient","Application to get dependent apps from store for a plugin","6.0.0","true","false","","","","6.0.0","false","","","false","Store Application","com.sn_dependentclient","","false","false","false","03-09-2015 22:41:01","admin","","","","","","","false","sn_dependentclient","","","","false","false","","","","Distribution","6.0.0","false","","","false","false","","","","true","[]","","","false","","false","false","false","","","","Not applicable","Not applicable","Monitor","","","true","false","false","","06-11-2025 18:15:20","PKE","1","","ServiceNow","sn"
"App Engine Management Center","sn_aemc","App Engine Management Center is an innovative workspace experience that enables IT admins to monitor manage, and govern developers and the apps they build in App Engine Studio, all in a single location.","28.2.1","true","false","[]","","","28.2.1","false","","","true","Store Application","com.sn_aemc","Zurich;","false","true","false","24-02-2026 12:17:03","tectonic","0","","No demo data","sn_app_eng_notify:28.2.1, sn_collab_request:28.2.1, sn_deploy_pipeline:28.2.1, sn_app_intake:28.2.1, sn_app_stds_shared:28.2.1","","","false","sn_aemc","","24-02-2026 12:19:09","","false","true","ECMAScript 2021 (ES12)","","[]","Store","28.2.1","true","","","false","false","","","Paid","true","[{""productFamily"":""App Engine"",""productList"":[{""productId"":""14b8ddfb87ebfa90669040c8dabb35b4"",""productName"":""App Engine Prime"",""product_family"":""App Engine""}]}]","","undefined","false","","false","false","true","undefined","","","Not applicable","Not applicable","Monitor","","","true","false","false","24-02-2026 12:19:09","04-07-2026 05:33:21","system","9","","ServiceNow","sn"
"App Engine Notifications","sn_app_eng_notify","","29.2.6","true","false","[]","","","29.2.6","false","","","true","Store Application","com.snc.app-engine-notifications","Australia;Brazil;Zurich;","false","true","false","23-06-2021 23:24:16","admin","0","","No demo data","","","","false","sn_app_eng_notify","","06-11-2025 17:56:04","","false","true","ES5 Standards Mode","","[]","Out of Band","29.2.6","true","","","false","false","","","Free","false","[{""productFamily"":""App Engine"",""productList"":[{""productId"":""106524c7db226c50122156a8dc961924"",""productName"":""App Engine Studio"",""product_family"":""App Engine""}]}]","","undefined","false","","false","false","false","undefined","","","Not applicable","Not applicable","None","","","true","false","false","06-09-2026 20:50:36","06-09-2026 21:08:53","system","3","","ServiceNow","sn"
"App Engine Studio","sn_app_eng_studio","App Engine Studio","28.2.1","true","false","[]","","","28.2.1","false","App Engine Studio","","true","Store Application","com.snc.app-engine-studio","Zurich;","false","true","false","04-11-2025 10:45:19","tectonic","0","","No demo data","sn_portal_starte_0:28.2.1, sn_workspace_sta_0:28.2.1, sn_aes_cat_builder:28.2.1, sn_aes_flow_templa:28.2.1, sn_app_obj_wizards:28.2.1, sn_table_builder:28.2.1, sn_table_bldr_wzd:28.2.1, sn_app_eng_notify:28.2.1, sn_app_intake:28.2.1, sn_collab_request:28.2.1, sn_aes_mobile:28.2.1, sn_role_builder:28.2.1, sn_deploy_pipeline:28.2.1, sn_wzd_components:28.2.1, sn_aes_notificatio:28.2.1, com.snc.apps_templates:sys, com.glide.ux.starter.experience:sys","","","false","sn_app_eng_studio","","03-02-2026 13:27:13","","false","true","ECMAScript 2021 (ES12)","","[]","Store","28.2.1","true","","","false","false","","","Paid","false","[{""productFamily"":""App Engine"",""productList"":[{""productId"":""03b89933876ffa90669040c8dabb35d1"",""productName"":""App Engine Foundation"",""product_family"":""App Engine""},{""productId"":""106524c7db226c50122156a8dc961924"",""productName"":""App Engine Studio"",""product_family"":""App Engine""},{""productId"":""14b8ddfb87ebfa90669040c8dabb35b4"",""productName"":""App Engine Prime"",""product_family"":""App Engine""}]}]","","undefined","false","","false","false","true","undefined","","","Not applicable","Not applicable","Monitor","","","true","false","false","03-02-2026 13:27:13","08-08-2026 14:24:11","system","489.531","","ServiceNow","sn"
"App Studio Commons","sn_studio_commons","A core plugin contains shareable UI components, UX Application and UX pages, that can be used by studios (Developer Studio, Creator Studio, etc.) and Unified Developer Appshell.","29.2.8","true","false","[]","","","29.2.8","false","","","false","Store Application","com.app_studio_commons","Australia;Brazil;Zurich;","false","true","false","06-11-2025 17:13:10","tectonic","0","","No demo data","sn_udc:29.2.8, com.servicenow_now_icon:sys, com.glide.uxbuilder:sys, com.servicenow_now_dropdown:sys, com.servicenow_now_rich_text:sys, com.servicenow_now_radio_buttons:sys, com.servicenow_now_animation:sys, com.servicenow_now_input:sys, com.servicenow_now_loader:sys, com.servicenow_now_progress_bar:sys, com.servicenow_now_button:sys, com.servicenow_now_text_link:sys, com.servicenow_now_highlighted_value:sys, com.servicenow_now_typeahead:sys, com.servicenow_now_tabs:sys, com.servicenow_now_alert:sys, com.servicenow_now_select:sys, com.servicenow_now_textarea:sys, com.servicenow_now_popover:sys, com.servicenow_now_modal:sys, com.servicenow_now_tooltip:sys, com.servicenow_now_checkbox:sys, com.servicenow_now_template_message:sys, com.servicenow_now_card:sys","","","false","sn_studio_commons","","06-11-2025 17:57:53","","false","true","ECMAScript 2021 (ES12)","","[]","Out of Band","29.2.8","true","","","false","false","","","Free","true","[{""productFamily"":""App Engine"",""productList"":[{""productId"":""3b3a9dff1ba4961055a02063604bcb31"",""productName"":""ServiceNow Studio"",""product_family"":""App Engine""}]}]","","undefined","false","","false","false","true","undefined","","","Not applicable","Not applicable","Monitor","","","true","false","false","06-09-2026 20:50:46","06-09-2026 21:08:53","system","20","","ServiceNow","sn"
"app-coe-components","app_coe_components","COE Components","24.0.4","true","false","","","","24.0.4","false","","","false","Store Application","com.app_coe_components","","false","false","false","28-04-2025 23:00:01","tectonic","","","","","","","false","app_coe_components","","","","false","false","ECMAScript 2021 (ES12)","","","Distribution","24.0.4","false","","","false","false","","","","true","","","","false","","false","false","false","","","","Not applicable","Not applicable","Monitor","","","true","false","false","","06-11-2025 18:15:18","PKE","484.974","","",""
"Application Intake","sn_app_intake","","28.2.1","true","false","[]","","","28.2.1","false","App Engine Studio","","true","Store Application","com.snc.app-intake","Zurich;","false","true","false","23-02-2021 21:24:28","admin","0","","No demo data","sn_app_eng_notify:28.2.1, sn_pipeline:28.2.1","","","false","sn_app_intake","","03-02-2026 13:24:51","","false","true","ES5 Standards Mode","","[]","Store","28.2.1","true","","","false","false","","","Free","false","[{""productFamily"":""App Engine"",""productList"":[{""productId"":""106524c7db226c50122156a8dc961924"",""productName"":""App Engine Studio"",""product_family"":""App Engine""}]}]","","undefined","false","","false","false","false","undefined","","","Not applicable","Not applicable","Monitor","","","true","false","false","03-02-2026 13:24:51","03-02-2026 13:46:43","system","4","","ServiceNow","sn"
"Application Service Extensions","sn_app_service_ext","Application Service Extensions","1.1.7","true","false","[]","","","1.1.7","false","","","false","Store Application","com.sn_app_service_ext","Australia;Xanadu;Yokohama;Zurich;","false","false","false","10-01-2024 15:00:00","admin","0","","No demo data","com.snc.cmdb.it_service:sys","","","false","sn_app_service_ext","","06-11-2025 17:57:16","","false","true","ECMAScript 2021 (ES12)","","[]","Out of Band","1.2.4","false","","","false","false","","","Free","false","[]","","undefined","false","","false","false","false","undefined","","","","Not applicable","Monitor","","","true","false","true","06-11-2025 17:57:16","10-09-2026 22:57:57","system","9","","ServiceNow","sn"
"Appointment calendar component","sn_appointment_cal","A Calendar for scheduling and rescheduling pre-defined appointment slots.","28.0.2","true","false","[]","","","28.0.2","false","","","false","Store Application","com.servicenow_now_appointment_calendar","Zurich;","false","false","false","20-05-2025 07:25:37","tectonic","0","","No demo data","","","","false","sn_appointment_cal","","27-10-2022 18:41:36","","false","true","ECMAScript 2021 (ES12)","","[]","Out of Band","28.2.0","true","","","false","false","","","Free","true","[]","","undefined","false","","false","false","true","undefined","","","Not applicable","Not applicable","Monitor","","","true","false","true","06-11-2025 17:56:22","17-06-2026 03:28:03","system","485.489","","",""
"Asset Management for mobile","sn_me_assets","Provides the capabilities needed for end-users to view assigned assets on a mobile device and create incidents to request service for these assets. Do not activate this plugin directly. Activating com.glide.mobile-employee will activate this plugin for you.","27.0.2","true","false","[]","","","27.0.2","false","","","false","Store Application","com.glide.mobile-employee.myassets","Australia;Brazil;Yokohama;Zurich;","false","false","false","08-02-2019 06:50:17","admin","0","","No demo data","","","","false","sn_me_assets","","03-11-2021 19:31:42","","false","true","ES5 Standards Mode","","[]","Out of Band","27.0.2","false","","","false","false","","","Free","false","[]","","undefined","false","","false","false","false","undefined","","","Not applicable","Not applicable","Monitor","","","true","false","false","06-11-2025 18:42:33","01-09-2026 21:11:14","system","8","","ServiceNow",""
"ATF Page Inspector","sn_atf_page_inspec","","10.1.4","true","false","","","","10.1.4","false","","","false","Store Application","com.sn_atf_page_inspector","","false","false","false","05-06-2018 19:33:11","admin","","","","","","","true","sn_atf_page_inspec","","","","false","false","ES5 Standards Mode","","","Distribution","10.1.4","false","","","false","false","","","","true","[]","","","false","","false","false","false","","","","Not applicable","Not applicable","Monitor","","","true","false","false","","15-12-2025 13:50:25","system","2","","",""
"Audio player component","sn_audio_player","Use to insert audio content into your application.","23.0.0","true","false","[]","","","23.0.0","false","","","false","Store Application","com.devsnc_sn_audio_player","Vancouver;Washington DC;Xanadu;Yokohama;Zurich;","false","false","false","02-05-2024 11:45:59","tectonic","0","","No demo data","","","","false","sn_audio_player","","27-10-2022 18:44:53","","false","true","ECMAScript 2021 (ES12)","","[]","Out of Band","27.3.1","true","","","false","false","","","Free","true","[]","","undefined","false","","false","false","true","undefined","","","Not applicable","Not applicable","Monitor","","","true","false","true","07-11-2024 18:47:52","13-03-2026 03:04:18","system","476.300","","",""
"Azure Pipelines","x_mioms_azpipeline","","4.215.2","true","false","[{""id"":""incompatible"",""order"":1,""message"":""Incompatible"",""tooltip"":""Your instance and app version are incompatible. Please make sure to select a compatible app version."",""type"":""error"",""show_as_filter"":true}]","","","4.215.2","false","","","false","Store Application","","Rome;San Diego;Tokyo;Utah;Vancouver;Washington DC;Xanadu;Yokohama;","false","false","false","16-11-2018 06:32:29","admin","1","","No demo data","com.glide.system_import_set:sys, com.snc.change_request:sys","","","false","x_mioms_azpipeline","","09-01-2025 15:24:29","","false","true","ES5 Standards Mode","","[]","Store","4.267.0","true","","","false","false","","","Free","false","[]","","undefined","false","Tracking","false","false","false","undefined","","","Not applicable","Not applicable","Monitor","","","true","false","true","09-01-2025 15:24:29","05-06-2026 04:51:16","system","58","","Microsoft Alliance",""
"Base Analytics Center","sn_base_ac","","1.0.0","true","false","","","","1.0.0","false","","","false","Store Application","com.snc.pa.base_analytics_center","","false","false","false","17-08-2020 13:10:09","admin","","","","","","","true","sn_base_ac","","","","false","false","ES5 Standards Mode","","","Distribution","1.0.0","false","","","false","false","","","","false","","","","false","Tracking","false","false","false","","","","Not applicable","Not applicable","Monitor","","","true","false","false","","03-11-2021 20:18:13","ADMPKE","4","","",""
"Benchmark Client","sn_bm_client","","1.0.0","true","false","","","","1.0.0","false","","","false","Store Application","com.sn_bm_client","","false","false","false","11-10-2016 20:00:25","admin","","","","","","","false","sn_bm_client","","","","false","false","ES5 Standards Mode","","","Distribution","1.0.0","false","","","false","false","","","","false","[]","","","false","","false","false","false","","","","Not applicable","Not applicable","Monitor","","","true","false","false","","06-11-2025 17:50:00","system","2","","",""
"Benchmark Common","sn_bm_common","","1.0.0","true","false","","","","1.0.0","false","","","false","Store Application","com.sn_bm_common","","false","false","false","11-10-2016 20:22:01","admin","","","","","","","false","sn_bm_common","","","","false","false","ES5 Standards Mode","","","Distribution","1.0.0","false","","","false","false","","","","false","[]","","","false","","false","false","false","","","","Not applicable","Not applicable","Monitor","","","true","false","false","","06-11-2025 17:45:50","system","2","","",""
"Benchmarks Spoke","sn_bm_spoke","","1.0.0","true","false","","","","1.0.0","false","","","false","Store Application","com.sn_bm_client.spoke","","false","false","false","24-08-2017 20:22:01","admin","","","","","","","false","sn_bm_spoke","","","","false","false","ES5 Standards Mode","","","Distribution","1.0.0","false","","","false","false","","","","true","[]","","","false","","false","false","false","","","","Not applicable","Not applicable","Monitor","","","true","false","false","","06-11-2025 17:49:59","system","2","","",""
"Calendar component","sn_calendar","An interactable Calendar that can render and manage events in various views.","25.0.9","true","false","[]","","","25.0.9","false","","","false","Store Application","com.servicenow_now_calendar","Xanadu;Yokohama;Zurich;","false","false","false","22-09-2025 12:03:22","tectonic","0","","No demo data","","","","false","sn_calendar","","27-10-2022 18:29:33","","false","true","ECMAScript 2021 (ES12)","","[]","Store","27.0.3","true","","","false","false","","","Free","true","[]","","undefined","false","","false","false","true","undefined","","","Not applicable","Not applicable","Monitor","","","true","false","true","06-11-2025 19:00:20","10-09-2026 22:57:43","system","488.498","","",""
"Carousel component","sn_carousel","Carousel component provided by ServiceNow","27.0.2","true","false","[]","","","27.0.2","false","","","false","Store Application","com.devsnc_sn_carousel","Yokohama;Zurich;","false","false","false","23-04-2024 20:19:22","tectonic","0","","No demo data","","","","false","sn_carousel","","27-10-2022 18:47:09","","false","true","ECMAScript 2021 (ES12)","","[]","Out of Band","28.0.2","true","","","false","false","","","Free","true","[]","","undefined","false","","false","false","true","undefined","","","Not applicable","Not applicable","Monitor","","","true","false","true","06-11-2025 17:56:16","07-05-2026 10:00:43","system","476.095","","",""
"Change Management - Approval Policy","sn_chg_pol_appr","","3.0.2","true","false","","","","3.0.2","false","","","false","Store Application","com.sn_chg_pol_appr","","false","false","false","03-10-2018 17:25:02","admin","","","","","","","true","sn_chg_pol_appr","","","","false","false","ES5 Standards Mode","","","Distribution","3.0.2","false","","","false","false","","","","false","[]","","","false","none","false","false","false","","","","Not applicable","Not applicable","Monitor","","","true","false","false","","03-11-2021 20:18:11","ADMPKE","2","","ServiceNow","sn"
"Change Management - ATF","sn_change_atf","","1.0.0","true","false","","","","1.0.0","false","","","false","Store Application","com.snc.change_management.atf","","false","false","false","13-07-2018 14:42:25","admin","","","","","","","false","sn_change_atf","","","","false","false","ES5 Standards Mode","","","Distribution","1.0.0","true","","","false","false","","","","false","[]","","","false","none","false","false","false","","","","General","Not applicable","Monitor","","","true","false","false","","15-03-2026 17:01:37","system","1","","",""
"Change Management - CAB Workbench","sn_change_cab","","1.0.0","true","false","","","","1.0.0","false","","","false","Store Application","com.snc.change_management.cab","","false","false","false","20-04-2016 17:05:32","admin","","","","","","","false","sn_change_cab","","","","false","false","ES5 Standards Mode","","","Distribution","1.0.0","true","","","false","false","","","","false","[]","","","false","none","false","false","false","","","","General","Not applicable","Monitor","","","true","false","false","","06-09-2026 20:50:24","system","1","","ServiceNow","sn"
"Change Management - Change Models Landing","sn_chg_model_ui","","1.0.0","true","false","","","","1.0.0","false","","","false","Store Application","com.snc.change_management.change_model.landing","","false","false","false","20-08-2020 16:55:31","admin","","","","","","","false","sn_chg_model_ui","","","","false","false","ES5 Standards Mode","","","Distribution","1.0.0","true","","","false","false","","","","false","","","","false","none","false","false","false","","","","General","Not applicable","Monitor","","","true","false","false","","06-09-2026 20:50:24","system","1","","",""
"Change Management - Change Schedule","sn_chg_soc","","1.0.0","true","false","","","","1.0.0","false","","","false","Store Application","com.snc.change_management.soc","","false","false","false","24-10-2017 13:22:36","admin","","","","","","","false","sn_chg_soc","","","","false","false","ES5 Standards Mode","","","Distribution","1.0.0","true","","","false","false","","","","false","[]","","","false","none","false","false","false","","","","General","Not applicable","Monitor","","","true","false","false","","06-09-2026 20:50:13","system","1","","",""
"Change Management - Color Picker","sn_chg_soc_cp","","1.0.0","true","false","","","","1.0.0","false","","","false","Store Application","com.snc.change_management.soc.color_picker","","false","false","false","16-02-2018 12:32:43","admin","","","","","","","false","sn_chg_soc_cp","","","","false","false","ES5 Standards Mode","","","Distribution","1.0.0","true","","","false","false","","","","false","[]","","","false","","false","false","false","","","","General","Not applicable","Monitor","","","true","false","false","","03-11-2021 20:18:10","ADMPKE","5","","",""
"Change Management - REST API","sn_chg_rest","A suite of REST API endpoints that allow external platforms or applications to easily integrate with the Change Management application to programmatically create, update, approve, and close change requests of any type.","26.0.0","true","false","","","","26.0.0","false","","","false","Store Application","com.sn_chg_rest","","false","false","false","09-02-2020 20:52:55","admin","","","","","","","true","sn_chg_rest","","","","false","false","ES5 Standards Mode","","","Distribution","26.0.0","true","","","false","false","","","","false","[]","","","false","none","false","false","false","","","","General","Application in use","Monitor","","","true","false","false","","06-11-2025 18:15:16","PKE","1","","ServiceNow","sn"
"Change Management for Service Operations Workspace","sn_sow_chg","","8.1.0","true","false","[]","","","8.1.0","false","","","true","Store Application","com.snc.uib.sow_change","Zurich;","false","true","false","22-07-2021 15:01:41","admin","0","","No demo data","sn_sow_itsm_common:8.1.0","","","true","sn_sow_chg","","27-10-2022 18:40:46","{""installed_user"":{""user_id"":""ADMPKE"",""user_email"":null}}","true","true","ES5 Standards Mode","","[]","Out of Band","8.8.1","false","","","false","false","","","Free","false","[{""productFamily"":""IT Service Management"",""productList"":[{""productId"":""1c004b911bc60dd029bd1f03b24bcbfe"",""productName"":""Service Operations Workspace"",""product_family"":""IT Service Management""}]}]","","undefined","false","","false","false","false","undefined","","","Not applicable","Not applicable","Monitor","","","true","false","true","06-11-2025 19:45:11","06-09-2026 21:08:57","system","11","","ServiceNow","sn"
"Checklist component","sn_now_checklist","This is a checklist component","24.2.2","true","false","[]","","","24.2.2","false","","","false","Store Application","com.servicenow_now_checklist","Vancouver;Washington DC;Xanadu;Yokohama;Zurich;","false","false","false","16-02-2025 22:44:23","tectonic","0","","No demo data","","","","false","sn_now_checklist","","27-10-2022 18:29:37","","false","true","ECMAScript 2021 (ES12)","","[]","Out of Band","26.0.4","true","","","false","false","","","Free","true","[]","","undefined","false","","false","false","true","undefined","","","Not applicable","Not applicable","Monitor","","","true","false","true","06-11-2025 17:55:57","10-07-2026 14:04:16","system","483.275","","",""
"CI Guided Setup","sn_ci_gs_content","","1.0.0","true","true","","","","1.0.0","false","","","false","Store Application","com.glide.ci_guided_setup","","false","false","false","27-07-2020 11:43:03","admin","","","","","","","false","sn_ci_gs_content","","","","false","false","ES5 Standards Mode","","","Distribution","1.0.0","false","","","false","false","","","","false","","","","true","Tracking","false","false","false","","","","Not applicable","Not applicable","Monitor","","","true","false","false","","06-09-2026 20:50:22","system","2","","ServiceNow","sn"
"CI Landing Experience","sn_ci_landing_exp","","1.0.0","true","true","","","","1.0.0","false","","","false","Store Application","com.glide.cs.landing_experience","","false","false","false","27-07-2020 11:43:03","admin","","","","","","","false","","","","","false","false","ES5 Standards Mode","","","Distribution","1.0.0","false","","","false","false","","","","false","","","","true","Tracking","false","false","false","","","","Not applicable","Not applicable","Monitor","","","true","false","false","","06-09-2026 20:49:46","system","2","","ServiceNow","sn"
"CIO Dashboard","sn_ciodashboard","CIO Dashboard","1.0.0","true","false","[]","","","1.0.0","false","","","true","Store Application","com.sn_ciodashboard","San Diego,Tokyo,Utah,Vancouver","false","false","false","14-05-2022 02:00:00","admin","0","","Demo data loaded","","","","false","sn_ciodashboard","","26-06-2023 08:01:09","{""installed_user"":{""user_id"":""ADMPFJ"",""user_email"":null}}","false","true","ES5 Standards Mode","","[]","Store","2.1.2","false","","","false","false","","","Free","false","[]","","2022-06-20 13:28:54","false","","false","false","false","2024-02-29 17:15:28","","","Not applicable","Not applicable","Monitor","","","true","false","true","26-06-2023 08:01:09","10-07-2026 14:04:31","system","16","","ServiceNow","sn"
"Clone Admin Console","sn_instance_clone","This app installs the functionality for system clone.","2.0.2","true","false","[]","","","2.0.2","false","","","true","Store Application","com.sn_instanceclone","Yokohama;Zurich;","false","false","false","08-11-2022 21:45:20","admin","0","","No demo data","sn_ace:4.1.1, sn_list-selector:24.1.1, com.snc.ha:sys, com.servicenow_now_list:sys","","","false","sn_instance_clone","","07-11-2024 18:49:21","","false","true","ES5 Standards Mode","","[]","Out of Band","2.2.1","false","","","false","false","","","Free","false","[]","","undefined","false","Tracking","false","false","true","undefined","","","Not applicable","Not applicable","Monitor","","","true","false","true","06-11-2025 17:57:14","20-05-2026 11:10:08","system","11","","",""
"Cloud Storage","sn_storage","Cloud Storage Customer Store App for MIF Integration","6.1.0","true","false","[]","","","6.1.0","false","","","true","Store Application","com.snc.storage","Australia;Brazil;Yokohama;Zurich;","false","true","false","27-03-2024 10:31:04","admin","0","","No demo data","sn_mif:1.2.1","","","false","sn_storage","","06-11-2025 17:56:00","","false","true","ECMAScript 2021 (ES12)","","[]","Out of Band","6.1.0","false","","","false","false","","","Free","true","[]","","undefined","false","","false","false","false","undefined","","","Not applicable","Not applicable","Monitor","","","true","false","false","02-08-2026 19:47:20","03-09-2026 01:16:22","system","5","","ServiceNow","sn"
"CMDB Agent Workspace","sn_cmdb_workspace","","1.0.0","true","false","","","","1.0.0","false","","","false","Store Application","com.cmdb-workspace","","false","false","false","13-07-2018 21:30:51","admin","","","","","","","true","sn_cmdb_workspace","","","","false","false","ES5 Standards Mode","","","Distribution","1.0.0","false","","","false","false","","","","false","[]","","","false","none","false","false","false","","","","Not applicable","Not applicable","Monitor","","","true","false","false","","07-11-2024 18:14:04","system","1","","",""
"CMDB CI Class Models","sn_cmdb_ci_class","A single source for all new base-system CMDB CI class models from ServiceNow","1.80.0","true","false","[]","","","1.80.0","false","","","true","Store Application","com.sn_cmdb_ci_class","Xanadu;Yokohama;Zurich;","false","true","false","05-04-2019 16:00:00","admin","0","","No demo data","sn_ent:2.14.0","","","false","sn_cmdb_ci_class","","17-10-2024 16:01:39","","false","true","ES5 Standards Mode","","[]","Store","1.94.3","false","","","false","false","","","Free","false","[]","","undefined","false","","false","false","true","undefined","","","Not applicable","Not applicable","Monitor","","","true","false","true","06-11-2025 19:33:42","10-09-2026 22:57:57","system","16","","ServiceNow","sn"
"CMDB Page Templates","sn_cmdb_pg_templts","","3.2.5","true","false","[]","","","3.2.5","false","","","false","Store Application","com.snc.cmdb.page.templates","Australia;Washington DC;Xanadu;Yokohama;Zurich;","false","true","false","21-09-2021 07:06:17","admin","0","","No demo data","","","","false","sn_cmdb_pg_templts","","27-10-2022 18:32:13","","false","true","","","[]","Out of Band","3.2.6","false","","","false","false","","","Free","false","[]","","undefined","false","","false","false","false","undefined","","","","Not applicable","Monitor","","","true","false","true","06-11-2025 19:22:41","17-06-2026 03:28:21","system","7","","ServiceNow","sn"
"CMDB Workspace","sn_cmdb_ws","A modern workspace where you can search, explore, and work with the CMDB","7.6.2","true","false","[]","","","7.6.2","false","","","false","Store Application","com.snc.cmdb.workspace","Xanadu;Yokohama;Zurich;","false","true","false","21-09-2021 07:06:17","admin","0","","Has demo data","sn_cmdb_pg_templts:3.2.5, sn_cmdb_nlq_search:2.3.3, sn_app_shell_aw:24.5.0, sn_node_map:25.6.0, sn_app_ux_commons:24.6.0, sn_list-selector:25.0.0, sn_ui_timeline:26.0.2, com.snc.cmdb:sys","","","false","sn_cmdb_ws","","27-10-2022 18:32:35","","false","true","","","[]","Store","9.6.0","false","","","false","false","","","Free","false","[{""productFamily"":""Data Foundations"",""productList"":[{""productId"":""f23c9fc3db6a8858df5ff3251d96196d"",""productName"":""CMDB Workspace"",""product_family"":""Data Foundations""}]},{""productFamily"":""IT Operations Management"",""productList"":[{""productId"":""5bc17e7adb70bbc4b54b5e77dc96190a"",""productName"":""ITOM Visibility"",""product_family"":""IT Operations Management""}]}]","","undefined","false","","false","false","false","undefined","","","","Not applicable","Monitor","","","true","false","true","06-11-2025 19:23:22","10-09-2026 22:57:59","system","16","","ServiceNow","sn"
"Coaching","sn_coaching","The Coaching module facilitates the coaching of employees on their work through the use of coaching opportunities (critical moments in a process) that can be conditionally configured.","9.7.0","true","false","[{""id"":""incompatible"",""order"":1,""message"":""Incompatible"",""tooltip"":""Your instance and app version are incompatible. Please make sure to select a compatible app version."",""type"":""error"",""show_as_filter"":true}]","","","9.7.0","false","","","false","Store Application","com.snc.app_coaching_host","Yokohama;","false","false","true","08-08-2018 19:40:40","admin","0","","Has demo data","com.snc.planned_task_v2:sys, com.snc.skills_management:sys, com.snc.organization_management:sys","","","false","sn_coaching","","27-10-2022 18:47:30","","false","true","ES5 Standards Mode","","[]","Out of Band","9.9.2","true","","","false","false","","","Paid","false","[]","","undefined","false","","false","false","false","undefined","","","General","Not applicable","Monitor","","","true","false","true","06-11-2025 17:57:18","09-09-2026 00:15:35","system","10","","ServiceNow","sn"
"Code Search","sn_codesearch","","6.99.11","true","false","","","","6.99.11","false","","","false","Store Application","com.glide.code-search","","false","false","false","01-09-2015 21:50:02","admin","","","","","","","false","sn_codesearch","","","","false","false","Compatibility Mode","","","Distribution","6.99.11","true","","","false","false","","","","true","[]","","","false","","false","false","false","","","","General","Not applicable","Monitor","","","true","false","false","","06-11-2025 18:15:20","PKE","1","","ServiceNow","sn"
"Collaboration Request","sn_collab_request","","28.2.1","true","false","[]","","","28.2.1","false","App Engine Studio","","true","Store Application","com.snc.collaboration-request","Zurich;","false","true","false","23-02-2021 20:20:54","admin","0","","No demo data","sn_app_eng_notify:28.2.1, sn_app_collab_ui:28.2.1, sn_pipeline:28.2.1, com.glide.app_collaboration:sys","","","false","sn_collab_request","","03-02-2026 13:25:51","","false","true","ES5 Standards Mode","","[]","Store","28.2.1","true","","","false","false","","","Free","false","[{""productFamily"":""App Engine"",""productList"":[{""productId"":""106524c7db226c50122156a8dc961924"",""productName"":""App Engine Studio"",""product_family"":""App Engine""},{""productId"":""3b3a9dff1ba4961055a02063604bcb31"",""productName"":""ServiceNow Studio"",""product_family"":""App Engine""}]}]","","undefined","false","","false","false","false","undefined","","","Not applicable","Not applicable","Monitor","","","true","false","false","03-02-2026 13:25:51","03-09-2026 13:04:04","system","8","","ServiceNow","sn"
"Collaboration Services for Service Operations Workspace","sn_sow_collab","","8.1.0","true","false","[]","","","8.1.0","false","","","true","Store Application","com.snc.uib.sow_collaboration","Zurich;","false","true","false","17-08-2021 11:41:02","admin","0","","No demo data","sn_uib_collab:1.1.0","","","true","sn_sow_collab","","27-10-2022 18:39:30","{""installed_user"":{""user_id"":""ADMPKE"",""user_email"":null}}","true","true","ES5 Standards Mode","","[]","Out of Band","8.6.0","false","","","false","false","","","Free","false","[{""productFamily"":""IT Service Management"",""productList"":[{""productId"":""1c004b911bc60dd029bd1f03b24bcbfe"",""productName"":""Service Operations Workspace"",""product_family"":""IT Service Management""}]}]","","undefined","false","","false","false","false","undefined","","","Not applicable","Not applicable","Monitor","","","true","false","true","06-11-2025 19:44:39","03-05-2026 22:35:13","system","9","","ServiceNow","sn"
"Common Guidances","sn_guidances","","10.0.3","true","false","[]","","","10.0.3","false","","","false","Store Application","com.snc.common_guidances","Xanadu;Yokohama;Zurich;","false","false","false","24-05-2022 23:13:40","admin","0","","No demo data","sn_gd_guidance:38.0.3, sn_aa_guidance:10.0.0","","","true","sn_guidances","","07-11-2024 18:31:29","","true","true","ES5 Standards Mode","","[]","Out of Band","16.0.2","false","","","false","false","","","Paid","false","[]","","undefined","false","","false","false","false","undefined","","","Not applicable","Not applicable","Monitor","","","true","false","true","06-11-2025 19:04:58","10-09-2026 22:58:02","system","15","","ServiceNow","sn"
"Common Page Templates","sn_uib_base_aw","Collection of common experience page templates (Record, List, etc.) to fit most use cases.","27.0.1","true","false","[]","","","27.0.1","false","","","false","Store Application","com.snc.uib.base_agent_workspace_store","Yokohama;Zurich;","false","false","true","01-07-2020 20:47:27","naitik.doshi","0","","No demo data","com.snc.uib.base_agent_workspace:sys, com.snc.app_shell_aw:sys, com.snc.uib.special_handling_notes:sys, com.glide.ux.dynamic_route:sys","","","false","sn_uib_base_aw","","27-10-2022 18:41:04","","false","true","ES5 Standards Mode","","[]","Out of Band","27.1.0","false","","","false","false","","","Free","false","[]","","undefined","false","","false","false","false","undefined","","","Not applicable","Not applicable","Monitor","","","true","false","true","05-07-2026 17:48:54","05-07-2026 22:41:01","system","3","","",""
"Common UIB Wrapper Components","sn_cmn_uib_comp","Common UIB wrapper components","1.4.6","true","false","[]","","","1.4.6","false","","","false","Store Application","com.sn_cmn_uib_comp","Xanadu;Yokohama;Zurich;","false","false","false","27-03-2024 12:23:00","tectonic","0","","No demo data","","","","false","sn_cmn_uib_comp","","16-03-2023 18:28:50","{""installed_user"":{""user_id"":""PKE"",""user_email"":""PKE@ATP.DK""}}","false","true","ECMAScript 2021 (ES12)","","[]","Out of Band","1.5.4","true","","","false","false","","","Free","true","[{""productFamily"":""Customer Service Management"",""productList"":[{""productId"":""5c773fbd1b3a8110b79616db234bcba4"",""productName"":""Workforce Optimization for CSM"",""product_family"":""Customer Service Management""}]},{""productFamily"":""IT Service Management"",""productList"":[{""productId"":""6e0516c81b3b7d10fb4f657b234bcb43"",""productName"":""Digital Product Release"",""product_family"":""IT Service Management""},{""productId"":""468e0e7f1b1ac910e57c0fe5604bcba8"",""productName"":""Workforce Optimization for ITSM"",""product_family"":""IT Service Management""},{""productId"":""e5ff61c51b345d50ee92cb31604bcba4"",""productName"":""DevOps Change Velocity"",""product_family"":""IT Service Management""},{""productId"":""1c004b911bc60dd029bd1f03b24bcbfe"",""productName"":""Service Operations Workspace"",""product_family"":""IT Service Management""}]}]","","undefined","false","","false","false","true","undefined","","","Not applicable","Not applicable","Monitor","","","true","false","true","06-11-2025 17:55:56","10-09-2026 22:58:01","system","475.457","","",""
"Configuration Hub","sn_config_hub","Provide common configuration actions as a component","1.0.4","true","false","[]","","","1.0.4","false","","","true","Store Application","com.sn_config_hub","Washington DC;Xanadu;Yokohama;Zurich;","false","false","false","19-05-2025 01:50:28","tectonic","0","","No demo data","","","","false","sn_config_hub","","09-11-2023 19:25:20","","false","true","ECMAScript 2021 (ES12)","","[]","Store","1.0.11","true","","","false","false","","","Free","true","[]","","undefined","false","","false","false","true","undefined","","","Not applicable","Not applicable","Monitor","","","true","false","true","06-11-2025 19:16:53","07-08-2026 22:34:39","system","485.461","","ServiceNow","sn"
"Connect Spoke","sn_connect_ah","","1.0.11","true","false","","","","1.0.11","false","","","false","Store Application","com.glide.connect_v3plus.core.ah","","false","false","false","11-08-2017 17:50:21","admin","","","","","","","false","sn_connect_ah","","","","false","false","ES5 Standards Mode","","","Distribution","1.0.11","false","","310e4f059f200300af7196fcc67fcfff.iix","false","false","","","","false","[]","","","false","false","false","false","false","","","","Not applicable","Not applicable","Monitor","","","true","false","false","","03-11-2021 20:18:10","ADMPKE","4","","ServiceNow","sn"
"Contact card component","sn_contact_card","Servicenow's Contact Card component","25.2.4","true","false","[]","","","25.2.4","false","","","false","Store Application","com.devsnc_sn_contact_card","Washington DC;Xanadu;Yokohama;Zurich;","false","false","false","22-04-2025 07:27:25","tectonic","0","","No demo data","","","","false","sn_contact_card","","27-10-2022 18:32:40","","false","true","ECMAScript 2021 (ES12)","","[]","Out of Band","26.0.0","true","","","false","false","","","Free","true","[]","","undefined","false","","false","false","true","undefined","","","Not applicable","Not applicable","Monitor","","","true","false","true","06-11-2025 17:56:18","16-12-2025 09:55:34","ADMMUF","484.816","","",""
"Content Engagement for Employee Center Pro","sn_ce","Enable social features such as commenting and replies, likes, reactions, views, flagging and more for supported content.  Includes engagement analytics dashboard for measuring employee interactions with social engagement features.","1.3.0","true","true","[{""id"":""not_licensed"",""order"":2,""message"":""Not Licensed"",""tooltip"":""This application requires a valid license to install. To purchase a license, "",""link"":""please contact seller on the Store.|https://store.servicenow.com/store/app/d2abafaa1b246a50a85b16db234bcb87"",""type"":""error"",""show_as_filter"":true}]","","","1.3.0","false","","","false","Store Application","com.sn_content_engagement","Washington DC;Xanadu;Yokohama;","false","true","false","18-01-2024 15:21:32","admin","0","","No demo data","","","","false","sn_ce","","06-11-2025 17:56:20","","false","true","ES5 Standards Mode","","[]","Out of Band","1.5.3","true","","","false","false","","","Paid","false","[]","","undefined","false","","false","false","false","undefined","","","","Not applicable","Monitor","","","true","false","true","06-11-2025 17:56:20","10-09-2026 22:57:52","system","11","","ServiceNow","sn"
"Content Experiences","sn_ca","Content Experiences provides powerful capabilities for scheduling, grouping and triggering content created in Content Publishing in the form of a more comprehensive Campaign.","32.1.13","true","true","","","","32.1.13","false","","","false","Store Application","com.sn_content_automation","","false","true","false","18-10-2017 23:59:04","admin","","","Has demo data","com.glide.scope.access.restricted_caller:sys, sn_cd:35.0.28","","","false","sn_ca","","03-11-2021 19:34:40","","false","true","ES5 Standards Mode","","","Out of Band","32.4.1","true","","","false","false","","","","false","[]","","","false","","false","false","true","","","","General","Not applicable","Monitor","","","true","false","true","07-06-2026 16:48:50","10-09-2026 22:57:58","system","5","","ServiceNow","sn"
"Content Publishing","sn_cd","Content Publishing allows a multitude of content to be created and published to various channels such as portal, email, mobile and more.","35.0.28","true","true","","","","35.0.28","false","","","false","Store Application","com.sn_content_publishing_store","","false","false","true","01-12-2017 00:00:55","admin","","","Has demo data","sn_ex_emp_fd:29.2.2, com.sn_content_delivery:sys","","","false","sn_cd","","03-11-2021 19:34:09","","false","true","ES5 Standards Mode","","","Out of Band","36.7.4","true","","","false","false","","","","false","[]","","","false","","false","false","true","","","","General","Not applicable","Monitor","","","true","false","true","07-06-2026 16:48:48","10-09-2026 22:57:57","system","6","","ServiceNow","sn"
"Continual Improvement Management (CIM)","sn_cim","","11.0.6","true","false","","","","11.0.6","false","","","false","Store Application","com.sn_cim","","false","false","false","19-10-2017 20:55:32","admin","","","","","","","false","sn_cim","","","","false","false","ES5 Standards Mode","","","Distribution","11.0.6","true","","","false","false","","","","false","","","","false","","false","false","false","","","","General","Not applicable","Monitor","","","true","false","false","","14-12-2025 18:44:57","system","1","","",""
"Continual Improvement Management ATF","sn_cim_atf","","1.0.0","true","false","","","","1.0.0","false","","","false","Store Application","com.sn_cim_atf","","false","false","false","13-07-2018 21:29:28","admin","","","","","","","false","sn_cim_atf","","","","false","false","ES5 Standards Mode","","","Distribution","1.0.0","false","","","false","false","","","","false","","","","false","","false","false","false","","","","Not applicable","Not applicable","Monitor","","","true","false","false","","03-11-2021 20:18:12","ADMPKE","5","","",""
"Continuous Integration and Continuous Delivery (CICD) Spoke","sn_cicd_spoke","","2.0.2","true","false","","","","2.0.2","false","","","false","Store Application","com.sn_cicd_spoke","","false","false","false","21-09-2014 07:06:17","admin","","","","","","","false","sn_cicd_spoke","","","","false","false","","","","Distribution","2.0.2","false","","","false","false","","","","false","","","","false","","false","false","false","","","","Not applicable","Not applicable","Monitor","","","true","false","false","","06-11-2025 18:15:17","PKE","4","","ServiceNow","sn"
"controls-mono","sn_controls_mono","Bundled variant of all controls-monorepo components","28.12.2","true","false","","","","28.12.2","false","","","false","Store Application","com.controls_mono","","false","false","false","28-07-2025 00:27:41","tectonic","","","","","","","false","sn_controls_mono","","","","false","false","ECMAScript 2021 (ES12)","","","Distribution","28.12.2","false","","","false","false","","","","true","","","","false","","false","false","false","","","","Not applicable","Not applicable","None","","","true","false","false","","06-09-2026 21:08:48","system","487.149","","",""
"Conversation Builder","sn_cs_builder","","29.0.16","true","false","","","","29.0.16","false","","","false","Store Application","com.snc.conversation_builder","","false","false","false","14-06-2017 15:59:23","admin","","","","","","","false","sn_cs_builder","","","","false","false","ES5 Standards Mode","","","Distribution","29.0.16","true","","","false","false","","","","false","","","","false","","false","false","false","","","","General","Not applicable","Monitor","","","true","false","false","","03-08-2026 18:08:27","system","2","","",""
"Conversational Interfaces - Diagnostics","sn_ci_diagnostics","The CI Diagnostic Tool is a framework that allows a privileged user (admin) to perform a diagnosis of various products through scripts and powerful VA topics. This diagnosis aims to identify, troubleshoot and provide resolution to the common problems faced by customers in various products.","2.2.1","true","false","[]","","","2.2.1","false","","","false","Store Application","sn.ci.diagnostics","Australia;Brazil;Washington DC;Xanadu;Yokohama;Zurich;","false","false","false","12-07-2021 18:24:35","admin","0","","No demo data","com.glide.cs.chatbot.lite:sys","","","false","sn_ci_diagnostics","","27-10-2022 18:44:48","{""installed_user"":{""user_id"":""PKE"",""user_email"":""PKE@ATP.DK""}}","false","true","ES5 Standards Mode","","[]","Out of Band","2.2.1","false","","","false","false","","","Free","false","[]","","undefined","false","Tracking","false","false","false","undefined","","","Not applicable","Not applicable","Monitor","","","true","false","false","06-11-2025 17:57:21","29-08-2026 22:39:45","system","7","","",""
"Core UI Components","sn_core_ui_ponents","Core Seismic components for the system UI","28.99999999.0.0","true","false","","","","28.99999999.0.0","false","","","false","Store Application","com.glide.core-ui-components","","false","false","false","21-04-2020 19:54:59","admin","","","","","","","true","sn_core_ui_ponents","","","","false","false","ES5 Standards Mode","","","Distribution","28.99999999.0.0","false","","","false","false","","","","true","","","","false","","false","false","false","","","","Not applicable","Not applicable","Monitor","","","true","false","false","","21-04-2020 19:54:59","admin","10","","",""
"CSM Configurable Workspace Special Handling Notes","sn_uib_shn","","22.1.1","true","false","","","","22.1.1","false","","","false","Store Application","com.snc.uib.special_handling_notes","","false","false","false","15-08-2020 23:59:11","admin","","","","","","","true","sn_uib_shn","","","","false","false","ES5 Standards Mode","","","Distribution","22.1.1","true","","","false","false","","","","false","","","","false","","false","false","false","","","","General","Not applicable","Monitor","","","true","false","false","","15-08-2020 23:59:11","admin","0","","",""
"Data Foundation Model","sn_cmdb_foundation","Support foundational product engineering data model constructs that need to be installed on customer instances.","1.4.0","true","false","[]","","","1.4.0","false","","","true","Store Application","com.sn_cmdb_foundation","Xanadu;Yokohama;Zurich;","false","false","false","01-03-2024 06:35:22","admin","0","","No demo data","","","","false","sn_cmdb_foundation","","06-11-2025 17:55:59","","false","true","ES5 Standards Mode","","[]","Out of Band","1.13.2","false","","","false","false","","","Free","false","[]","","undefined","false","","false","false","false","undefined","","","Not applicable","Not applicable","Monitor","","","true","false","true","06-11-2025 19:20:31","10-09-2026 22:57:44","system","17","","",""
"Data Grid UI Component","sn_datagrid","Data-Grid is an UI component that accepts data and configuration to render grid. The primary features of data-grid component is to display tasks in a grid","25.0.0","true","false","[]","","","25.0.0","false","","","false","Store Application","","Xanadu;Yokohama;Zurich;","false","false","false","05-04-2024 11:12:56","tectonic","0","","No demo data","sn_spm_com_ui_comp:2.0.0","","","true","sn_datagrid","","03-11-2021 19:33:55","","false","true","ECMAScript 2021 (ES12)","","[]","Out of Band","26.0.13","true","","","false","false","","","Free","true","[]","","undefined","false","","false","false","true","undefined","","","Not applicable","Not applicable","Monitor","","","true","false","true","06-11-2025 17:56:44","10-09-2026 22:57:45","system","475.656","","",""
"Data visualizations","sn_par_vis_base","Template visualization component which provides shared behaviors for visualizations","28.3.0","true","false","","","","28.3.0","false","","","false","Store Application","com.sn_par_visualization_base","","false","true","false","27-08-2024 08:24:39","tectonic","","","No demo data","sn_par_chart_size:28.3.0, sn_par_colors:28.3.0, sn_par_ranges:28.3.0, sn_par_data_source:28.3.0, sn_par_date_input:28.3.0, sn_par_dot_walk:28.3.0, sn_par_duration_fo:28.3.0, sn_par_group_by:28.3.0, sn_par_macroponent:28.3.0, sn_par_metricbase:28.3.0, sn_par_metrics:28.3.0, sn_par_nbr_format:28.3.0, sn_par_pillar:28.3.0, sn_par_popover:28.3.0, sn_par_refresh_fre:28.3.0, sn_sc_aggregates:28.3.0, sn_par_breakdowns:28.3.0, sn_par_sc_metrics:28.3.0, sn_par_trend_by:28.3.0, sn_par_multipivot:28.3.0, sn_par_calendar:28.3.0, sn_scorecard_list:28.3.0, sn_multipivot:28.3.0, sn_analytics_list:28.3.0, sn_score:28.3.0, sn_vis_bar:28.3.0, sn_vis_dial:28.3.0, sn_vis_gauge:28.3.0, sn_vis_navigator:28.3.0, sn_vis_pie:28.3.0, sn_vis_sparkline:28.3.0, sn_vis_timeseries:28.3.0, now_vis_extensions:28.3.0, sn_addit_group_by:28.3.0, sn_forecast_config:28.3.0, sn_par_drag_list:28.3.0, sn_par_toggle:28.3.0, sn_vis_boxplot:28.3.0, sn_par_filter_per:28.3.0, sn_par_col_select:28.3.0, sn_par_v_header:28.3.0, sn_par_w_header:28.3.0, sn_vis_controls:28.3.0","","","false","sn_par_vis_base","","09-11-2023 18:04:17","","false","true","ECMAScript 2021 (ES12)","","","Out of Band","28.5.6","true","","","false","false","","","","true","[]","","","false","","false","false","true","","","","Not applicable","Not applicable","Monitor","","","true","false","true","15-03-2026 17:02:45","11-09-2026 19:50:53","system","479.118","","",""
"Decision Builder","sn_decision_design","App to allow users to create and manage decisioning entities","28.0.0","true","false","[]","","","28.0.0","false","","","false","Store Application","com.devsnc_sn_decision_designer","Zurich;","false","false","false","10-07-2025 04:29:14","tectonic","0","","No demo data","sn_decision_table:28.0.0","","","false","sn_decision_design","","27-10-2022 18:47:25","{""installed_user"":{""user_id"":""PKE"",""user_email"":""PKE@ATP.DK""}}","false","true","ECMAScript 2021 (ES12)","","[]","Out of Band","28.0.0","false","","","false","false","","","Free","true","[{""productFamily"":""App Engine"",""productList"":[{""productId"":""106524c7db226c50122156a8dc961924"",""productName"":""App Engine Studio"",""product_family"":""App Engine""},{""productId"":""3b3a9dff1ba4961055a02063604bcb31"",""productName"":""ServiceNow Studio"",""product_family"":""App Engine""}]},{""productFamily"":""Now Platform"",""productList"":[{""productId"":""e1b0d5f61b449d1060690d43604bcbaf"",""productName"":""Decision Builder"",""product_family"":""Now Platform""}]}]","","undefined","false","","false","false","true","undefined","","","Not applicable","Not applicable","Monitor","","","true","false","false","06-11-2025 18:45:48","10-09-2026 22:58:00","system","486.712","","ServiceNow","sn"
"Decision Table Builder","sn_decision_table","App to allow users to create and manage decision tables","28.1.1","true","false","[]","","","28.1.1","false","","","false","Store Application","com.devsnc_sn_decision_table","Zurich;","false","true","false","09-10-2024 05:12:10","tectonic","0","","No demo data","","","","false","sn_decision_table","","27-10-2022 18:47:22","","false","true","ECMAScript 2021 (ES12)","","[]","Store","28.2.0","false","","","false","false","","","Free","true","[{""productFamily"":""Now Platform"",""productList"":[{""productId"":""e1b0d5f61b449d1060690d43604bcbaf"",""productName"":""Decision Builder"",""product_family"":""Now Platform""}]},{""productFamily"":""App Engine"",""productList"":[{""productId"":""3b3a9dff1ba4961055a02063604bcb31"",""productName"":""ServiceNow Studio"",""product_family"":""App Engine""},{""productId"":""106524c7db226c50122156a8dc961924"",""productName"":""App Engine Studio"",""product_family"":""App Engine""}]}]","","undefined","false","","false","false","true","undefined","","","Not applicable","Not applicable","Monitor","","","true","false","true","06-11-2025 18:40:10","10-09-2026 22:57:42","system","480.157","","ServiceNow","sn"
"Delegated Dev User Administration","sn_dd_user_admin","","1.2.4","true","false","","","","1.2.4","false","","","false","Store Application","com.sn_dd_user_admin","","false","false","false","08-04-2016 19:33:11","admin","","","","","","","false","sn_dd_user_admin","","","","false","false","ES5 Standards Mode","","","Distribution","1.2.4","false","","","false","false","","","","true","[]","","","false","Tracking","false","false","false","","","","Not applicable","Not applicable","Monitor","","","true","false","false","","22-02-2026 21:59:47","system","2","","",""
"Deployment Pipeline","sn_deploy_pipeline","","29.2.6","true","false","[]","","","29.2.6","false","","","true","Store Application","com.snc.deployment-pipeline","Australia;Brazil;Zurich;","false","true","false","08-06-2021 18:38:31","admin","0","","No demo data","sn_pipeline:29.2.6, sn_app_eng_notify:29.2.6","","","false","sn_deploy_pipeline","","06-11-2025 17:57:32","","false","true","ES5 Standards Mode","","[]","Out of Band","29.2.6","true","","","false","false","","","Free","false","[{""productFamily"":""App Engine"",""productList"":[{""productId"":""3b3a9dff1ba4961055a02063604bcb31"",""productName"":""ServiceNow Studio"",""product_family"":""App Engine""},{""productId"":""106524c7db226c50122156a8dc961924"",""productName"":""App Engine Studio"",""product_family"":""App Engine""}]}]","","undefined","false","","false","false","false","undefined","","","Not applicable","Not applicable","None","","","true","false","false","06-09-2026 20:50:42","06-09-2026 21:08:57","system","3","","ServiceNow","sn"
"Diagram Builder","sn_diagram_builder","Basic Diagram Builder","29.0.6","true","false","[]","","","29.0.6","false","","","false","Store Application","com.sn_diagram_builder","Australia;Zurich;","false","true","false","03-08-2020 17:08:27","admin","0","","Has demo data","com.sn_pd_picker:sys, com.servicenow_now_diagram:sys","","","true","sn_diagram_builder","","27-10-2022 18:46:07","","true","true","ES5 Standards Mode","","[]","Out of Band","29.1.0","true","","","false","false","","","Free","false","[{""productFamily"":""App Engine"",""productList"":[{""productId"":""106524c7db226c50122156a8dc961924"",""productName"":""App Engine Studio"",""product_family"":""App Engine""}]}]","","undefined","false","","false","false","true","undefined","","","Not applicable","Not applicable","Monitor","","","true","false","true","03-02-2026 13:42:48","13-03-2026 03:04:19","system","6","","",""
"Digital Signature API","sn_ds_api","Digital Signature API","26.0.0","true","false","[]","","","26.0.0","false","","","false","Store Application","com.glide.digital_signature_api","Australia;Xanadu;Yokohama;Zurich;","false","true","false","23-06-2021 00:03:52","admin","0","","No demo data","","","","false","sn_ds_api","","27-10-2022 18:38:13","","false","true","ES5 Standards Mode","","[]","Out of Band","26.0.0","false","","","false","false","","","Free","false","[]","","undefined","false","","false","false","false","undefined","","","Not applicable","Not applicable","Monitor","","","true","false","false","07-11-2024 18:45:18","11-03-2026 09:19:54","system","4","","",""
"Digital signature component","sn_digit_sign","This component enables user to sign a document.","27.0.3","true","false","[]","","","27.0.3","false","","","false","Store Application","com.devsnc_sn_digital_signature","Yokohama;Zurich;","false","false","false","24-04-2024 13:03:37","tectonic","0","","No demo data","","","","false","sn_digit_sign","","27-10-2022 18:46:44","","false","true","ECMAScript 2021 (ES12)","","[]","Out of Band","27.3.1","true","","","false","false","","","Free","true","[]","","undefined","false","","false","false","true","undefined","","","Not applicable","Not applicable","Monitor","","","true","false","true","06-11-2025 17:56:24","17-06-2026 03:28:01","system","476.112","","",""
"Docker Spoke","sn_docker_spoke","The Docker Spoke for IntegrationHub provides actions that a Process Analyst can use when designing flows. The actions allow them to automate docker.","2.3.3","true","false","[{""id"":""subprod_eval"",""order"":2,""message"":""Trial Available"",""tooltip"":""This application is available to try on hosted sub-prod instances. "",""link"":""Please contact sales to use in production.|https://store.servicenow.com/store/app/e86aeb261b246a50a85b16db234bcb17"",""type"":""info"",""show_as_filter"":true},{""id"":""incompatible"",""order"":1,""message"":""Incompatible"",""tooltip"":""Your instance and app version are incompatible. Please make sure to select a compatible app version."",""type"":""error"",""show_as_filter"":true}]","","","2.3.3","false","","","false","Store Application","com.sn.docker.spoke","San Diego;Tokyo;Utah;Vancouver;Washington DC;Xanadu;Yokohama;","false","false","false","28-06-2018 23:52:46","admin","0","","No demo data","com.glide.hub.action_step.rest:sys, com.glide.hub.integrations:sys, com.glide.hub.designer_backend.model:sys, com.glide.cobject:sys","","","false","sn_docker_spoke","","03-11-2021 19:41:47","","false","true","ES5 Standards Mode","","[]","Out of Band","2.4.3","true","","12c175c1db8833002feddfea5e96197b.iix","false","false","","","Paid","false","[]","","undefined","false","Tracking","false","false","false","undefined","","","Not applicable","Not applicable","Monitor","","","true","false","true","09-11-2023 18:07:53","06-10-2026 04:52:13","admin","10","","ServiceNow","sn_"
"Document Approval App Template","sn_document_appr_0","","28.2.1","true","false","[]","","","28.2.1","false","App Engine Studio","","true","Store Application","com.snc.document-approval-app-template","Zurich;","false","false","false","15-01-2021 22:18:01","maint","0","","No demo data","sn_app_eng_studio:28.2.1, com.snc.app_shell_aw:sys, com.snc.app_shell_portal:sys, com.snc.uib.base_agent_workspace:sys, com.snc.apps_templates:sys, com.glide.ux.starter.experience:sys","","","false","sn_document_appr_0","","03-02-2026 13:40:27","","false","true","ES5 Standards Mode","","[]","Store","28.2.1","true","","","false","false","","","Free","false","[{""productFamily"":""App Engine"",""productList"":[{""productId"":""106524c7db226c50122156a8dc961924"",""productName"":""App Engine Studio"",""product_family"":""App Engine""}]}]","","undefined","false","","false","false","false","undefined","","","Not applicable","Not applicable","Monitor","","","true","false","false","03-02-2026 13:40:27","03-02-2026 13:46:51","system","4","","ServiceNow",""
"Document display component","sn_doc_display","This component enables user to display a document","27.0.0","true","false","[]","","","27.0.0","false","","","false","Store Application","com.devsnc_sn_document_display","Australia;Xanadu;Yokohama;Zurich;","false","false","false","27-03-2025 13:02:37","tectonic","0","","No demo data","","","","false","sn_doc_display","","27-10-2022 18:45:32","","false","true","ECMAScript 2021 (ES12)","","[]","Out of Band","27.5.2","true","","","false","false","","","Free","true","[]","","undefined","false","","false","false","true","undefined","","","Not applicable","Not applicable","Monitor","","","true","false","true","06-11-2025 17:56:23","13-03-2026 03:04:16","system","484.200","","",""
"Document Templates","sn_doc","","26.4.3","true","true","[]","","","26.4.3","false","","","false","Store Application","com.snc.document_templates","Washington DC;Xanadu;Yokohama;Zurich;","false","true","false","04-12-2019 15:07:37","admin","0","","No demo data","com.snc.signaturepad:sys, com.glideapp.user_criteria.scoped.api:sys","","","false","sn_doc","","27-10-2022 18:34:37","","false","true","ES5 Standards Mode","","[]","Out of Band","27.2.1","false","","","false","false","","","Free","false","[{""productFamily"":""Core Business Suite"",""productList"":[{""productId"":""323589199709ba143b7e30d71153afdc"",""productName"":""Core Business Suite for HR"",""product_family"":""Core Business Suite""}]}]","","undefined","false","","false","false","true","undefined","","","Not applicable","Not applicable","Monitor","","","true","false","true","02-08-2026 19:47:18","03-08-2026 18:08:31","system","4","","ServiceNow","sn"
"Dynamic Related Records for Configurable Workspace","sn_uib_dyn_rel_rec","Dynamic related records provide agents with access to relational information based on the context of the current record. Admins can easily configure related record definitions that increase agent productivity by making data available in context to the action that the agent is performing.","25.4.4","true","false","[]","","","25.4.4","false","","","true","Store Application","com.snc.uib.sn_dyn_rel_rec","Washington DC;Xanadu;Yokohama;Zurich;","false","false","false","05-02-2021 04:55:11","admin","0","","Has demo data","","","","false","sn_uib_dyn_rel_rec","","07-11-2024 18:48:01","","false","true","ES5 Standards Mode","","[]","Out of Band","25.7.0","true","","","false","false","","","Free","false","[]","","undefined","false","","false","false","false","undefined","","","Not applicable","Not applicable","Monitor","","","true","false","true","06-11-2025 17:56:23","17-06-2026 03:28:04","system","6","","ServiceNow","sn"
"E-Signature","sn_esign","","1.0.0","true","true","","","","1.0.0","false","","","false","Store Application","com.snc.esign","","false","false","false","17-01-2019 11:32:28","admin","","","","","","","false","sn_esign","","","","false","false","ES5 Standards Mode","","","Distribution","1.0.0","false","","","false","false","","","","false","[]","","","false","","false","false","false","","","","Not applicable","Not applicable","Monitor","","","true","false","false","","17-01-2019 12:48:45","admin","1","","ServiceNow","sn"
"Emergency Alert App Template","sn_emrgncy_tmp","","28.2.1","true","false","[]","","","28.2.1","false","App Engine Studio","","true","Store Application","com.snc.emergency-alert-app-template","Zurich;","false","false","false","21-01-2021 17:49:14","admin","0","","No demo data","sn_app_eng_studio:28.2.1, com.snc.app_shell_aw:sys, com.snc.app_shell_portal:sys, com.snc.uib.base_agent_workspace:sys, com.snc.apps_templates:sys, com.glide.ux.starter.experience:sys","","","false","sn_emrgncy_tmp","","03-02-2026 13:31:04","","false","true","ES5 Standards Mode","","[]","Store","28.2.1","true","","","false","false","","","Free","false","[{""productFamily"":""App Engine"",""productList"":[{""productId"":""106524c7db226c50122156a8dc961924"",""productName"":""App Engine Studio"",""product_family"":""App Engine""}]}]","","undefined","false","","false","false","false","undefined","","","Not applicable","Not applicable","Monitor","","","true","false","false","03-02-2026 13:31:04","03-02-2026 13:47:15","system","4","","ServiceNow",""
"Employee Center","sn_ex_sp","A customizable multi-department self-service portal experience for employees.","38.0.7","true","false","[]","","","38.0.7","false","","","false","Store Application","com.snc.employee_center","Xanadu;Yokohama;Zurich;","false","true","false","06-03-2016 21:17:39","admin","0","","Has demo data","sn_hr_sp:38.0.4, sn_ect:28.2.1, sn_ex_emp_fd:30.0.1","","","false","sn_ex_sp","","03-11-2021 19:35:04","","false","true","ES5 Standards Mode","","[]","Store","41.2.0","false","","","false","false","","","Free","false","[]","","undefined","false","","false","false","true","undefined","","","","Not applicable","Monitor","","","true","false","true","06-11-2025 18:43:39","10-09-2026 22:57:47","system","14","","ServiceNow","sn"
"Employee Center Core","sn_hr_sp","Activates a portal framework that allows administrators to build a mobile-friendly self service experience for users.","38.0.4","true","true","[]","","","38.0.4","false","","","false","Store Application","com.snc.employee_center_core","Xanadu;Yokohama;Zurich;","false","true","true","06-03-2016 21:17:39","admin","0","","Has demo data","com.sn_hr_service_portal:sys","","","false","sn_hr_sp","","03-11-2021 19:35:02","","false","true","ES5 Standards Mode","","[]","Out of Band","41.2.0","false","","","false","false","","","Free","false","[]","","undefined","false","","false","false","false","undefined","","","Not applicable","Not applicable","None","","","true","false","true","06-11-2025 18:43:30","10-09-2026 22:57:47","system","15","","ServiceNow","sn"
"Employee Center Pro","sn_ex_sp_pro","Expands Employee Center to include employee communication and engagement features.","35.1.5","true","false","","","","35.1.5","false","","","false","Store Application","com.snc.employee_center_pro","","false","true","true","06-03-2016 21:17:39","admin","","","Has demo data","com.sn_ex_employee_center_pro:sys, sn_ca:32.1.10, sn_ex_sp:37.1.10, sn_hr_integr_fw:3.6.0, sn_ms_oam:4.3.2, sn_ce:1.3.0","","","false","sn_ex_sp_pro","","03-11-2021 19:42:00","","false","true","ES5 Standards Mode","","","Out of Band","38.3.5","true","","","false","false","","","","false","[]","","","false","","false","false","false","","","","General","Capacity","Monitor","","","true","false","true","06-11-2025 17:58:19","10-09-2026 22:57:44","system","9","","ServiceNow","sn"
"Employee Experience Foundation","sn_ex_emp_fd","This plugin contains components such as best practice email layouts that improve employee experiences","30.0.1","true","false","[]","","","30.0.1","false","","","false","Store Application","com.snc.sn_ex_emp_fd","Xanadu;Yokohama;Zurich;","false","false","false","19-08-2021 00:57:43","admin","0","","No demo data","","","","false","sn_ex_emp_fd","","27-10-2022 18:27:57","","false","true","","","[]","Out of Band","30.0.3","false","","","false","false","","","Free","false","[]","","undefined","false","","false","false","true","undefined","","","","Not applicable","Monitor","","","true","false","true","06-11-2025 18:40:31","16-12-2025 09:54:31","ADMMUF","5","","ServiceNow","sn"
"Employee experience taxonomy","sn_ect","Provides an employee content taxonomy for multi-department service delivery","28.2.1","true","false","[]","","","28.2.1","false","","","false","Store Application","com.snc.emp_content_taxonomy","Xanadu;Yokohama;Zurich;","false","true","false","17-05-2021 23:58:23","admin","0","","Has demo data","","","","false","sn_ect","","27-10-2022 18:28:41","{""installed_user"":{""user_id"":""PKE"",""user_email"":""PKE@ATP.DK""}}","false","true","","","[]","Out of Band","28.2.5","false","","","false","false","","","Free","false","[]","","undefined","false","","false","false","false","undefined","","","","Not applicable","Monitor","","","true","false","true","06-11-2025 18:40:30","16-12-2025 09:54:58","ADMMUF","5","","ServiceNow","sn"
"Employee Profile","sn_employee","Generate profiles for the employees in your organization. Employees will be able to view and manage their contact info, bios, and more.","13.3.2","true","true","[]","","","13.3.2","false","","","false","Store Application","com.sn_employee","Xanadu;Yokohama;Zurich;","false","true","false","27-10-2022 17:27:55","system","0","","Has demo data","sn_ex_sp:38.0.3, com.glide.scope.access.restricted_caller:sys","","","false","sn_employee","","27-10-2022 18:33:22","","false","true","ES5 Standards Mode","","[]","Store","13.9.0","false","","","false","false","","","Free","false","[]","","undefined","false","","false","false","false","undefined","","","Not applicable","Not applicable","Monitor","","","true","false","true","06-11-2025 18:40:58","10-09-2026 22:57:43","system","17","","ServiceNow","sn"
"Enhanced Global Search UI","sn_global_searchui","An enhanced results page for global searches.","5.0.6","true","false","","","","5.0.6","false","","","false","Store Application","com.sn_global_searchui","","false","false","false","15-11-2016 18:49:48","admin","","","","","","","true","sn_global_searchui","","","","false","false","ES5 Standards Mode","","","Distribution","5.0.6","false","","","false","false","","","","false","[]","","","false","","false","false","false","","","","Not applicable","Not applicable","Monitor","","","true","false","false","","06-11-2025 18:15:19","PKE","1","","ServiceNow","sn"
"Enterprise Service Management Integrations Framework","sn_hr_integr_fw","Contains common components that can be used for integrating ServiceNow applications with third-party systems. The application provides a consistent way of building integrations for common use cases with third-party applications into ServiceNow.","3.8.1","true","true","[{""id"":""incompatible"",""order"":1,""message"":""Incompatible"",""tooltip"":""Your instance and app version are incompatible. Please make sure to select a compatible app version."",""type"":""error"",""show_as_filter"":true}]","","","3.8.1","false","","","true","Store Application","com.sn.hrsd_integrations_framework","Yokohama;","false","true","false","21-06-2020 09:32:07","admin","0","","No demo data","","","","false","sn_hr_integr_fw","","09-11-2023 17:58:21","","false","true","ES5 Standards Mode","","[]","Out of Band","3.8.2","true","","","false","false","","","Paid","false","[]","","undefined","false","","false","false","false","undefined","","","Not applicable","Capacity","Monitor","","","true","false","true","06-11-2025 17:56:22","04-07-2026 05:33:09","system","6","","ServiceNow","sn"
"Event Registration App Template","sn_event_regi_0","","28.2.1","true","false","[]","","","28.2.1","false","App Engine Studio","","true","Store Application","com.snc.event-registration-app-template","Zurich;","false","false","false","15-01-2021 16:51:46","maint","0","","No demo data","sn_app_eng_studio:28.2.1, com.snc.app_shell_aw:sys, com.snc.app_shell_portal:sys, com.snc.uib.base_agent_workspace:sys, com.snc.apps_templates:sys, com.glide.ux.starter.experience:sys","","","false","sn_event_regi_0","","03-02-2026 13:32:15","","false","true","ES5 Standards Mode","","[]","Store","28.2.1","true","","","false","false","","","Free","false","[{""productFamily"":""App Engine"",""productList"":[{""productId"":""106524c7db226c50122156a8dc961924"",""productName"":""App Engine Studio"",""product_family"":""App Engine""}]}]","","undefined","false","","false","false","false","undefined","","","Not applicable","Not applicable","Monitor","","","true","false","false","03-02-2026 13:32:15","03-02-2026 13:47:10","system","4","","ServiceNow",""
"Expanded Model and Asset Classes","sn_ent","","2.14.0","true","false","[]","","","2.14.0","false","","","true","Store Application","com.sn_ent","Xanadu;Yokohama;Zurich;","false","true","false","05-08-2021 00:16:23","admin","0","","No demo data","sn_cmdb_foundation:1.4.0","","","false","sn_ent","","17-10-2024 15:44:06","","false","true","ES5 Standards Mode","","[]","Store","2.17.1","false","","","false","false","","","Free","false","[]","","undefined","false","","false","false","false","undefined","","","Not applicable","Not applicable","Monitor","","","true","false","true","06-11-2025 19:20:41","10-09-2026 22:57:52","system","11","","",""
"Expense Pre-Approval Template","sn_exp_pre_appro_0","","28.2.1","true","false","[]","","","28.2.1","false","App Engine Studio","","true","Store Application","com.snc.expense-preapproval-app-template","Zurich;","false","false","false","15-01-2021 16:51:46","maint","0","","No demo data","sn_app_eng_studio:28.2.1, com.snc.app_shell_aw:sys, com.snc.app_shell_portal:sys, com.snc.uib.base_agent_workspace:sys, com.snc.apps_templates:sys, com.glide.ux.starter.experience:sys","","","false","sn_exp_pre_appro_0","","03-02-2026 13:41:30","","false","true","ES5 Standards Mode","","[]","Store","28.2.1","true","","","false","false","","","Free","false","[{""productFamily"":""App Engine"",""productList"":[{""productId"":""106524c7db226c50122156a8dc961924"",""productName"":""App Engine Studio"",""product_family"":""App Engine""}]}]","","undefined","false","","false","false","false","undefined","","","Not applicable","Not applicable","Monitor","","","true","false","false","03-02-2026 13:41:30","03-02-2026 13:47:33","system","4","","ServiceNow",""
"Experimentation Framework Core","sn_experiment_core","","1.1.14","true","false","[]","","","1.1.14","false","","","true","Store Application","com.sn_experiment_core","Australia;Brazil;Zurich;","false","true","false","02-08-2026 19:44:36","system","0","","No demo data","","","","false","sn_experiment_core","","02-08-2026 19:47:24","","false","true","ECMAScript 2021 (ES12)","","[]","Out of Band","1.1.14","true","","","false","false","sn_experiment_core/sn_experiment_core/1.1.14/package.json","","Free","false","[]","","undefined","false","","false","false","false","undefined","","","Not applicable","Not applicable","Monitor","","","true","false","false","02-08-2026 19:47:24","10-09-2026 03:22:50","system","6","","",""
"FDIH Dashboard","sn_fdih_dashboards","Install flow designer dashboard with integrationhub.","25.0.5","true","true","[]","","","25.0.5","false","","","false","Store Application","com.glide.hub.debug.dashboard","Australia;Brazil;Xanadu;Yokohama;Zurich;","false","false","false","28-06-2022 19:48:30","sunil.kumar@snc","0","","No demo data","","","","false","sn_fdih_dashboards","","09-11-2023 17:56:42","","false","true","ES5 Standards Mode","","[]","Out of Band","30.0.5","false","","","false","false","","","Free","false","[]","","undefined","false","","false","false","false","undefined","","","","Not applicable","Monitor","","","true","false","true","06-11-2025 17:55:55","10-09-2026 22:57:42","system","6","","ServiceNow","sn"
"Flow Designer - Designer","sn_flow_designer","ServiceNow process flow-action debugger","28.2.1","true","false","[]","","","28.2.1","false","","","false","Store Application","com.glide.hub.designer","Zurich;","false","false","false","07-09-2016 23:31:17","admin","0","","No demo data","com.glide.hub.designer_backend.model:sys","","","false","sn_flow_designer","","07-11-2024 18:48:37","","false","true","ECMAScript 2021 (ES12)","","[]","Store","28.6.4","true","","","false","false","","","Free","true","[{""productFamily"":""App Engine"",""productList"":[{""productId"":""3b3a9dff1ba4961055a02063604bcb31"",""productName"":""ServiceNow Studio"",""product_family"":""App Engine""}]}]","","undefined","false","","false","false","true","undefined","","","Not applicable","Not applicable","Monitor","","","true","false","true","03-02-2026 13:42:00","06-09-2026 21:08:55","system","15","","ServiceNow","sn"
"Flow Diagramming","sn_flow_diagram","App to view and author flows in diagram view within Flow Designer","28.2.0","true","false","[]","","","28.2.0","false","","","false","Store Application","","Zurich;","false","false","false","12-06-2025 21:38:55","tectonic","0","","No demo data","sn_diagram_builder:29.0.6, com.sn_pd_picker:sys","","","true","sn_flow_diagram","","27-10-2022 18:46:19","","true","true","ECMAScript 2021 (ES12)","","[]","Out of Band","28.3.2","true","","","false","false","","","Free","true","[{""productFamily"":""App Engine"",""productList"":[{""productId"":""3b3a9dff1ba4961055a02063604bcb31"",""productName"":""ServiceNow Studio"",""product_family"":""App Engine""}]}]","","undefined","false","","false","false","true","undefined","","","Not applicable","Not applicable","Monitor","","","true","false","true","03-02-2026 13:42:53","06-09-2026 21:08:56","system","486.067","","ServiceNow","sn"
"Flow Encryption","sn_flow_encryption","","1.0.0","true","false","","","","1.0.0","false","","","true","Store Application","com.glide.hub.flow.encryption","","false","false","false","21-07-2024 04:56:28","admin","","","","","","","false","sn_flow_encryption","GAC","","","false","false","ECMAScript 2021 (ES12)","","","Distribution","1.0.0","false","","","false","false","","","","false","","","","false","Tracking","false","false","false","","","","Not applicable","Not applicable","None","","","false","false","false","","06-09-2026 20:49:49","system","1","","",""
"Formula Builder","sn_formula_editor","A simple, no-code tool to write formulas when building tables in custom applications","28.2.1","true","false","[]","","","28.2.1","false","App Engine Studio","","false","Store Application","com.devsnc_sn_formula_editor","Zurich;","false","true","false","27-03-2025 00:13:21","tectonic","0","","No demo data","com.glide.uxbuilder:sys, com.servicenow_now_icon:sys, com.servicenow_now_button:sys, com.servicenow_now_loader:sys, com.servicenow_now_popover:sys, com.servicenow_now_rich_text:sys, com.servicenow_now_modal:sys","","","false","sn_formula_editor","","07-11-2024 18:29:10","","false","true","ECMAScript 2021 (ES12)","","[]","Store","28.2.1","true","","","false","false","","","Free","true","[{""productFamily"":""App Engine"",""productList"":[{""productId"":""106524c7db226c50122156a8dc961924"",""productName"":""App Engine Studio"",""product_family"":""App Engine""}]}]","","undefined","false","","false","false","true","undefined","","","Not applicable","Not applicable","Monitor","","","true","false","false","03-02-2026 13:23:47","03-02-2026 13:47:17","system","484.198","","",""
"Gantt UI Builder Component","sn_gantt","Gantt Component for ServiceNow","25.0.0","true","false","[]","","","25.0.0","false","","","false","Store Application","","Xanadu;Yokohama;Zurich;","false","false","false","05-04-2024 13:17:57","tectonic","0","","No demo data","sn_datagrid:25.0.0","","","false","sn_gantt","","03-11-2021 19:34:51","","false","true","ECMAScript 2021 (ES12)","","[]","Out of Band","26.1.4","true","","","false","false","","","Free","true","[]","","undefined","false","","false","false","true","undefined","","","Not applicable","Not applicable","Monitor","","","true","false","true","06-11-2025 17:56:59","10-09-2026 22:58:05","system","475.659","","",""
"Generic Collection Framework","sn_generic_collect","","1.0.0","true","false","","","","1.0.0","false","","","false","Store Application","com.glide.usageanalytics.gcf","","false","false","false","19-07-2019 00:14:50","maint","","","","","","","true","sn_generic_collect","","","","false","false","ES5 Standards Mode","","","Distribution","1.0.0","false","","","false","false","","","","false","","","","false","","false","false","false","","","","Not applicable","Not applicable","Monitor","","","true","false","false","","06-11-2025 17:46:08","system","1","","",""
"Glide Signals JS Package","sn_sn_signals_js_s","","19.0.2","true","false","","","","19.0.2","false","","","false","Store Application","com.sn_signals_js","","false","false","false","30-01-2020 10:26:56","admin","","","","","","","false","sn_sn_signals_js_s","","","","false","false","ES5 Standards Mode","","","Distribution","19.0.2","false","","","false","false","","","","false","","","","false","Tracking","false","false","false","","","","Not applicable","Not applicable","Monitor","","","true","false","false","","03-11-2021 20:18:15","ADMPKE","2","","",""
"GRC: Advanced Risk","sn_risk_advanced","GRC: Advanced Risk","20.2.2","true","false","[]","","","20.2.2","false","","","false","Store Application","com.sn_risk_advanced","Washington DC;Xanadu;Yokohama;Zurich;","false","true","false","27-02-2019 00:38:41","admin","0","","Has demo data","sn_risk:20.1.2, sn_risk_assessment:20.1.1","","","false","sn_risk_advanced","","02-07-2020 15:44:31","{""installed_user"":{""user_id"":""ADMYNJ"",""user_email"":null}}","false","true","ES5 Standards Mode","","[]","Out of Band","23.0.6","true","","","false","false","","","Paid","false","[{""productFamily"":""Governance, Risk, and Compliance"",""productList"":[{""productId"":""a4a6e066db8cb49039f49ee4db9619a7"",""productName"":""Integrated Risk Management"",""product_family"":""Governance, Risk, and Compliance""},{""productId"":""cdc66ce2db8cb49039f49ee4db961901"",""productName"":""Privacy Management"",""product_family"":""Governance, Risk, and Compliance""}]}]","","undefined","false","","false","false","false","undefined","","","Not applicable","Producer","Monitor","","","true","false","true","06-09-2026 20:50:53","10-09-2026 22:57:51","system","6","","ServiceNow","sn"
"GRC: Advanced Risk Assessment","sn_risk_assessment","This component is used internally in the GRC Advanced Risk Application to perform Advanced Risk Assessments. This is a single use seismic component.","20.1.1","true","false","[]","","","20.1.1","false","","","false","Store Application","com.sn_risk_assessment","Washington DC;Xanadu;Yokohama;Zurich;","false","false","false","09-04-2025 08:08:55","tectonic","0","","No demo data","","","","true","sn_risk_assessment","","07-11-2024 18:25:34","","true","true","ECMAScript 2021 (ES12)","","[]","Out of Band","23.0.3","true","","","false","false","","","Free","true","[{""productFamily"":""Environmental, Social, and Governance"",""productList"":[{""productId"":""1313cef91b2f70543ee8a8ea234bcb29"",""productName"":""Environmental, Social, Governance Management"",""product_family"":""Environmental, Social, and Governance""}]},{""productFamily"":""Governance, Risk, and Compliance"",""productList"":[{""productId"":""7c0da1d7db047300474178b5ae9619cb"",""productName"":""Third-party Risk Management"",""product_family"":""Governance, Risk, and Compliance""},{""productId"":""cdc66ce2db8cb49039f49ee4db961901"",""productName"":""Privacy Management"",""product_family"":""Governance, Risk, and Compliance""},{""productId"":""a4a6e066db8cb49039f49ee4db9619a7"",""productName"":""Integrated Risk Management"",""product_family"":""Governance, Risk, and Compliance""}]}]","","undefined","false","","false","false","true","undefined","","","Not applicable","Not applicable","Monitor","","","true","false","true","06-11-2025 17:56:07","10-09-2026 22:57:45","system","484.513","","",""
"GRC: Approver Configurator","sn_grc_appr","Configure assignment rules on incoming records to automatically assign records according to one or more conditions in an assignment rule. Configure approval rules for multiple level of approvals based on rules or conditions applied on a record.","20.0.1","true","false","[]","","","20.0.1","false","","","true","Store Application","com.snc.app_bcm_approval_config","Washington DC;Xanadu;Yokohama;Zurich;","false","true","false","16-09-2021 22:30:21","admin","0","","No demo data","","","","false","sn_grc_appr","","02-11-2022 15:19:04","{""installed_user"":{""user_id"":""ADMYNJ"",""user_email"":null}}","true","true","ES5 Standards Mode","","[]","Out of Band","23.0.5","false","","","false","false","","","Free","false","[{""productFamily"":""Governance, Risk, and Compliance"",""productList"":[{""productId"":""7c0da1d7db047300474178b5ae9619cb"",""productName"":""Third-party Risk Management"",""product_family"":""Governance, Risk, and Compliance""},{""productId"":""26c1c177db4ecc502a29f3251d9619a1"",""productName"":""Business Continuity Management"",""product_family"":""Governance, Risk, and Compliance""},{""productId"":""a4a6e066db8cb49039f49ee4db9619a7"",""productName"":""Integrated Risk Management"",""product_family"":""Governance, Risk, and Compliance""},{""productId"":""cdc66ce2db8cb49039f49ee4db961901"",""productName"":""Privacy Management"",""product_family"":""Governance, Risk, and Compliance""}]},{""productFamily"":""Environmental, Social, and Governance"",""productList"":[{""productId"":""1313cef91b2f70543ee8a8ea234bcb29"",""productName"":""Environmental, Social, Governance Management"",""product_family"":""Environmental, Social, and Governance""}]}]","","undefined","false","","false","false","false","undefined","","","General","Not applicable","Monitor","","","true","false","true","06-11-2025 17:56:13","10-09-2026 22:57:41","system","13","","ServiceNow","sn"
"GRC: Performance Analytics Premium Integration","sn_grc_pa","","19.1.0","true","false","[]","","","19.1.0","false","","","false","Store Application","com.sn_grc_pa","Australia;Brazil;Washington DC;Xanadu;Yokohama;Zurich;","false","false","false","08-04-2016 02:21:40","admin","0","","No demo data","sn_grc:19.1.1","","","false","sn_grc_pa","","08-07-2021 16:10:31","{""installed_user"":{""user_id"":""ADMPKE"",""user_email"":null}}","false","true","ES5 Standards Mode","","[]","Out of Band","19.1.0","true","","","false","false","","","Paid","false","[{""productFamily"":""Governance, Risk, and Compliance"",""productList"":[{""productId"":""718d9f20db84fb004bd8596e5e9619fd"",""productName"":""Risk Management"",""product_family"":""Governance, Risk, and Compliance""},{""productId"":""431ddb20db84fb004bd8596e5e961900"",""productName"":""Audit Management"",""product_family"":""Governance, Risk, and Compliance""},{""productId"":""a4a6e066db8cb49039f49ee4db9619a7"",""productName"":""Integrated Risk Management"",""product_family"":""Governance, Risk, and Compliance""},{""productId"":""7c0da1d7db047300474178b5ae9619cb"",""productName"":""Third-party Risk Management"",""product_family"":""Governance, Risk, and Compliance""},{""productId"":""a9fdd360db84fb004bd8596e5e961980"",""productName"":""Policy and Compliance Management"",""product_family"":""Governance, Risk, and Compliance""}]},{""productFamily"":""Environmental, Social, and Governance"",""productList"":[{""productId"":""1313cef91b2f70543ee8a8ea234bcb29"",""productName"":""Environmental, Social, Governance Management"",""product_family"":""Environmental, Social, and Governance""}]}]","","undefined","false","","false","false","false","undefined","","","Not applicable","Producer","Monitor","","","true","false","false","06-11-2025 17:57:32","05-09-2026 00:09:39","system","13","","ServiceNow","sn"
"GRC: Policy and Compliance Management","sn_compliance","Policy and Compliance Management","20.2.1","true","false","[]","","","20.2.1","false","","","false","Store Application","com.sn_compliance","Washington DC;Xanadu;Yokohama;Zurich;","false","true","false","07-10-2015 22:05:24","admin","0","","Has demo data","com.snc.grc_policy_dep:sys, sn_grc:20.2.3, sn_grc_taxonomy:19.0.1, sn_grc_appr:20.0.1","","","false","sn_compliance","","08-07-2021 16:14:12","{""installed_user"":{""user_id"":""ADMPKE"",""user_email"":null}}","false","true","ES5 Standards Mode","","[]","Out of Band","23.0.2","true","","","false","false","","","Paid","false","[{""productFamily"":""Governance, Risk, and Compliance"",""productList"":[{""productId"":""a4a6e066db8cb49039f49ee4db9619a7"",""productName"":""Integrated Risk Management"",""product_family"":""Governance, Risk, and Compliance""},{""productId"":""a9fdd360db84fb004bd8596e5e961980"",""productName"":""Policy and Compliance Management"",""product_family"":""Governance, Risk, and Compliance""},{""productId"":""cdc66ce2db8cb49039f49ee4db961901"",""productName"":""Privacy Management"",""product_family"":""Governance, Risk, and Compliance""}]},{""productFamily"":""Environmental, Social, and Governance"",""productList"":[{""productId"":""1313cef91b2f70543ee8a8ea234bcb29"",""productName"":""Environmental, Social, Governance Management"",""product_family"":""Environmental, Social, and Governance""}]}]","","undefined","false","","false","false","false","undefined","","","Not applicable","Producer","Monitor","","","true","false","true","06-09-2026 20:50:48","10-09-2026 22:57:48","system","4","","ServiceNow","sn"
"GRC: Profiles","sn_grc","GRC Profiles and Issue Management","20.2.3","true","false","[]","","","20.2.3","false","","","false","Store Application","com.sn_grc","Washington DC;Xanadu;Yokohama;Zurich;","false","true","false","09-06-2015 18:59:56","admin","0","","Has demo data","com.snc.grc_profile_dep:sys, sn_irm_shared_cmn:20.2.0","","","true","sn_grc","","31-03-2020 15:03:36","{""installed_user"":{""user_id"":""ADMPKE"",""user_email"":null}}","true","true","ES5 Standards Mode","","[]","Out of Band","23.0.7","true","","","false","false","","","Paid","false","[{""productFamily"":""Governance, Risk, and Compliance"",""productList"":[{""productId"":""a9fdd360db84fb004bd8596e5e961980"",""productName"":""Policy and Compliance Management"",""product_family"":""Governance, Risk, and Compliance""},{""productId"":""7c0da1d7db047300474178b5ae9619cb"",""productName"":""Third-party Risk Management"",""product_family"":""Governance, Risk, and Compliance""},{""productId"":""431ddb20db84fb004bd8596e5e961900"",""productName"":""Audit Management"",""product_family"":""Governance, Risk, and Compliance""},{""productId"":""718d9f20db84fb004bd8596e5e9619fd"",""productName"":""Risk Management"",""product_family"":""Governance, Risk, and Compliance""},{""productId"":""a4a6e066db8cb49039f49ee4db9619a7"",""productName"":""Integrated Risk Management"",""product_family"":""Governance, Risk, and Compliance""}]},{""productFamily"":""Environmental, Social, and Governance"",""productList"":[{""productId"":""1313cef91b2f70543ee8a8ea234bcb29"",""productName"":""Environmental, Social, Governance Management"",""product_family"":""Environmental, Social, and Governance""}]}]","","undefined","false","","false","false","true","undefined","","","Not applicable","Producer","Monitor","","","true","false","true","06-09-2026 20:50:42","10-09-2026 22:57:48","system","4","","ServiceNow","sn"
"GRC: Risk Management","sn_risk","Risk Management","20.1.2","true","false","[]","","","20.1.2","false","","","false","Store Application","com.sn_risk","Washington DC;Xanadu;Yokohama;Zurich;","false","true","false","05-05-2015 22:10:18","admin","0","","Has demo data","sn_grc:20.2.3, com.snc.grc_risk_dep:sys, sn_grc_appr:20.0.1","","","false","sn_risk","","31-03-2020 15:06:39","{""installed_user"":{""user_id"":""ADMYNJ"",""user_email"":null}}","false","true","ES5 Standards Mode","","[]","Out of Band","23.0.3","true","","","false","false","","","Paid","false","[{""productFamily"":""Governance, Risk, and Compliance"",""productList"":[{""productId"":""cdc66ce2db8cb49039f49ee4db961901"",""productName"":""Privacy Management"",""product_family"":""Governance, Risk, and Compliance""},{""productId"":""718d9f20db84fb004bd8596e5e9619fd"",""productName"":""Risk Management"",""product_family"":""Governance, Risk, and Compliance""},{""productId"":""a4a6e066db8cb49039f49ee4db9619a7"",""productName"":""Integrated Risk Management"",""product_family"":""Governance, Risk, and Compliance""}]}]","","undefined","false","","false","false","false","undefined","","","Not applicable","Producer","Monitor","","","true","false","true","06-09-2026 20:50:45","05-10-2026 16:06:39","system","6","","ServiceNow","sn"
"GRC: Risk Shared Common Components","sn_irm_shared_cmn","","20.2.0","true","false","[]","","","20.2.0","false","","","true","Store Application","com.sn_irm_shared_cmn","Washington DC;Xanadu;Yokohama;Zurich;","false","true","false","01-12-2021 18:58:48","maint","0","","No demo data","","","","true","sn_irm_shared_cmn","","27-10-2022 18:24:15","{""installed_user"":{""user_id"":""ADMPKE"",""user_email"":null}}","true","true","ES5 Standards Mode","","[]","Out of Band","23.0.5","false","","","false","false","","","Free","false","[{""productFamily"":""Governance, Risk, and Compliance"",""productList"":[{""productId"":""431ddb20db84fb004bd8596e5e961900"",""productName"":""Audit Management"",""product_family"":""Governance, Risk, and Compliance""},{""productId"":""a4a6e066db8cb49039f49ee4db9619a7"",""productName"":""Integrated Risk Management"",""product_family"":""Governance, Risk, and Compliance""},{""productId"":""a9fdd360db84fb004bd8596e5e961980"",""productName"":""Policy and Compliance Management"",""product_family"":""Governance, Risk, and Compliance""},{""productId"":""718d9f20db84fb004bd8596e5e9619fd"",""productName"":""Risk Management"",""product_family"":""Governance, Risk, and Compliance""},{""productId"":""cdc66ce2db8cb49039f49ee4db961901"",""productName"":""Privacy Management"",""product_family"":""Governance, Risk, and Compliance""},{""productId"":""7c0da1d7db047300474178b5ae9619cb"",""productName"":""Third-party Risk Management"",""product_family"":""Governance, Risk, and Compliance""},{""productId"":""26c1c177db4ecc502a29f3251d9619a1"",""productName"":""Business Continuity Management"",""product_family"":""Governance, Risk, and Compliance""}]},{""productFamily"":""Environmental, Social, and Governance"",""productList"":[{""productId"":""1313cef91b2f70543ee8a8ea234bcb29"",""productName"":""Environmental, Social, Governance Management"",""product_family"":""Environmental, Social, and Governance""}]}]","","undefined","false","","false","false","false","undefined","","","Not applicable","Not applicable","Monitor","","","true","false","true","06-11-2025 17:56:11","10-09-2026 22:58:05","system","13","","",""
"GRC: taxonomy management","sn_grc_taxonomy","Improve filtering, automation, and streamline processes with better content classification","19.0.1","true","false","[]","","","19.0.1","false","","","true","Store Application","com.sn_grc_taxonomy","Vancouver;Washington DC;Xanadu;Yokohama;Zurich;","false","false","false","13-06-2021 15:03:11","admin","0","","Has demo data","","","","true","sn_grc_taxonomy","","03-11-2021 20:41:51","{""installed_user"":{""user_id"":""ADMPKE"",""user_email"":null}}","true","true","ES5 Standards Mode","","[]","Out of Band","23.0.2","true","","","false","false","","","Paid","false","[{""productFamily"":""Environmental, Social, and Governance"",""productList"":[{""productId"":""1313cef91b2f70543ee8a8ea234bcb29"",""productName"":""Environmental, Social, Governance Management"",""product_family"":""Environmental, Social, and Governance""}]},{""productFamily"":""Governance, Risk, and Compliance"",""productList"":[{""productId"":""a4a6e066db8cb49039f49ee4db9619a7"",""productName"":""Integrated Risk Management"",""product_family"":""Governance, Risk, and Compliance""},{""productId"":""a9fdd360db84fb004bd8596e5e961980"",""productName"":""Policy and Compliance Management"",""product_family"":""Governance, Risk, and Compliance""}]}]","","undefined","false","","false","false","true","undefined","","","Not applicable","Not applicable","Monitor","","","true","false","true","06-11-2025 17:56:19","10-09-2026 22:57:55","system","15","","ServiceNow","sn"
"GRC: Workbench","sn_grc_workbench","","20.1.0","true","false","[]","","","20.1.0","false","","","false","Store Application","com.sn_grc_workbench","Washington DC;Xanadu;Yokohama;Zurich;","false","false","false","08-04-2016 02:21:40","admin","0","","No demo data","sn_grc:20.1.2","","","false","sn_grc_workbench","","09-11-2023 17:52:50","","false","true","ES5 Standards Mode","","[]","Out of Band","23.0.0","true","","","false","false","","","Paid","false","[{""productFamily"":""Governance, Risk, and Compliance"",""productList"":[{""productId"":""a4a6e066db8cb49039f49ee4db9619a7"",""productName"":""Integrated Risk Management"",""product_family"":""Governance, Risk, and Compliance""},{""productId"":""718d9f20db84fb004bd8596e5e9619fd"",""productName"":""Risk Management"",""product_family"":""Governance, Risk, and Compliance""}]}]","","undefined","false","","false","false","true","undefined","","","","Not applicable","Monitor","","","true","false","true","06-11-2025 17:57:29","10-09-2026 22:57:43","system","12","","ServiceNow","sn"
"Guidance","sn_gd_guidance","This plugin enables the framework for creating Recommended Actions, such as Guidances.","38.0.3","true","false","[]","","","38.0.3","false","","","false","Store Application","com.snc.guided_decisions_guidance","Xanadu;Yokohama;Zurich;","false","true","true","13-02-2020 07:46:37","admin","0","","No demo data","sn_guidance_exp:38.0.3, com.snc.guided_decisions_guidance_global:sys, com.glide.hub:sys","","","true","sn_gd_guidance","","07-11-2024 18:31:24","","true","true","ES5 Standards Mode","","[]","Out of Band","45.0.2","true","","","false","false","","","Paid","false","[]","","undefined","false","","false","false","false","undefined","","","General","Mixed","Monitor","","","true","false","true","06-11-2025 19:04:52","10-09-2026 22:58:05","system","15","","ServiceNow","sn"
"Guided Application Creator","sn_g_app_creator","","8.0.1","true","false","","","","8.0.1","false","","","false","Store Application","com.glide.sn-guided-app-creator","","false","false","false","03-01-2019 20:36:21","admin","","","","","","","true","sn_g_app_creator","","","","false","false","ES5 Standards Mode","","","Distribution","8.0.1","false","","","false","false","","","","true","[]","","","false","","false","false","false","","","","Not applicable","Not applicable","Monitor","","","true","false","false","","06-11-2025 18:15:19","PKE","2","","",""
"Guided Setup","sn_ads_setup","Activate New Guided Setup","5.0.4","true","false","[]","","","5.0.4","false","","","true","Store Application","com.sn.ads.setup","Zurich;","false","false","false","26-08-2021 11:15:45","admin","0","","No demo data","sn_help_setup:28.0.3","","","false","sn_ads_setup","","16-03-2023 18:28:37","{""installed_user"":{""user_id"":""ADMPKE"",""user_email"":null}}","false","true","ES5 Standards Mode","","[]","Out of Band","5.0.4","false","","","false","false","","","Free","false","[]","","undefined","false","","false","false","false","undefined","","","Not applicable","Not applicable","Monitor","","","true","false","false","06-11-2025 17:57:59","16-12-2025 09:54:14","ADMMUF","5","","ServiceNow",""
"Guided Setup - Legacy","sn_guided_setup","","1.0.1","true","false","","","","1.0.1","false","","","false","Store Application","com.snc.guided_setup","","false","false","false","30-11-2015 11:03:28","admin","","","","","","","false","sn_guided_setup","","","","false","false","Compatibility Mode","","","Distribution","1.0.1","false","","","false","false","","","","false","[]","","","false","","false","false","false","","","","Not applicable","Not applicable","Monitor","","","true","false","false","","06-09-2026 20:50:21","system","1","","ServiceNow","sn"
"Guided Setup Configuration","sn_gs_config","","1.0.0","true","false","","","","1.0.0","false","","","false","Store Application","com.glide.guided_setup_config","","false","false","false","04-08-2020 12:03:28","admin","","","","","","","false","sn_gs_config","","","","false","false","","","","Distribution","1.0.0","false","","","false","false","","","","false","","","","false","","false","false","false","","","","Not applicable","Not applicable","Monitor","","","true","false","false","","06-09-2026 20:49:45","system","1","","ServiceNow","sn"
"Guided Tour Designer","sn_tourbuilder","","18.0.5","true","false","","","","18.0.5","false","","","false","Store Application","com.glide.sn_tourbuilder","","false","false","false","27-04-2016 01:31:14","admin","","","","","","","false","sn_tourbuilder","","","","false","false","ES5 Standards Mode","","","Distribution","18.0.5","false","","","false","false","","","","false","[]","","","false","","false","false","false","","","","Not applicable","Not applicable","Monitor","","","true","false","false","","06-11-2025 18:15:18","PKE","4","","ServiceNow","sn"
"Header App Shell","sn_header_appshell","Store application for the Header App Shell","23.0.0","true","false","[]","","","23.0.0","false","","","false","Store Application","com.snc.header_appshell_store","Australia;Brazil;Utah;Vancouver;Washington DC;Xanadu;Yokohama;Zurich;","false","false","true","19-03-2021 18:45:00","admin","0","","No demo data","","","","false","sn_header_appshell","","27-10-2022 18:23:20","","false","true","","","[]","Out of Band","23.0.0","false","","","false","false","","","Free","false","[]","","undefined","false","","false","false","false","undefined","","","Not applicable","Not applicable","None","","","false","false","false","09-11-2023 17:52:34","01-09-2026 21:11:09","system","7","","ServiceNow","sn"
"HR Service Delivery for mobile","sn_hr_mobile","Activates the Mobile module for HR. Combined with Mobile Employee Experience Native Application plugin, items related to HR will be shown in the native mobile application.","21.2.7","true","true","[]","","","21.2.7","false","","","false","Store Application","com.sn_hr_mobile","Xanadu;Yokohama;Zurich;","false","true","false","09-01-2019 11:55:41","admin","0","","No demo data","sn_msc:1.0.2, sn_me:29.2.1","","","false","sn_hr_mobile","","03-11-2021 19:33:48","","false","true","ES5 Standards Mode","","[]","Out of Band","21.3.0","true","","","false","false","","","Paid","false","[]","","undefined","false","","false","false","false","undefined","","","General","Not applicable","Monitor","","","true","false","true","06-11-2025 17:57:31","04-07-2026 05:33:24","system","8","","ServiceNow","sn"
"HRSD Licensing","sn_hr_lm","","1.0.3","true","false","[]","","","1.0.3","false","","","true","Store Application","com.sn_hr_lm","Xanadu;Yokohama;Zurich;","false","true","true","20-08-2024 20:44:55","admin","0","","No demo data","","","","false","sn_hr_lm","","06-11-2025 17:56:54","","false","true","ECMAScript 2021 (ES12)","","[]","Out of Band","1.1.9","true","","","false","false","sn_hr_lm/hrsd-licensing/1.0.3/package.json","","Paid","false","[]","","undefined","false","","false","false","false","undefined","","","General","Capacity","Monitor","","","true","false","true","06-11-2025 17:56:54","10-09-2026 22:58:03","system","13","","",""
"Human Resources: Core","sn_hr_core","","19.0.0","true","true","","","","19.0.0","false","","","false","Store Application","com.sn_hr_core","","false","false","false","04-03-2016 00:31:14","admin","","","","","","","false","sn_hr_core","","","","false","false","ES5 Standards Mode","","","Distribution","19.0.0","true","","","false","false","","","","false","[]","","","false","","false","false","false","","","","General","Capacity","Monitor","","","true","false","false","","04-03-2016 00:31:14","admin","0","","ServiceNow","sn"
"Human Resources: Integrations","sn_hr_integrations","","19.0.0","true","true","","","","19.0.0","false","","","false","Store Application","com.sn_hr_integrations","","false","false","false","10-11-2016 22:52:28","admin","","","","","","","false","sn_hr_integrations","","","","false","false","ES5 Standards Mode","","","Distribution","19.0.0","true","","","false","false","","","","false","[]","","","false","","false","false","false","","","","General","Not applicable","Monitor","","","true","false","false","","09-02-2017 20:53:37","admin","2","","ServiceNow","sn"
"Human Resources: Mobile Agent","sn_hr_mobile_agent","","1.0.0","true","true","","","","1.0.0","false","","","false","Store Application","com.sn_hr_mobile_agent","","false","false","false","15-07-2020 13:33:43","admin","","","","","","","true","sn_hr_mobile_agent","","","","false","false","ES5 Standards Mode","","","Distribution","1.0.0","true","","","false","false","","","","false","","","","false","","false","false","false","","","","General","Not applicable","Monitor","","","true","false","false","","15-07-2020 13:36:00","admin","0","","ServiceNow","sn"
"In-Product Survey","sn_ip_survey","","28.0.3","true","false","","","","28.0.3","false","","","true","Store Application","com.sn_ip_survey","","false","false","false","05-07-2026 17:47:21","system","","","","","","","false","sn_ip_survey","","","","false","false","ECMAScript 2021 (ES12)","","","Distribution","28.0.3","false","","","false","false","sn_ip_survey/@servicenow/sn-ip-survey/28.0.3/package.json","","","false","","","","false","Tracking","false","false","false","","","","Not applicable","Not applicable","Monitor","","","true","false","false","","11-08-2026 14:52:30","system","6","","",""
"Incident ATF Test","sn_incident_atf","","1.0.0","true","false","","","","1.0.0","false","","","false","Store Application","com.snc.incident.atf","","false","false","false","10-07-2018 11:08:53","admin","","","","","","","false","sn_incident_atf","","","","false","false","ES5 Standards Mode","","","Distribution","1.0.0","false","","","false","false","","","","false","[]","","","false","","false","false","false","","","","Not applicable","Not applicable","Monitor","","","true","false","false","","06-11-2025 17:45:50","system","4","","ServiceNow",""
"Incident Communications Management for Service Operations Workspace","sn_sow_icm","The Incident Communications Management part of Service Operations Workspace","8.1.0","true","false","[]","","","8.1.0","false","","","true","Store Application","com.snc.uib.sow_icm","Zurich;","false","true","false","08-08-2023 09:01:47","admin","0","","No demo data","sn_sow_itsm_common:8.1.0, sn_uib_tcm:8.0.0","","","true","sn_sow_icm","DS","07-11-2024 18:45:49","","true","true","ES5 Standards Mode","","[]","Out of Band","8.8.1","false","","","false","false","","","Free","false","[{""productFamily"":""IT Service Management"",""productList"":[{""productId"":""1c004b911bc60dd029bd1f03b24bcbfe"",""productName"":""Service Operations Workspace"",""product_family"":""IT Service Management""}]}]","","undefined","false","","false","false","false","undefined","","","Not applicable","Not applicable","Monitor","","","true","false","true","06-11-2025 19:45:17","06-09-2026 21:08:57","system","11","","ServiceNow","sn"
"Incident Management for Service Operations Workspace","sn_sow_inc","Respond to an unplanned event or service interruption and restore the service with a streamlined and automated incident response process in Service Operations Workspace","8.1.0","true","false","[]","","","8.1.0","false","","","true","Store Application","com.snc.uib.sow_incident","Zurich;","false","true","false","05-05-2021 11:31:29","admin","0","","Has demo data","sn_sow_itsm_common:8.1.0","","","true","sn_sow_inc","","27-10-2022 18:40:13","{""installed_user"":{""user_id"":""ADMPKE"",""user_email"":null}}","true","true","ES5 Standards Mode","","[]","Out of Band","8.8.1","false","","","false","false","","","Free","false","[{""productFamily"":""IT Service Management"",""productList"":[{""productId"":""1c004b911bc60dd029bd1f03b24bcbfe"",""productName"":""Service Operations Workspace"",""product_family"":""IT Service Management""}]}]","","undefined","false","","false","false","false","undefined","","","Not applicable","Not applicable","Monitor","","","true","false","true","06-11-2025 19:44:56","06-09-2026 21:08:53","system","11","","ServiceNow","sn"
"Instance Security Center","sn_isc_core","Instance Security Center monitor's the compliance level of instance security controls and helps you detect, protect, and respond to instance-based security events.","3.2.0","true","false","","","","3.2.0","false","","","false","Store Application","com.snc.instance_sec_center","","false","false","true","21-07-2021 17:17:05","admin","","","No demo data","com.glide.instance_sec_center:sys","","","false","sn_isc_core","","27-10-2022 18:46:32","","false","false","","","","Out of Band","3.2.0","false","","","false","false","","","","false","","","","false","","false","false","false","","","","","Not applicable","Monitor","","","true","false","false","09-11-2023 18:12:37","15-01-2024 09:53:57","system","2","","ServiceNow","sn"
"Integration Hub Usage Dashboards","sn_ih_usage_app","Integration Hub Usage Dashboards","2.1.0","true","false","[{""id"":""incompatible"",""order"":1,""message"":""Incompatible"",""tooltip"":""Your instance and app version are incompatible. Please make sure to select a compatible app version."",""type"":""error"",""show_as_filter"":true}]","","","2.1.0","false","","","false","Store Application","com.sn_ih_usage_app","Xanadu;Yokohama;","false","false","false","25-03-2025 09:38:55","tectonic","0","","No demo data","com.glideapp.dashboard:sys, com.glide.outbound_tracking:sys","","","false","sn_ih_usage_app","","09-11-2023 18:08:39","","false","true","ECMAScript 2021 (ES12)","","[]","Out of Band","3.0.0","true","","","false","false","","","Free","true","[]","","undefined","false","","false","false","true","undefined","","","Not applicable","Not applicable","Monitor","","","true","false","true","06-11-2025 17:57:05","05-06-2026 04:51:15","system","484.146","","",""
"Integration hub wizards","sn_ihub_wizards","Low code wizard interface for Integration hub","21.0.2","true","false","","","","21.0.2","false","","","false","Store Application","com.sn_integrationhub_wizards","","false","false","false","12-10-2021 17:33:17","tectonic","","","","","","","false","sn_ihub_wizards","","","","false","false","ES5 Standards Mode","","","Distribution","21.0.2","false","","","false","false","","","","true","","","","false","","false","false","false","","","","Not applicable","Not applicable","Monitor","","","true","false","false","","09-11-2023 18:50:36","system","453.914","","",""
"Interaction Management for Service Operations Workspace","sn_sow_interaction","","8.1.0","true","false","[]","","","8.1.0","false","","","true","Store Application","com.snc.uib.sow_interaction","Zurich;","false","true","false","05-05-2021 11:31:29","admin","0","","No demo data","sn_sow_itsm_common:8.1.0","","","true","sn_sow_interaction","","27-10-2022 18:39:53","{""installed_user"":{""user_id"":""ADMPKE"",""user_email"":null}}","true","true","ES5 Standards Mode","","[]","Out of Band","8.8.1","false","","","false","false","","","Free","false","[{""productFamily"":""IT Service Management"",""productList"":[{""productId"":""1c004b911bc60dd029bd1f03b24bcbfe"",""productName"":""Service Operations Workspace"",""product_family"":""IT Service Management""}]}]","","undefined","false","","false","false","false","undefined","","","Not applicable","Not applicable","Monitor","","","true","false","true","06-11-2025 19:44:47","06-09-2026 21:08:53","system","11","","ServiceNow","sn"
"Interceptor UI for Service Operations Workspace","sn_sow_interceptor","The Interceptor feature for Service Operations Workspace","8.0.0","true","false","[]","","","8.0.0","false","","","true","Store Application","com.snc.uib.sow_interceptor","Zurich;","false","false","false","04-10-2021 12:51:15","admin","0","","No demo data","","","","true","sn_sow_interceptor","","27-10-2022 18:39:25","{""installed_user"":{""user_id"":""ADMPKE"",""user_email"":null}}","true","true","ES5 Standards Mode","","[]","Out of Band","8.6.0","false","","","false","false","","","Free","false","[{""productFamily"":""IT Service Management"",""productList"":[{""productId"":""1c004b911bc60dd029bd1f03b24bcbfe"",""productName"":""Service Operations Workspace"",""product_family"":""IT Service Management""}]}]","","undefined","false","","false","false","false","undefined","","","Not applicable","Not applicable","Monitor","","","true","false","true","06-11-2025 19:43:51","03-05-2026 22:35:13","system","9","","ServiceNow","sn"
"Inventory Tracker App Template","sn_inventory_0","","28.2.1","true","false","[]","","","28.2.1","false","App Engine Studio","","true","Store Application","com.snc.inventory-tracker-app-template","Zurich;","false","false","false","19-01-2021 18:21:06","maint","0","","No demo data","sn_app_eng_studio:28.2.1, com.snc.app_shell_aw:sys, com.snc.app_shell_portal:sys, com.snc.uib.base_agent_workspace:sys, com.snc.apps_templates:sys, com.glide.ux.starter.experience:sys","","","false","sn_inventory_0","","03-02-2026 13:39:41","","false","true","ES5 Standards Mode","","[]","Store","28.2.1","true","","","false","false","","","Free","false","[{""productFamily"":""App Engine"",""productList"":[{""productId"":""106524c7db226c50122156a8dc961924"",""productName"":""App Engine Studio"",""product_family"":""App Engine""}]}]","","undefined","false","","false","false","false","undefined","","","Not applicable","Not applicable","Monitor","","","true","false","false","03-02-2026 13:39:41","03-02-2026 13:46:54","system","4","","ServiceNow",""
"IPKI Certificate Generator","sn_app_skytale","IPKI Certificate Generator","28.0.2","true","false","","","","28.0.2","false","","","false","Store Application","com.sn_app_skytale","","false","false","false","06-11-2025 17:40:46","tectonic","","","","","","","false","sn_app_skytale","","","","false","false","ECMAScript 2021 (ES12)","","","Distribution","28.0.2","true","","","false","false","","","","true","","","","false","","false","false","false","","","","General","Not applicable","Monitor","","","true","false","false","","06-11-2025 18:16:05","system","5","","ServiceNow","sn"
"IT Asset Management Mobile","sn_itam_mobile","","9.999.5","true","false","","","","9.999.5","false","","","true","Store Application","com.sn_itam_mobile","","false","false","false","03-10-2018 22:58:07","admin","","","","","","","false","sn_itam_mobile","","","","false","false","ES5 Standards Mode","","","Distribution","9.999.5","true","","","false","false","","","","false","[]","","","false","","false","false","false","","","","General","Not applicable","Monitor","","","true","false","false","","06-09-2026 20:50:22","system","2","","ServiceNow","sn"
"IT Asset Management Mobile","sn_itam_mobile","","1.1.5","true","false","","","","1.1.5","false","","","true","Store Application","com.sn_itam_mobile","","false","false","false","03-10-2018 22:58:07","admin","","","","","","","false","sn_itam_mobile","","","","false","true","ES5 Standards Mode","","","Distribution","29.1.5","true","","","false","false","","","","false","[]","","","false","","false","false","false","","","","General","Not applicable","Monitor","","","true","false","true","","02-06-2026 17:52:58","system","6","","ServiceNow","sn"
"ITOM Infra Services Workspace","sn_itom_infra_ws","","2.0.3","true","false","[]","","","2.0.3","false","","","true","Store Application","com.sn_itom_infra_ws","Australia;Brazil;Zurich;","false","true","false","02-08-2026 19:44:34","system","0","","No demo data","","","","false","sn_itom_infra_ws","","02-08-2026 19:47:17","","false","true","ECMAScript 2021 (ES12)","","[]","Out of Band","2.0.3","true","","","false","false","sn_itom_infra_ws/sn_itom_infra_ws/2.0.3/package.json","","Free","false","[{""productFamily"":""IT Operations Management"",""productList"":[{""productId"":""bacc0ab31b9cf9507fb9db91b24bcbdc"",""productName"":""ITOM AIOps"",""product_family"":""IT Operations Management""},{""productId"":""5bc17e7adb70bbc4b54b5e77dc96190a"",""productName"":""ITOM Visibility"",""product_family"":""IT Operations Management""}]}]","","undefined","false","Tracking","false","false","false","undefined","","","Not applicable","Not applicable","Monitor","","","true","false","false","02-08-2026 19:47:17","09-09-2026 00:15:35","system","6","","",""
"ITSM Analytics","sn_itsm_analytics","Plugin to be utilized across ITSM apps for analytics content","3.1.0","true","false","[{""id"":""incompatible"",""order"":1,""message"":""Incompatible"",""tooltip"":""Your instance and app version are incompatible. Please make sure to select a compatible app version."",""type"":""error"",""show_as_filter"":true}]","","","3.1.0","false","","","true","Store Application","com.snc.sn_itsm_analytics","Xanadu;Yokohama;","false","true","false","19-02-2024 08:34:53","admin","0","","No demo data","com.glideapp.dashboards:sys, com.snc.pa.change:sys, com.snc.pa.sla:sys, com.snc.pa.problem:sys, com.snc.pa.request:sys","","","false","sn_itsm_analytics","","07-11-2024 18:28:12","","false","true","ECMAScript 2021 (ES12)","","[]","Out of Band","4.1.5","false","","","false","false","","","Free","false","[]","","undefined","false","","false","false","false","undefined","","","Not applicable","Not applicable","Monitor","","","true","false","true","06-11-2025 17:57:25","11-09-2026 19:50:52","system","8","","ServiceNow","sn"
"ITSM Landing Pages","sn_itsm_landing","","1.0.0","true","false","","","","1.0.0","false","","","false","Store Application","com.snc.agent_workspace.itsm.landing_page","","false","false","false","09-04-2019 11:58:11","admin","","","","","","","true","sn_itsm_landing","","","","false","false","ES5 Standards Mode","","","Distribution","1.0.0","false","","","false","false","","","","false","[]","","","false","","false","false","false","","","","Not applicable","Not applicable","Monitor","","","true","false","false","","07-11-2024 18:13:59","system","1","","",""
"ITSM Mobile Agent","sn_itsm_mobile_agt","","10.1.0","true","false","[]","","","10.1.0","false","","","true","Store Application","com.sn_itsm_mobile_agent","Yokohama;Zurich;","false","true","false","03-07-2019 22:09:56","admin","0","","Has demo data","com.glide.sg.agent_native_client:sys, com.glide.script.vtable:sys, com.glide.sg:sys","","","false","sn_itsm_mobile_agt","","27-02-2025 16:41:46","","false","true","ES5 Standards Mode","","[]","Store","10.2.0","true","","","false","false","","","Paid","false","[{""productFamily"":""IT Service Management"",""productList"":[{""productId"":""c00e0127dbd74010231df3251d961925"",""productName"":""ITSM Mobile Agent"",""product_family"":""IT Service Management""}]}]","","undefined","false","","false","false","false","undefined","","","Not applicable","Not applicable","Monitor","","","true","false","true","06-11-2025 18:42:12","04-07-2026 05:33:15","system","11","","ServiceNow","sn"
"ITSM Spoke","sn_itsm_spoke","","1.0.0","true","false","","","","1.0.0","false","","","false","Store Application","com.snc.itsm.spoke","","false","false","false","14-09-2017 23:34:03","admin","","","","","","","false","sn_itsm_spoke","","","","false","false","ES5 Standards Mode","","","Distribution","1.0.0","false","","","false","false","","","","false","[]","","","false","","false","false","false","","","","Not applicable","Not applicable","None","","","false","false","false","","06-09-2026 20:50:21","system","1","","",""
"ITSM Workspace","sn_itsm_workspace","","1.0.0","true","false","","","","1.0.0","false","","","false","Store Application","com.snc.agent_workspace.itsm","","false","false","false","26-12-2017 11:51:56","admin","","","","","","","true","sn_itsm_workspace","","","","false","false","ES5 Standards Mode","","","Distribution","1.0.0","false","","","false","false","","","","false","[]","","","false","","false","false","false","","","","Not applicable","Not applicable","Monitor","","","true","false","false","","06-09-2026 20:50:22","system","1","","",""
"JavaScript Debugger","sn_jsdebugger","ServiceNow server side scripts debugger","9.0.6","true","false","","","","9.0.6","false","","","false","Store Application","com.glide.glide-js-debugger","","false","false","false","30-03-2016 02:04:31","admin","","","","","","","false","sn_jsdebugger","","","","false","false","Compatibility Mode","","","Distribution","9.0.6","false","","","false","false","","","","true","[]","","","false","","false","false","false","","","","Not applicable","Not applicable","Monitor","","","true","false","false","","06-11-2025 18:15:19","PKE","4","","ServiceNow","sn"
"js-common-mega","sn_js_common_mega","Bundled common Javascript libraries","28.0.8","true","false","","","","28.0.8","false","","","false","Store Application","com.js_common_mega","","false","false","false","17-10-2024 21:02:55","tectonic","","","","","","","false","sn_js_common_mega","","","","false","false","ECMAScript 2021 (ES12)","","","Distribution","28.0.8","false","","","false","false","","","","true","","","","false","","false","false","false","","","","Not applicable","Not applicable","None","","","false","false","false","","06-09-2026 20:50:19","system","480.350","","",""
"Kanban board component","sn_visual_board","Visual Board component for ServiceNow","25.5.0","true","false","[]","","","25.5.0","false","","","false","Store Application","com.servicenow_now_visual_board","Washington DC;Xanadu;Yokohama;Zurich;","false","false","false","09-04-2025 11:36:44","tectonic","0","","No demo data","","","","false","sn_visual_board","","09-11-2023 18:00:46","","false","true","ECMAScript 2021 (ES12)","","[]","Out of Band","26.0.1","true","","","false","false","","","Free","true","[]","","undefined","false","","false","false","true","undefined","","","Not applicable","Not applicable","Monitor","","","true","false","true","06-11-2025 17:56:00","07-02-2026 03:37:24","system","484.509","","",""
"Knowledge Capabilities in UI Builder","sn_km_uib","Enables configurable Knowledge Management artifacts (Pages, Data transforms, GraphQL queries) in UI Builder.","29.12.2","true","false","[]","","","29.12.2","false","","","false","Store Application","com.snc.uib.knowledge","Zurich;","false","true","false","06-04-2020 23:13:40","admin","0","","No demo data","","","","false","sn_km_uib","","09-11-2023 18:12:28","","false","true","ES5 Standards Mode","","[]","Out of Band","29.12.2","false","","","false","false","","","Free","false","[]","","undefined","false","","false","false","false","undefined","","","Not applicable","Not applicable","None","","","true","false","false","06-09-2026 20:50:37","06-09-2026 21:08:54","system","2","","ServiceNow","sn"
"Knowledge Center","sn_km_center","","31.12.11","true","false","[]","","","31.12.11","false","","","true","Store Application","com.snc.knowledge_center","Australia;Zurich;","false","true","false","11-02-2025 00:34:47","admin","0","","No demo data","","","","false","sn_km_center","DS","14-12-2025 18:45:12","","false","true","ECMAScript 2021 (ES12)","","[]","Out of Band","31.12.13","false","","","false","false","","","Free","false","[]","","undefined","false","Tracking","false","false","false","undefined","","","Not applicable","Not applicable","None","","","true","false","true","06-09-2026 20:50:40","06-09-2026 21:08:53","system","2","","ServiceNow","sn"
"Knowledge Management - Guided Setup","sn_km_guided_setup","","1.0.0","true","false","","","","1.0.0","false","","","false","Store Application","com.snc.knowledge.guided_setup","","false","false","false","06-10-2018 14:12:40","admin","","","","","","","false","sn_km_guided_setup","","","","false","false","ES5 Standards Mode","","","Distribution","1.0.0","false","","","false","false","","","","false","[]","","","false","Tracking","false","false","false","","","","Not applicable","Not applicable","Monitor","","","true","false","false","","14-12-2025 18:44:34","system","1","","",""
"Knowledge Management - Service Portal","sn_km_portal","","1.0.0","true","false","","","","1.0.0","false","","","false","Store Application","com.snc.knowledge_serviceportal","","false","false","false","01-02-2017 11:31:32","admin","","","","","","","false","sn_km_portal","","","","false","false","ES5 Standards Mode","","","Distribution","1.0.0","false","","","false","false","","","","false","[]","","","false","Tracking","false","false","false","","","","Not applicable","Not applicable","None","","","false","false","false","","06-09-2026 20:50:23","system","1","","",""
"Kpi Details for Workspace","sn_pa_kpi_ws","","1.0.0","true","false","","","","1.0.0","false","","","false","Store Application","com.snc.pa.kpi_details_ws_intgn","","false","false","false","14-04-2020 18:16:09","admin","","","","","","","true","sn_pa_kpi_ws","","","","false","false","ES5 Standards Mode","","","Distribution","1.0.0","true","","","false","false","","","","false","","","","false","Tracking","false","false","false","","","","General","Not applicable","Monitor","","","true","false","false","","09-11-2023 17:10:06","guest","5","","",""
"LeanIX Integration","x_lixgh_leanix_int","","1.1.4","true","false","[]","","","1.1.4","false","","","false","Store Application","","Tokyo;Utah;Vancouver;Washington DC;Xanadu;Yokohama;Zurich;","false","false","false","31-10-2017 14:27:52","admin","1","","No demo data","","","","false","x_lixgh_leanix_int","","15-09-2025 08:01:32","","false","true","ES5 Standards Mode","","[]","Store","1.1.5","true","","","false","false","","","Free","false","[]","","undefined","false","","false","false","false","undefined","","","Not applicable","Not applicable","Monitor","","","true","false","true","15-09-2025 08:01:32","19-05-2026 00:43:10","system","80","","LeanIX GmbH",""
"library-uxf (UXF Assets)","sn_uxf_assets","","28.1.15","true","false","","","","28.1.15","false","","","false","Store Application","com.glide.uxf.assets","","false","false","false","20-11-2019 19:35:26","admin","","","","","","","true","sn_uxf_assets","","","","false","false","ES5 Standards Mode","","","Distribution","28.1.15","true","","","false","false","","","","true","","","","false","","false","false","false","","","","General","Not applicable","Monitor","","","true","false","false","","06-09-2026 21:08:45","system","1","","",""
"Licensing Engine","sn_entitlement","Provides schema for licensing data and contains entitlement APIs","6.4.3","true","false","[]","","","6.4.3","false","","","true","Store Application","com.sn_licensing_engine","Australia;Zurich;","false","true","true","20-12-2022 09:11:14","admin","0","","No demo data","sn_storage:6.1.0, sn_mif:1.2.1, com.sn_glidequery:sys, com.glide.licensing_engine:sys","","","false","sn_entitlement","","09-11-2023 18:07:43","","false","true","ECMAScript 2021 (ES12)","","[]","Out of Band","6.5.0","false","","","false","false","","","Free","true","[]","","undefined","false","","false","false","false","undefined","","","Not applicable","Not applicable","Monitor","","","true","false","true","02-08-2026 19:47:27","10-09-2026 22:57:58","system","7","","ServiceNow","sn"
"Major Incident Management","sn_major_inc_mgmt","","1.0.0","true","false","","","","1.0.0","false","","","false","Store Application","com.snc.incident.mim","","false","false","false","19-07-2017 10:51:34","admin","","","","","","","false","sn_major_inc_mgmt","","","","false","false","ES5 Standards Mode","","","Distribution","1.0.0","true","","","false","false","","","","false","[]","","","false","","false","false","false","","","","General","Not applicable","Monitor","","","true","false","false","","06-09-2026 20:50:30","system","4","","",""
"Major Incident Management for Service Operations Workspace","sn_sow_mim","The Major Incident Management part of Service Operations Workspace","8.1.0","true","false","[]","","","8.1.0","false","","","true","Store Application","com.snc.uib.sow_mim","Zurich;","false","true","false","21-04-2023 11:00:33","admin","0","","No demo data","sn_sow_icm:8.1.0","","","true","sn_sow_mim","","07-11-2024 18:46:11","","true","true","ES5 Standards Mode","","[]","Out of Band","8.8.1","false","","","false","false","","","Free","false","[{""productFamily"":""IT Service Management"",""productList"":[{""productId"":""1c004b911bc60dd029bd1f03b24bcbfe"",""productName"":""Service Operations Workspace"",""product_family"":""IT Service Management""}]}]","","undefined","false","","false","false","false","undefined","","","Not applicable","Not applicable","Monitor","","","true","false","true","06-11-2025 19:45:25","06-09-2026 21:08:55","system","11","","ServiceNow","sn"
"Major workbench components","sn_major_workbench","","1.0.0","true","false","","","","1.0.0","false","","","false","Store Application","com.snc.major_workbench_components","","false","false","false","16-01-2018 09:13:01","admin","","","","","","","true","sn_major_workbench","","","","false","false","ES5 Standards Mode","","","Distribution","1.0.0","false","","","false","false","","","","false","[]","","","false","","false","false","false","","","","Not applicable","Not applicable","Monitor","","","true","false","false","","06-11-2025 17:46:13","system","2","","",""
"Manage Skills Configurable Page","sn_skill_cfg_page","","1.1.12","true","false","[]","","","1.1.12","false","","","false","Store Application","com.snc.sn_skill_cfg_page","Vancouver;Washington DC;Xanadu;Yokohama;Zurich;","false","false","false","13-12-2022 22:59:16","admin","0","","No demo data","sn_cmn_uib_comp:1.4.0","","","true","sn_skill_cfg_page","","09-11-2023 18:16:34","","false","true","ECMAScript 2021 (ES12)","","[]","Out of Band","1.1.13","false","","","false","false","","","Free","false","[]","","undefined","false","","false","false","false","undefined","","","Not applicable","Not applicable","Monitor","","","true","false","true","06-11-2025 17:57:18","16-12-2025 09:54:26","ADMMUF","4","","ServiceNow","sn"
"manager-workspace-components","sn_mgr_components","Seismic Component for ServiceNow","6.0.1","true","false","","","","6.0.1","false","","","false","Store Application","com.manager_workspace_components","","false","false","false","21-09-2022 15:40:46","tectonic","","","","","","","false","sn_mgr_components","","","","false","false","ES5 Standards Mode","","","Distribution","6.0.1","false","","","false","false","","","","true","","","","false","","false","false","false","","","","Not applicable","Not applicable","Monitor","","","true","false","false","","09-11-2023 19:00:14","PKE","462.166","","",""
"Meeting CAB","sn_mtg_cab","Change Approval Board meeting for configurable experiences","2.0.1","true","false","[]","","","2.0.1","false","","","false","Store Application","com.snc.meeting_cab","Zurich;","false","false","false","09-02-2020 20:52:55","admin","0","","No demo data","sn_mtg_watcher:1.1.1","","","false","sn_mtg_cab","","06-11-2025 17:56:38","","false","true","ES5 Standards Mode","","[]","Out of Band","2.0.3","true","","","false","false","","","Free","false","[]","","undefined","false","none","false","false","false","undefined","","","Not applicable","Not applicable","Monitor","","","true","false","true","06-11-2025 19:44:10","09-01-2026 16:12:45","system","7","","ServiceNow","sn"
"Meeting Watcher - UI Builder Data Resource","sn_mtg_watcher","Meeting Watcher - UI Builder Data Resource","1.1.1","true","false","[]","","","1.1.1","false","","","false","Store Application","com.snc.now_meeting_watcher","Zurich;","false","false","false","16-07-2025 09:08:56","tectonic","0","","No demo data","","","","false","sn_mtg_watcher","","06-11-2025 17:55:57","","false","true","ECMAScript 2021 (ES12)","","[]","Out of Band","1.2.1","false","","","false","false","","","Free","false","[]","","undefined","false","","false","false","true","undefined","","","Not applicable","Not applicable","Monitor","","","true","false","true","06-11-2025 19:44:07","09-01-2026 16:12:17","system","486.861","","",""
"Microsoft Teams","sn_ms_teams_ah","","1.2.0","true","false","","","","1.2.0","false","","","false","Store Application","com.sn.ms_teams.ah","","false","false","false","17-08-2017 16:47:15","admin","","","","","","","true","sn_ms_teams_ah","","","","false","false","ES5 Standards Mode","","","Store","1.2.0","true","","0d1bf3073b20030057a4a2e334efc4b8.iix","false","false","","","","false","","","","false","false","false","false","false","","","","General","Not applicable","Monitor","","","true","false","false","","06-11-2025 18:15:17","PKE","2","","ServiceNow","sn"
"MID Admin Workspace","sn_mid_admin_ws","","2.0.1","true","false","[]","","","2.0.1","false","","","true","Store Application","com.sn_mid_admin_ws","Australia;Zurich;","false","true","false","02-08-2026 19:44:34","system","0","","No demo data","","","","false","sn_mid_admin_ws","","02-08-2026 19:47:22","","false","true","ECMAScript 2021 (ES12)","","[]","Out of Band","2.0.3","true","","","false","false","sn_mid_admin_ws/sn_mid_admin_ws/2.0.1/package.json","","Free","false","[]","","undefined","false","Tracking","false","false","false","undefined","","","Not applicable","Not applicable","Monitor","","","true","false","true","02-08-2026 19:47:22","07-08-2026 22:34:41","system","6","","",""
"MID Server Infrastructure","sn_mid_infra","Provides supporting infrastructure for the MID Server","1.0.6","true","false","[]","","","1.0.6","false","","","true","Store Application","com.sn_mid_infra","Zurich;","false","false","true","02-08-2026 19:44:34","system","0","","No demo data","","","","false","sn_mid_infra","","02-08-2026 19:47:24","","false","true","ECMAScript 2021 (ES12)","","[]","Out of Band","1.0.8","true","","","false","false","sn_mid_infra/mid-infrastructure/1.0.6/package.json","","Free","false","[]","","undefined","false","Tracking","false","false","false","undefined","","","Not applicable","Not applicable","Monitor","","","true","false","true","02-08-2026 19:47:24","07-08-2026 22:34:40","system","6","","",""
"MIF Customer Instance","sn_mif","","3.2.0","true","false","[]","","","3.2.0","false","","","true","Store Application","com.sn_mif","Zurich;","false","false","false","17-11-2023 19:52:58","admin","0","","No demo data","com.glide.kaa:sys, com.glide.mif.core:sys, com.glide.hermes:sys","","","false","sn_mif","","07-11-2024 18:37:55","","false","true","ECMAScript 2021 (ES12)","","[]","Out of Band","3.3.1","false","","","false","false","","","Free","true","[]","","undefined","false","","false","false","false","undefined","","","","Capacity","Monitor","","","true","false","true","02-08-2026 19:47:19","06-09-2026 21:08:53","system","2","","ServiceNow","sn"
"ML UI","sn_ml_ui","","1.0.0","true","false","","","","1.0.0","false","","","false","Store Application","com.snc.ml_ui","","false","false","false","18-03-2019 18:53:06","admin","","","","","","","false","sn_ml_ui","","","","false","false","ES5 Standards Mode","","","Distribution","1.0.0","true","","","false","false","","","","false","","","","false","Tracking","false","false","false","","","","General","Not applicable","Monitor","","","true","false","false","","06-09-2026 20:49:50","system","1","","",""
"Mobile App Builder","sn_mab","A no-code configuration tool for ServiceNow's native mobile apps","27.11.0","true","false","[]","","","27.11.0","false","","","false","Store Application","now-mobile-app-builder","Australia;Yokohama;Zurich;","false","true","false","20-12-2023 09:02:44","tectonic","0","","No demo data","sn_mab_api:27.11.0, sn_mobile_card_bui:26.12.0","","","false","sn_mab","","27-10-2022 18:45:17","{""installed_user"":{""user_id"":""PKE"",""user_email"":""PKE@ATP.DK""}}","false","true","ECMAScript 2021 (ES12)","","[]","Store","28.14.3","false","","","false","false","","","Free","true","[{""productFamily"":""App Engine"",""productList"":[{""productId"":""106524c7db226c50122156a8dc961924"",""productName"":""App Engine Studio"",""product_family"":""App Engine""}]},{""productFamily"":""Now Platform"",""productList"":[{""productId"":""e35b331c8754dd10970e2178cebb3561"",""productName"":""Mobile App Builder"",""product_family"":""Now Platform""}]}]","","undefined","false","","false","false","true","undefined","","","Not applicable","Not applicable","Monitor","","","true","false","true","06-11-2025 19:08:08","06-09-2026 21:08:57","system","473.106","","ServiceNow","sn"
"Mobile App Builder API","sn_mab_api","An API layer to load and save data between the MAB UI and back-end tables","27.11.0","true","false","[]","","","27.11.0","false","","","false","Store Application","com.sn_mab_api","Australia;Yokohama;Zurich;","false","true","false","18-12-2020 07:02:24","admin","0","","No demo data","","","","false","sn_mab_api","","27-10-2022 18:45:13","{""installed_user"":{""user_id"":""PKE"",""user_email"":""PKE@ATP.DK""}}","false","true","ECMAScript 2021 (ES12)","","[]","Store","28.14.0","false","","","false","false","","","Free","true","[{""productFamily"":""Now Platform"",""productList"":[{""productId"":""e35b331c8754dd10970e2178cebb3561"",""productName"":""Mobile App Builder"",""product_family"":""Now Platform""}]}]","","undefined","false","","false","false","false","undefined","","","Not applicable","Not applicable","Monitor","","","true","false","true","06-11-2025 18:45:45","06-09-2026 21:08:52","system","9","","ServiceNow","sn"
"Mobile Builder AI","sn_maib","This plugin will house the AI implementation for the Now Mobile Builders application suite. This will enable Mobile App Builder to access Now Assist skills created for the Creator Pro Plus SKU.","27.1.0","true","false","[{""id"":""not_licensed_subprod"",""order"":2,""message"":""License Required for Subprod"",""tooltip"":""This application requires a valid license to install in Subproduction instances. To purchase a license, "",""link"":""please contact seller on the Store.|https://store.servicenow.com/store/app/b0bf89781b55e650396216db234bcb05"",""type"":""error"",""show_as_filter"":true}]","","","27.1.0","false","","","false","Store Application","com.sn_maib","Yokohama;Zurich;","false","true","false","06-09-2023 17:55:55","admin","0","","No demo data","sn_generative_ai:10.0.7","","","false","sn_maib","","06-11-2025 17:56:24","","false","true","ECMAScript 2021 (ES12)","","[]","Out of Band","27.6.0","false","","","false","false","","","Paid","true","[]","","undefined","false","","false","false","false","undefined","","","Not applicable","Not applicable","Monitor","","","true","false","true","06-11-2025 17:56:24","06-10-2026 04:50:21","admin","10","","ServiceNow","sn"
"Mobile Card Builder","sn_mobile_card_bui","A visual, no-code configuration tool for card, UI rule, card template, and legacy card native mobile components","26.12.0","true","false","[]","","","26.12.0","false","","","false","Store Application","com.sn_mobile_studio_itemview_builder","Australia;Xanadu;Yokohama;Zurich;","false","false","false","23-04-2025 17:06:57","tectonic","0","","No demo data","","","","false","sn_mobile_card_bui","","03-11-2021 19:41:57","","false","true","ECMAScript 2021 (ES12)","","[]","Store","27.13.1","true","","","false","false","","","Free","true","[]","","undefined","false","","false","false","true","undefined","","","Not applicable","Not applicable","Monitor","","","true","false","true","06-11-2025 18:57:20","17-06-2026 03:27:53","system","484.858","","",""
"Mobile Studio","sn_sg_studio","","7.0.0","true","false","","","","7.0.0","false","","","false","Store Application","com.glide.sg-studio","","false","false","false","23-04-2018 04:57:55","admin","","","","","","","true","sn_sg_studio","","","","false","false","ES5 Standards Mode","","","Distribution","7.0.0","false","","","false","false","","","","false","[]","","","false","","false","false","false","","","","Not applicable","Not applicable","Monitor","","","true","false","false","","07-11-2024 19:29:05","ADMMUF","2","","",""
"Multi-Instance Framework mTLS","sn_mif_mtls","","1.0.0","true","true","","","","1.0.0","false","","","false","Store Application","com.glide.mif.mtls","","false","false","false","16-08-2024 22:19:43","admin","","","","","","","true","sn_mif_mtls","GAC","","","false","false","ECMAScript 2021 (ES12)","","","Distribution","1.0.0","false","","","false","false","","","","true","","","","false","","false","false","false","","","","Not applicable","Not applicable","None","","","false","false","false","","06-09-2026 20:59:15","guest","2","","ServiceNow","sn"
"Multi-Instance Management Core","sn_mif_core","","2.0.0","true","true","","","","2.0.0","false","","","false","Store Application","com.glide.mif.core","","false","false","false","29-03-2024 23:52:03","admin","","","","","","","true","sn_mif_core","GAC","","","false","false","ECMAScript 2021 (ES12)","","","Distribution","2.0.0","false","","","false","false","","","","true","","","","false","","false","false","false","","","","Not applicable","Not applicable","Monitor","","","true","false","false","","02-08-2026 19:55:44","guest","2","","ServiceNow","sn"
"nds-megabundle","sn_nds_megabundle","Bundled variant of all Now Design System components","28.12.7","true","false","","","","28.12.7","false","","","false","Store Application","com.nds_megabundle","","false","false","false","09-07-2025 18:46:46","tectonic","","","","","","","false","sn_nds_megabundle","","","","false","false","ECMAScript 2021 (ES12)","","","Distribution","28.12.7","false","","","false","false","","","","true","","","","false","","false","false","false","","","","Not applicable","Not applicable","None","","","true","false","false","","06-09-2026 21:08:47","system","486.713","","",""
"NLU Common Model","sn_nlu_comm_model","","1.0.0","true","false","","","","1.0.0","false","","","true","Store Application","com.glide.nlu.model","","false","false","false","16-09-2019 08:33:45","admin","","","","","","","false","sn_nlu_comm_model","","","","false","false","ES5 Standards Mode","","","Distribution","1.0.0","false","","","false","false","","","","false","","","","false","Tracking","false","false","false","","","","Not applicable","Not applicable","Monitor","","","true","false","false","","03-11-2021 20:18:15","ADMPKE","4","","",""
"NLU Studio","sn_nlu_studio","NLU Studio scoped application","2.0.0","true","true","","","","2.0.0","false","","","false","Store Application","com.snc.nlu_studio","","false","false","false","18-01-2019 14:59:23","admin","","","","","","","false","sn_nlu_studio","","","","false","false","ES5 Standards Mode","","","Distribution","2.0.0","false","","","false","false","","","","false","","","","false","","false","false","false","","","","Not applicable","Not applicable","Monitor","","","true","false","false","","06-11-2025 17:46:15","system","1","","",""
"NLU Workbench - Advanced Features","sn_nlu_workbench","","7.0.22","true","false","[]","","","7.0.22","false","","","false","Store Application","com.snc.nlu.workbench.advanced","Australia;Xanadu;Yokohama;Zurich;","false","true","false","17-07-2020 17:06:17","admin","0","","No demo data","sn_ace:5.1.1, com.snc.nlu_studio:sys","","","false","sn_nlu_workbench","","09-11-2023 18:04:29","","false","true","","","[]","Out of Band","7.0.25","true","","","false","false","","","Paid","false","[]","","undefined","false","","false","false","true","undefined","","","","Not applicable","Monitor","","","true","false","true","06-11-2025 17:57:02","04-07-2026 05:33:13","system","9","","ServiceNow","sn"
"nocpit","nocpit","","23.0.2","true","false","","","","23.0.2","false","","","false","Store Application","com.nocpit","","false","false","false","08-11-2022 09:19:28","tectonic","","","","","","","true","nocpit","","","","false","false","ES5 Standards Mode","","","Distribution","23.0.2","false","","","false","false","","","","true","","","","false","","false","false","false","","","","Not applicable","Not applicable","Monitor","","","true","false","false","","09-11-2023 19:00:10","PKE","463.314","","",""
"Node map Experience Component","sn_node_map","Visual component for interactive graphs with nodes and edges","25.6.0","true","false","[]","","","25.6.0","false","","","false","Store Application","com.devsnc_sn_node_map","Washington DC;Xanadu;Yokohama;Zurich;","false","false","false","19-06-2025 08:13:20","tectonic","0","","No demo data","","","","false","sn_node_map","","27-10-2022 18:45:04","","false","true","ECMAScript 2021 (ES12)","","[]","Out of Band","27.3.2","true","","","false","false","","","Free","true","[{""productFamily"":""IT Service Management"",""productList"":[{""productId"":""097bbe3f1bc10d10dae155bb234bcb35"",""productName"":""Digital Portfolio Management"",""product_family"":""IT Service Management""}]}]","","undefined","false","","false","false","true","undefined","","","Not applicable","Not applicable","Monitor","","","true","false","true","06-11-2025 17:56:04","07-08-2026 22:34:47","system","486.211","","",""
"Notification Advanced Preferences","sn_unif_nav_pref","Component to facilated the user to change the notification preferences in unified navigation","29.1.1","true","false","","","","29.1.1","false","","","false","Store Application","com.sn_unified_notification_preferences","","false","false","false","12-05-2025 01:26:38","tectonic","","","","","","","false","sn_unif_nav_pref","","","","false","false","ECMAScript 2021 (ES12)","","","Distribution","29.1.1","false","","","false","false","","","","true","","","","false","","false","false","false","","","","Not applicable","Not applicable","Monitor","","","true","false","false","","06-11-2025 18:15:15","PKE","485.288","","",""
"Notification Dashboard","sn_notif_dashboard","This application will host all the artifacts related to the Notification Dashboard.","1.0.0","true","false","","","","1.0.0","false","","","true","Store Application","com.glide.notification.dashboard","","false","false","false","26-08-2024 16:47:55","rajesh.tatikonda@snc","","","","","","","false","sn_notif_dashboard","","","","true","false","ECMAScript 2021 (ES12)","","","Distribution","1.0.0","false","","","false","false","","","","false","","","","false","Tracking","false","false","false","","","","Not applicable","Not applicable","Monitor","","","true","false","false","","06-11-2025 18:16:05","system","6","","",""
"Notifications for Employee Center","sn_ex_sp_notifs","A customizable notifications module for employees in portal experience.","1.2.3","true","false","","","","1.2.3","false","","","true","Store Application","com.snc.employee_center_notifications","","false","true","false","06-03-2016 21:17:39","admin","","","No demo data","com.glide.notification.js_provider:sys, sn_ex_sp:37.1.10","","","false","sn_ex_sp_notifs","","06-11-2025 17:57:44","","false","true","ECMAScript 2021 (ES12)","","","Out of Band","2.0.9","false","","","false","false","","","","false","[]","","","false","","false","false","false","","","","","Not applicable","Monitor","","","true","false","true","06-11-2025 17:57:44","12-12-2025 10:19:36","system","6","","ServiceNow","sn"
"Notify UI Components for Configurable Workspaces","sn_uib_notify","The plugin contains the UIB components to initiate conference calls with various notify connectors.","8.1.0","true","false","[]","","","8.1.0","false","","","true","Store Application","com.snc.uib.notify","Zurich;","false","true","false","13-03-2023 15:38:42","admin","0","","No demo data","","","","true","sn_uib_notify","","07-11-2024 18:32:20","","false","true","ES5 Standards Mode","","[]","Out of Band","8.6.0","false","","","false","false","","","Free","false","[{""productFamily"":""IT Service Management"",""productList"":[{""productId"":""1c004b911bc60dd029bd1f03b24bcbfe"",""productName"":""Service Operations Workspace"",""product_family"":""IT Service Management""}]}]","","undefined","false","","false","false","false","undefined","","","Not applicable","Not applicable","Monitor","","","true","false","true","06-11-2025 19:44:18","03-05-2026 22:35:14","system","9","","ServiceNow","sn"
"Now Assist Admin Console","sn_nowassist_admin","Now Assist Admin console is a one-stop shop for activating and configuring all Gen AI features.","6.0.12","true","false","","","","6.0.12","false","","","false","Store Application","com.sn_nowassist_admin","","false","false","false","18-07-2023 15:50:41","admin","","","No demo data","sn_ace:5.1.1, sn_nowassist_diagn:4.0.1","","","false","sn_nowassist_admin","GAC","09-11-2023 18:01:28","","false","true","ECMAScript 2021 (ES12)","","","Out of Band","10.2.6","false","","","false","false","","","","false","[]","","","false","Tracking","false","false","true","","","","Not applicable","Not applicable","Monitor","","","true","false","true","06-11-2025 17:57:28","06-09-2026 21:08:55","system","12","","",""
"Now Assist Core","now_assist_core","Now Assist Core","28.12.10","true","false","","","","28.12.10","false","","","false","Store Application","com.now_assist_core","","false","false","false","28-10-2024 11:59:14","tectonic","","","","","","","false","now_assist_core","","","","false","false","ECMAScript 2021 (ES12)","","","Distribution","28.12.10","false","","","false","false","","","","false","","","","false","","false","false","false","","","","Not applicable","Not applicable","None","","","true","false","false","","06-09-2026 21:08:49","system","480.627","","ServiceNow","sn"
"Now Experience Analytics","sn_now_analytics","","1.0.0","true","false","","","","1.0.0","false","","","true","Store Application","com.snc.now-experience-analytics","","false","false","false","27-07-2021 14:53:39","admin","","","","","","","false","sn_now_analytics","","","","false","false","ES5 Standards Mode","","","Distribution","1.0.0","false","","","false","false","","","","false","","","","false","Tracking","false","false","false","","","","Not applicable","Not applicable","Monitor","","","true","false","false","","09-11-2023 18:50:37","system","4","","",""
"Now Mobile","sn_me","This plugin contains the application and configurations required to setup the ServiceNow NowMobile App.","30.0.1","true","false","[]","","","30.0.1","false","","","false","Store Application","com.glide.mobile-employee","Zurich;","false","true","false","07-02-2019 19:54:11","admin","0","","Has demo data","sn_me_todos:27.1.0, sn_me_search:29.0.7, sn_scmobile:29.0.7, sn_me_assets:27.0.2, com.glide.script.vtable:sys, com.glide.sg:sys, com.glide.ais:sys, com.glideapp.knowledge.mobile_requestor:sys, com.glide.mobile-employee.survey:sys","","","false","sn_me","","03-11-2021 19:33:32","","false","true","ES5 Standards Mode","","[]","Store","30.1.3","false","","","false","false","","","Free","false","[]","","undefined","false","","false","false","false","undefined","","","Not applicable","Not applicable","Monitor","","","true","false","true","06-11-2025 18:42:35","13-03-2026 03:04:25","system","8","","ServiceNow","sn"
"Now Predicate Builder","now_predicate_buil","Now Predicate Builder","28.0.23","true","false","","","","28.0.23","false","","","false","Store Application","com.servicenow_now_predicate_builder","","false","false","false","10-09-2024 17:43:05","tectonic","","","","","","","false","now_predicate_buil","","","","false","false","ECMAScript 2021 (ES12)","","","Distribution","28.0.23","false","","","false","false","","","","true","","","","false","","false","false","false","","","","Not applicable","Not applicable","None","","","false","false","false","","06-09-2026 20:50:04","system","479.463","","",""
"Now Presentational List","now_list","Presentational list component","28.8.2","true","false","","","","28.8.2","false","","","false","Store Application","com.servicenow_now_list","","false","false","false","20-03-2025 05:27:54","tectonic","","","","","","","false","now_list","","","","false","false","ECMAScript 2021 (ES12)","","","Distribution","28.8.2","false","","","false","false","","","","true","","","","false","","false","false","false","","","","Not applicable","Not applicable","None","","","true","false","false","","06-09-2026 21:08:48","system","484.035","","",""
"now-assist-self-service","sn_na_self_service","Full-page component for NowAssist Self Service. Handles the side panel components and is used to register any right-panel widgets.","28.12.10","true","false","","","","28.12.10","false","","","false","Store Application","com.now_assist_self_service","","false","false","false","28-10-2024 12:08:01","tectonic","","","","","","","false","sn_na_self_service","","","","false","false","ECMAScript 2021 (ES12)","","","Distribution","28.12.10","false","","","false","false","","","","true","","","","false","","false","false","false","","","","Not applicable","Not applicable","None","","","true","false","false","","06-09-2026 21:08:49","system","480.627","","",""
"now-chat-window","sn_now_chat_window","Reusable seismic chat window container","28.12.10","true","false","","","","28.12.10","false","","","false","Store Application","com.now_chat_window","","false","false","false","28-10-2024 12:00:10","tectonic","","","","","","","false","sn_now_chat_window","","","","false","false","ECMAScript 2021 (ES12)","","","Distribution","28.12.10","false","","","false","false","","","","true","","","","false","","false","false","false","","","","Not applicable","Not applicable","None","","","true","false","false","","06-09-2026 21:08:46","system","480.628","","",""
"now-list-commons","sn_now_list_common","Repo containing presets, controllers and data fetching for now-list","28.8.7","true","false","","","","28.8.7","false","","","false","Store Application","com.now_list_commons","","false","false","false","10-07-2025 15:43:22","tectonic","","","","","","","false","sn_now_list_common","","","","false","false","ECMAScript 2021 (ES12)","","","Distribution","28.8.7","false","","","false","false","","","","true","","","","false","","false","false","false","","","","Not applicable","Not applicable","None","","","true","false","false","","06-09-2026 21:08:47","system","486.733","","",""
"now-requestor-chat-popover","sn_chat_popover","Reusable Seismic component for VA Web Client","28.12.10","true","false","","","","28.12.10","false","","","false","Store Application","com.now_requestor_chat_popover","","false","false","false","28-10-2024 11:59:44","tectonic","","","","","","","false","sn_chat_popover","","","","false","false","ECMAScript 2021 (ES12)","","","Distribution","28.12.10","false","","","false","false","","","","true","","","","false","","false","false","false","","","","Not applicable","Not applicable","None","","","true","false","false","","06-09-2026 21:08:45","system","480.627","","",""
"now-requestor-chat-popover-app","sn_now_requestor_c","Application build for the VA Popover","28.12.10","true","false","","","","28.12.10","false","","","false","Store Application","com.glide.cs.now-requestor-chat-popover-app","","false","false","false","28-10-2024 12:01:50","tectonic","","","","","","","false","sn_now_requestor_c","","","","false","false","ECMAScript 2021 (ES12)","","","Distribution","28.12.10","false","","","false","false","","","","true","","","","false","","false","false","false","","","","Not applicable","Not applicable","None","","","true","false","false","","06-09-2026 21:08:48","system","480.628","","",""
"now-scorecard-list","now_sc_list","Seismic Component for Scorecard List","18.2.20","true","false","","","","18.2.20","false","","","false","Store Application","com.now_scorecard_list","","false","false","false","15-06-2020 06:25:49","tectonic","","","","","","","false","now_sc_list","","","","false","false","ES5 Standards Mode","","","Store","18.2.20","false","","","false","false","","","","true","","","","false","","false","false","false","","","","Not applicable","Not applicable","Monitor","","","true","false","false","","03-11-2021 20:18:12","ADMPKE","442.287","","",""
"now-visualization-extensions","now_vis_extensions","Visualization Extension macroponent used for the vis framework","28.3.0","true","false","","","","28.3.0","false","","","false","Store Application","com.now_visualization_extensions","","false","false","false","27-08-2024 08:29:33","tectonic","","","No demo data","","","","true","now_vis_extensions","","09-11-2023 18:04:10","","true","true","ECMAScript 2021 (ES12)","","","Out of Band","28.5.6","true","","","false","false","","","","true","[]","","","false","","false","false","true","","","","Not applicable","Not applicable","Monitor","","","true","false","true","15-03-2026 17:02:44","11-09-2026 19:50:57","system","479.118","","",""
"Omni-Experience Standard Feature Set","sn_oe_sfs","Omni-Experience Standard Feature Set","7.0.1","true","false","","","","7.0.1","false","","","false","Store Application","com.sn.oe.sfs","","false","true","false","20-02-2025 10:08:54","tectonic","","","Has demo data","com.glide.cs.collab:sys, com.glide.cs.chatbot.lite:sys, sn_ci_diagnostics:2.2.1, sn_ace:4.0.2","","","false","sn_oe_sfs","","27-10-2022 18:44:21","","false","true","ECMAScript 2021 (ES12)","","","Out of Band","7.4.0","true","","","false","false","","","","false","[]","","","false","","false","false","true","","","","Not applicable","Not applicable","Monitor","","","true","false","true","06-11-2025 17:58:02","03-05-2026 22:35:09","system","483.359","","ServiceNow","sn"
"On Call Scheduling for Service Operations Workspace","sn_sow_on_call","Service Operations Workspace encompassing the common config for ITSM and ITOM WEP UI experience","8.0.2","true","false","[]","","","8.0.2","false","","","false","Store Application","com.snc.sow_on_call","Zurich;","false","true","false","09-02-2020 20:52:55","admin","0","","No demo data","sn_uib_on_call:8.0.2","","","true","sn_sow_on_call","","27-10-2022 18:39:20","{""installed_user"":{""user_id"":""ADMPKE"",""user_email"":null}}","true","true","ES5 Standards Mode","","[]","Out of Band","8.8.1","false","","","false","false","","","Free","false","[{""productFamily"":""IT Service Management"",""productList"":[{""productId"":""1c004b911bc60dd029bd1f03b24bcbfe"",""productName"":""Service Operations Workspace"",""product_family"":""IT Service Management""}]}]","","undefined","false","","false","false","true","undefined","","","Not applicable","Not applicable","Monitor","","","true","false","true","06-11-2025 19:43:58","06-09-2026 21:08:55","system","12","","ServiceNow","sn"
"On-Call UI Components for Configurable Workspaces","sn_uib_on_call","On-Call UI Components for Configurable Workspaces","8.0.2","true","false","[]","","","8.0.2","false","","","false","Store Application","com.snc.uib.on_call_ui_components","Zurich;","false","true","false","20-07-2025 10:18:13","tectonic","0","","No demo data","sn_calendar:23.4.5","","","false","sn_uib_on_call","","07-11-2024 18:32:40","","false","true","ECMAScript 2021 (ES12)","","[]","Store","8.6.0","false","","","false","false","","","Free","false","[{""productFamily"":""IT Service Management"",""productList"":[{""productId"":""1c004b911bc60dd029bd1f03b24bcbfe"",""productName"":""Service Operations Workspace"",""product_family"":""IT Service Management""}]}]","","undefined","false","","false","false","true","undefined","","","Not applicable","Not applicable","Monitor","","","true","false","true","06-11-2025 19:24:44","03-05-2026 22:35:10","system","486.959","","",""
"Openframe Integration App","sn_openframe_intg"," Openframe Integration application which holds records to support UIB framework ","28.0.13","true","false","","","","28.0.13","false","","","false","Store Application","com.sn_openframe_integration","","false","false","false","26-09-2020 00:20:55","admin","","","","","","","true","sn_openframe_intg","","","","false","false","ES5 Standards Mode","","","Distribution","28.0.13","false","","","false","false","","","","false","","","","false","Tracking","false","false","false","","","","Not applicable","Not applicable","Monitor","","","true","false","false","","09-11-2025 23:30:15","guest","2","","",""
"Operator Workspace Action","sn_em_ai_action","Alert action component within ITOM Event Management- Alert Intelligence","19.2.1","true","false","","","","19.2.1","false","","","false","Store Application","com.devsnc_sn_em_ai_action","","false","false","false","31-08-2022 03:39:45","tectonic","","","No demo data","","","","true","sn_em_ai_action","","03-11-2021 19:34:45","","false","false","ES5 Standards Mode","","","Out of Band","19.2.1","true","","","false","false","","","","true","","","","false","","false","false","true","","","","Not applicable","Not applicable","Monitor","","","true","false","false","09-11-2023 18:12:39","15-01-2024 09:53:58","system","461.650","","",""
"Operator Workspace Overview","sn_em_ai_overview","ITOM Event Management, Alert Intelligence, Alert's Overview Tab within Workspace","19.5.6","true","false","","","","19.5.6","false","","","false","Store Application","com.devsnc_sn_em_ai_overview","","false","false","false","06-04-2022 04:31:08","tectonic","","","No demo data","","","","true","sn_em_ai_overview","","03-11-2021 19:31:36","","false","false","ES5 Standards Mode","","","Out of Band","19.5.6","true","","","false","false","","","","true","","","","false","","false","false","true","","","","Not applicable","Not applicable","Monitor","","","true","false","false","27-10-2022 18:41:21","27-10-2022 18:41:21","system","458.122","","",""
"Outlook Actionable Messages","sn_ms_oam","Actionable Messages enables ServiceNow to send enhanced interactive emails to Microsoft Outlook clients for Approvals and Surveys.","4.3.3","true","false","[]","","","4.3.3","false","","","false","Store Application","com.sn_ms_oam","Washington DC;Xanadu;Yokohama;Zurich;","false","true","false","29-06-2018 15:40:01","admin","0","","No demo data","com.snc.platform.security.oauth:sys","","","false","sn_ms_oam","","06-11-2025 17:57:07","","false","true","","","[]","Out of Band","4.7.0","false","","","false","false","","","Free","false","[]","","undefined","false","","false","false","false","undefined","","","","Not applicable","Monitor","","","true","false","true","06-11-2025 17:57:07","17-06-2026 03:28:06","system","8","","ServiceNow","sn"
"PAR CoreUI Migration Scripts","sn_par_cor_mig_spt","This plugin houses the scripts used to transform the classic elements to their next experience counterparts","3.0.4","true","false","","","","3.0.4","false","","","false","Store Application","com.snc.par.coreui.migration_scripts","","false","false","false","12-07-2023 15:16:10","admin","","","No demo data","","","","false","sn_par_cor_mig_spt","GAC","07-11-2024 18:38:23","","false","true","ECMAScript 2021 (ES12)","","","Out of Band","3.0.17","true","","","false","false","","","","false","[]","","","false","Tracking","false","false","false","","","","Not applicable","Not applicable","Monitor","","","true","true","true","06-11-2025 17:56:00","10-09-2026 22:57:45","system","10","","",""
"Password Reset flows","sn_pwdreset_ah","Actions and Subflows required for Password Reset Application","1.0.0","true","false","","","","1.0.0","false","","","false","Store Application","com.sn.password_reset.ah","","false","false","false","11-12-2018 17:07:49","admin","","","","","","","false","sn_pwdreset_ah","","","","false","false","ES5 Standards Mode","","","Distribution","1.0.0","false","","a63a0b7ddb162300314873568c9619dd.iix","false","false","","","","false","[]","","","false","Tracking","false","false","false","","","","Not applicable","Not applicable","Monitor","","","true","false","false","","06-11-2025 17:49:56","system","4","","",""
"Password Reset for Service Operations Workspace","sn_sow_pwd_reset","Helps agents reset passwords for users as part of the Service Operations Workspace","8.0.0","true","false","[]","","","8.0.0","false","","","true","Store Application","com.snc.uib.sow_pwd_reset","Zurich;","false","true","false","14-02-2024 05:43:36","admin","0","","No demo data","sn_uib_pwd_reset:8.0.0","","","true","sn_sow_pwd_reset","DS","14-11-2024 16:17:57","","false","true","ES5 Standards Mode","","[]","Out of Band","8.6.0","false","","","false","false","","","Free","false","[]","","undefined","false","","false","false","false","undefined","","","Not applicable","Not applicable","Monitor","","","true","false","true","06-11-2025 19:44:03","03-05-2026 22:35:13","system","9","","ServiceNow","sn"
"Password Reset UI components for Configurable Workspaces","sn_uib_pwd_reset","The plugin contains UIB components to reset passwords and unlock accounts from Configurable Workspaces","8.0.0","true","false","[]","","","8.0.0","false","","","true","Store Application","com.snc.uib.pwd_reset","Zurich;","false","false","false","12-02-2024 10:51:09","admin","0","","No demo data","","","","true","sn_uib_pwd_reset","DS","14-11-2024 16:17:53","","true","true","ES5 Standards Mode","","[]","Out of Band","8.6.0","false","","","false","false","","","Free","false","[]","","undefined","false","","false","false","false","undefined","","","Not applicable","Not applicable","Monitor","","","true","false","true","06-11-2025 19:44:01","03-05-2026 22:35:10","system","9","","ServiceNow","sn"
"PDF Extractor","sn_pdf_table_bldr","The PDF Extractor is an interactive, no-code tool that allows users to create a table by selecting fields on a PDF and extracting them for use in the table.  It is integrated with Table Builder for App Engine and allows users to easily upload & convert PDFs to tables in custom applications.","28.2.1","true","false","[]","","","28.2.1","false","App Engine Studio","","true","Store Application","com.sn_pdf_to_table_builder","Zurich;","false","true","false","03-02-2026 13:15:35","tectonic","0","","No demo data","sn_prfrd_tables:28.2.1, com.glide.uxbuilder:sys, com.servicenow_now_progress_bar:sys, com.servicenow_now_alert:sys, com.servicenow_now_icon:sys, com.servicenow_now_input:sys, com.servicenow_now_popover:sys, com.servicenow_now_select:sys, com.servicenow_now_pagination_control:sys, com.servicenow_now_rich_text:sys, com.servicenow_now_tooltip:sys, com.servicenow_now_modal:sys, com.servicenow_now_typeahead:sys, com.servicenow_now_checkbox:sys, com.servicenow_now_dropdown:sys, com.servicenow_now_text_link:sys, com.servicenow_now_highlighted_value:sys, com.servicenow_now_button:sys, com.servicenow_now_loader:sys, com.glide.form_builder_api:sys","","","false","sn_pdf_table_bldr","","03-02-2026 13:24:13","","false","true","ECMAScript 2021 (ES12)","","[]","Store","28.2.1","true","","","false","false","","","Free","true","[{""productFamily"":""App Engine"",""productList"":[{""productId"":""106524c7db226c50122156a8dc961924"",""productName"":""App Engine Studio"",""product_family"":""App Engine""}]}]","","undefined","false","","false","false","true","undefined","","","Not applicable","Not applicable","Monitor","","","true","false","false","03-02-2026 13:24:13","03-02-2026 13:47:08","system","5","","ServiceNow",""
"Performance Analytics - Diagnostics","sn_pa_diagnostics","","20.0.6","true","false","","","","20.0.6","false","","","false","Store Application","com.snc.pa.diagnostics","","false","false","false","21-08-2017 16:45:53","admin","","","","","","","false","sn_pa_diagnostics","","","","false","false","ES5 Standards Mode","","","Distribution","20.0.6","false","","","false","false","","","","false","[]","","","false","","false","false","false","","","","Not applicable","Not applicable","Monitor","","","true","false","false","","06-11-2025 18:15:18","PKE","3","","ServiceNow","sn"
"Performance Analytics - Enhanced UI","sn_pa_ui","Performance Analytics Enhanced User Interface Elements (Widgets and Pages).","1.0.0","true","false","","","","1.0.0","false","","","false","Store Application","com.snc.pa.ui","","false","false","false","28-10-2014 06:06:17","admin","","","","","","","true","pa-ui","","","","false","false","ES5 Standards Mode","","","Distribution","1.0.0","false","","","false","false","","","","false","[]","","","false","Tracking","false","false","false","","","","Not applicable","Not applicable","Monitor","","","true","false","false","","03-11-2021 20:18:10","ADMPKE","2","","ServiceNow","sn"
"Performance Analytics - GRC: Policy and Compliance Management","sn_compliance_pa","Policy and Compliance Management with the Performance Analytics content pack","18.1.0","true","false","[]","","","18.1.0","false","","","false","Store Application","com.sn_compliance_pa","Vancouver;Washington DC;Xanadu;Yokohama;Zurich;","false","false","false","07-10-2015 22:05:24","admin","0","","No demo data","sn_grc_pa:16.0.2","","","true","sn_compliance_pa","","08-07-2021 16:11:38","{""installed_user"":{""user_id"":""ADMPKE"",""user_email"":null}}","true","true","ES5 Standards Mode","","[]","Out of Band","18.1.0","true","","","false","false","","","Paid","false","[{""productFamily"":""Governance, Risk, and Compliance"",""productList"":[{""productId"":""a4a6e066db8cb49039f49ee4db9619a7"",""productName"":""Integrated Risk Management"",""product_family"":""Governance, Risk, and Compliance""},{""productId"":""f85ce997db047300474178b5ae961964"",""productName"":""Performance Analytics - GRC: Policy and Compliance"",""product_family"":""Governance, Risk, and Compliance""},{""productId"":""a9fdd360db84fb004bd8596e5e961980"",""productName"":""Policy and Compliance Management"",""product_family"":""Governance, Risk, and Compliance""}]},{""productFamily"":""Environmental, Social, and Governance"",""productList"":[{""productId"":""1313cef91b2f70543ee8a8ea234bcb29"",""productName"":""Environmental, Social, Governance Management"",""product_family"":""Environmental, Social, and Governance""}]}]","","undefined","false","","false","false","false","undefined","","","Not applicable","Capacity","Monitor","","","true","false","false","07-11-2024 18:41:29","16-12-2025 09:54:23","ADMMUF","7","","ServiceNow","sn"
"Performance Analytics - GRC: Risk Management","sn_risk_pa","Risk Management with the Performance Analytics content pack","18.1.0","true","false","[]","","","18.1.0","false","","","false","Store Application","com.sn_risk_pa","Vancouver;Washington DC;Xanadu;Yokohama;Zurich;","false","false","false","05-05-2015 22:10:18","admin","0","","No demo data","sn_grc_pa:16.0.2","","","true","sn_risk_pa","","03-11-2021 19:32:06","{""installed_user"":{""user_id"":""ADMPKE"",""user_email"":null}}","true","true","","","[]","Out of Band","18.1.0","true","","","false","false","","","Paid","false","[{""productFamily"":""Governance, Risk, and Compliance"",""productList"":[{""productId"":""a4a6e066db8cb49039f49ee4db9619a7"",""productName"":""Integrated Risk Management"",""product_family"":""Governance, Risk, and Compliance""},{""productId"":""7abc61d7db047300474178b5ae961960"",""productName"":""Performance Analytics -GRC: Risk Management"",""product_family"":""Governance, Risk, and Compliance""},{""productId"":""718d9f20db84fb004bd8596e5e9619fd"",""productName"":""Risk Management"",""product_family"":""Governance, Risk, and Compliance""}]}]","","undefined","false","","false","false","false","undefined","","","","Capacity","Monitor","","","true","false","false","07-11-2024 18:25:17","16-12-2025 09:54:58","ADMMUF","8","","ServiceNow","sn"
"Performance Analyzer Page","sn_perf_page","'@servicenow/performance-analyzer","2.1.0","true","false","[]","","","2.1.0","false","","","false","Store Application","sn_performance_analyzer_page","Zurich;","false","false","false","06-11-2025 17:13:57","tectonic","0","","No demo data","","","","false","sn_perf_page","","06-11-2025 17:56:15","","false","true","ECMAScript 2021 (ES12)","","[]","Out of Band","2.1.0","false","","","false","false","","","Free","true","[]","","undefined","false","","false","false","true","undefined","","","Not applicable","Not applicable","Monitor","","","true","false","false","06-11-2025 17:56:15","16-12-2025 09:55:32","ADMMUF","6","","ServiceNow","sn"
"Performance Appraisal App Template","sn_performanc_0","","28.2.1","true","false","[]","","","28.2.1","false","App Engine Studio","","true","Store Application","com.snc.performance-appraisal-app-template","Zurich;","false","false","false","19-01-2021 23:21:42","maint","0","","No demo data","sn_app_eng_studio:28.2.1, com.snc.app_shell_aw:sys, com.snc.app_shell_portal:sys, com.snc.uib.base_agent_workspace:sys, com.snc.apps_templates:sys, com.glide.ux.starter.experience:sys","","","false","sn_performanc_0","","03-02-2026 13:45:17","","false","true","ES5 Standards Mode","","[]","Store","28.2.1","true","","","false","false","","","Free","false","[{""productFamily"":""App Engine"",""productList"":[{""productId"":""106524c7db226c50122156a8dc961924"",""productName"":""App Engine Studio"",""product_family"":""App Engine""}]}]","","undefined","false","","false","false","false","undefined","","","Not applicable","Not applicable","Monitor","","","true","false","false","03-02-2026 13:45:17","03-02-2026 13:47:08","system","4","","ServiceNow",""
"Pipeline","sn_pipeline","","29.2.6","true","false","[]","","","29.2.6","false","","","true","Store Application","com.snc.pipeline","Australia;Brazil;Zurich;","false","true","false","25-02-2021 18:34:46","admin","0","","No demo data","sn_app_eng_notify:29.2.6","","","false","sn_pipeline","","06-11-2025 17:56:53","","false","true","ES5 Standards Mode","","[]","Out of Band","29.2.6","true","","","false","false","","","Free","true","[{""productFamily"":""App Engine"",""productList"":[{""productId"":""3b3a9dff1ba4961055a02063604bcb31"",""productName"":""ServiceNow Studio"",""product_family"":""App Engine""},{""productId"":""106524c7db226c50122156a8dc961924"",""productName"":""App Engine Studio"",""product_family"":""App Engine""}]}]","","undefined","false","","false","false","false","undefined","","","Not applicable","Not applicable","None","","","true","false","false","06-09-2026 20:50:39","06-09-2026 21:08:59","system","3","","ServiceNow","sn"
"Platform Analytics","sn_app_analytics_w","Central location to find, view, and create analytics dashboards, visualizations and indicators for Workspaces.","7.2.3","true","false","[]","","","7.2.3","false","","","true","Store Application","com.snc.par.app_analytics_workspace","Zurich;","false","false","false","09-02-2022 16:14:04","admin","0","","No demo data","sn_app_kpi_details:7.0.1, sn_par_conf_panel:7.1.3, sn_par_create_dash:7.1.3, sn_dynamic_render:7.1.3, sn_par_xpt_modal:7.1.3, sn_par_info_cont:7.1.3, sn_par_info_panel:7.1.3, sn_par_saved_data:7.1.3, sn_par_share_dia:7.1.3, sn_par_share_info:7.1.3, sn_par_mail_comp:7.1.3, sn_par_comp_design:7.1.3, sn_par_insights:7.1.3, sn_par_sche_export:7.1.3, sn_c2c_config:7.1.3, sn_dash_categories:7.1.3, sn_viz_wrapper:7.1.3, sn_divider_comp:7.1.3, sn_dashboard:7.2.4, sn_viz_designer:7.1.2, sn_analytics_cen:7.2.3","","","false","sn_app_analytics_w","","27-10-2022 18:32:56","","false","true","ES5 Standards Mode","","[]","Store","7.4.8","true","","","false","false","","","Free","false","[{""productFamily"":""Now Platform"",""productList"":[{""productId"":""41babb661bbb9110e7e20d43604bcb8e"",""productName"":""Platform Analytics"",""product_family"":""Now Platform""}]}]","","undefined","false","Tracking","false","false","false","undefined","","","Not applicable","Not applicable","Monitor","","","true","false","true","26-02-2026 15:32:44","11-09-2026 19:50:54","system","10","","",""
"Playbook Experience","sn_playbook_exp","Playbook Experience allows you to view and interact with business process workflows in real time. ","28.2.2","true","false","[]","","","28.2.2","false","","","false","Store Application","com.playbook_experience","Zurich;","false","true","true","11-03-2020 00:12:43","admin","0","","No demo data","now_playbook_exp:28.2.3, sn_pa_designer:28.2.4, com.glide.playbook_experience.config:sys, com.servicenow_now_mobile_app_bridge:sys","","","false","sn_playbook_exp","","09-11-2023 18:16:05","","false","true","ES5 Standards Mode","","[]","Store","28.8.3","false","","","false","false","","","Free","false","[{""productFamily"":""IT Service Management"",""productList"":[{""productId"":""6e0516c81b3b7d10fb4f657b234bcb43"",""productName"":""Digital Product Release"",""product_family"":""IT Service Management""},{""productId"":""e5ff61c51b345d50ee92cb31604bcba4"",""productName"":""DevOps Change Velocity"",""product_family"":""IT Service Management""}]},{""productFamily"":""Now Platform"",""productList"":[{""productId"":""e4cecaf0db2be81079279ee4db9619f2"",""productName"":""Playbook Experience"",""product_family"":""Now Platform""}]},{""productFamily"":""App Engine"",""productList"":[{""productId"":""3b3a9dff1ba4961055a02063604bcb31"",""productName"":""ServiceNow Studio"",""product_family"":""App Engine""}]}]","","undefined","false","","false","false","false","undefined","","","Not applicable","Not applicable","Monitor","","","true","false","true","06-11-2025 19:17:46","11-09-2026 19:50:55","system","19","","ServiceNow","sn"
"Playbook Experience Components","now_playbook_exp","Playbook Experience - Review and interact with Playbook executions","28.2.3","true","false","[]","","","28.2.3","false","","","false","Store Application","com.servicenow_now_playbook_experience","Zurich;","false","false","false","13-06-2024 17:50:19","tectonic","0","","No demo data","","","","false","now_playbook_exp","","09-11-2023 18:15:58","","false","true","ECMAScript 2021 (ES12)","","[]","Out of Band","28.8.2","true","","","false","false","","","Free","true","[{""productFamily"":""IT Service Management"",""productList"":[{""productId"":""6e0516c81b3b7d10fb4f657b234bcb43"",""productName"":""Digital Product Release"",""product_family"":""IT Service Management""},{""productId"":""e5ff61c51b345d50ee92cb31604bcba4"",""productName"":""DevOps Change Velocity"",""product_family"":""IT Service Management""}]},{""productFamily"":""App Engine"",""productList"":[{""productId"":""3b3a9dff1ba4961055a02063604bcb31"",""productName"":""ServiceNow Studio"",""product_family"":""App Engine""}]},{""productFamily"":""Now Platform"",""productList"":[{""productId"":""e4cecaf0db2be81079279ee4db9619f2"",""productName"":""Playbook Experience"",""product_family"":""Now Platform""}]}]","","undefined","false","","false","false","true","undefined","","","Not applicable","Not applicable","Monitor","","","true","false","true","06-11-2025 19:17:42","11-09-2026 19:50:56","system","477.347","","ServiceNow","sn"
"Polaris app shell","polaris_app_shell","Unified Navigation App Shell Scoped Application","28.12.3","true","false","","","","28.12.3","false","","","false","Store Application","com.polaris_app_shell","","false","false","false","15-08-2025 16:20:20","tectonic","","","","","","","false","polaris_app_shell","","","","false","false","ECMAScript 2021 (ES12)","","","Distribution","28.12.3","false","","","false","false","","","","false","","","","false","","false","false","false","","","","Not applicable","Not applicable","None","","","true","false","false","","06-09-2026 21:08:48","system","487.600","","",""
"Portal App Shell","app_shell_portal","","28.0.0","true","false","","","","28.0.0","false","","","false","Store Application","com.snc.app_shell_portal","","false","false","false","22-06-2020 17:51:46","admin","","","","","","","false","app_shell_portal","","","","false","false","","","","Distribution","28.0.0","false","","","false","false","","","","false","","","","false","","false","false","false","","","","Not applicable","Not applicable","Monitor","","","true","false","false","","06-11-2025 18:15:17","PKE","4","","ServiceNow","sn"
"Portal Next Experience Theme","sn_sppolaris_theme","","24.0.1","true","false","","","","24.0.1","false","","","true","Store Application","com.sn_sppolaris_theme","","false","false","false","03-12-2021 06:39:46","admin","","","No demo data","","","","false","sn_sppolaris_theme","","09-11-2023 18:16:36","","false","true","ES5 Standards Mode","","","Out of Band","24.4.0","false","","","false","false","","","","false","[]","","","false","","false","false","false","","","","Not applicable","Not applicable","Monitor","","","true","false","true","06-11-2025 17:56:22","07-08-2026 22:34:56","system","6","","ServiceNow",""
"Preferred tables","sn_prfrd_tables","Global Preferred tables list","28.2.1","true","false","[]","","","28.2.1","false","App Engine Studio","","false","Store Application","com.devsnc_sn_prfrd_tables","Zurich;","false","true","false","22-04-2022 15:42:41","tectonic","0","","No demo data","","","","false","sn_prfrd_tables","","07-11-2024 18:29:13","","false","true","ES5 Standards Mode","","[]","Out of Band","28.2.1","false","","","false","false","","","Free","true","[{""productFamily"":""App Engine"",""productList"":[{""productId"":""106524c7db226c50122156a8dc961924"",""productName"":""App Engine Studio"",""product_family"":""App Engine""}]}]","","undefined","false","","false","false","false","undefined","","","Not applicable","Not applicable","Monitor","","","true","false","false","03-02-2026 13:23:49","03-02-2026 13:47:31","system","458.508","","",""
"Problem ATF Tests","sn_problem_atf","","1.0.0","true","false","","","","1.0.0","false","","","false","Store Application","com.snc.problem.atf","","false","false","false","04-10-2018 12:16:49","admin","","","","","","","false","sn_problem_atf","","","","false","false","ES5 Standards Mode","","","Distribution","1.0.0","false","","","false","false","","","","false","[]","","","false","","false","false","false","","","","Not applicable","Not applicable","Monitor","","","true","false","false","","06-11-2025 17:45:49","system","1","","",""
"Problem Management for Service Operations Workspace","sn_sow_problem","Helps to identify the cause of a service interruption reported by a significant or recurring incidents as part of the Service Operations Workspace.","8.1.0","true","false","[]","","","8.1.0","false","","","true","Store Application","com.snc.uib.sow_problem","Zurich;","false","true","false","12-07-2021 07:48:08","admin","0","","No demo data","sn_sow_itsm_common:8.1.0","","","true","sn_sow_problem","","27-10-2022 18:40:30","{""installed_user"":{""user_id"":""ADMPKE"",""user_email"":null}}","true","true","ES5 Standards Mode","","[]","Out of Band","8.8.1","false","","","false","false","","","Free","false","[{""productFamily"":""IT Service Management"",""productList"":[{""productId"":""1c004b911bc60dd029bd1f03b24bcbfe"",""productName"":""Service Operations Workspace"",""product_family"":""IT Service Management""}]}]","","undefined","false","","false","false","false","undefined","","","Not applicable","Not applicable","Monitor","","","true","false","true","06-11-2025 19:45:02","06-09-2026 21:08:54","system","11","","ServiceNow","sn"
"Process Automation Content","sn_pad_content","Provides content for Process Automation Designer and Playbook Experience.","28.1.4","true","false","[]","","","28.1.4","false","","","true","Store Application","com.sn.pd.content","Zurich;","false","false","false","28-03-2022 18:31:44","admin","0","","No demo data","","","","false","sn_pad_content","","09-11-2023 18:16:27","","false","true","ES5 Standards Mode","","[]","Store","28.1.6","false","","","false","false","","","Free","false","[{""productFamily"":""Now Platform"",""productList"":[{""productId"":""e4cecaf0db2be81079279ee4db9619f2"",""productName"":""Playbook Experience"",""product_family"":""Now Platform""}]},{""productFamily"":""IT Service Management"",""productList"":[{""productId"":""e5ff61c51b345d50ee92cb31604bcba4"",""productName"":""DevOps Change Velocity"",""product_family"":""IT Service Management""},{""productId"":""6e0516c81b3b7d10fb4f657b234bcb43"",""productName"":""Digital Product Release"",""product_family"":""IT Service Management""}]}]","","undefined","false","Tracking","false","false","false","undefined","","","Not applicable","Not applicable","Monitor","","","true","false","true","06-11-2025 19:05:38","09-09-2026 00:15:34","system","8","","ServiceNow","sn"
"Process Automation Designer","sn_pa_designer","This plugin is the Process Automation Designer application","28.2.4","true","false","[]","","","28.2.4","false","","","false","Store Application","com.sn_process_automation_designer","Zurich;","false","false","true","21-01-2025 06:06:11","tectonic","0","","No demo data","sn_diagram_builder:28.1.1, com.sn_pd_picker:sys, com.sn_pill_field:sys, com.glide.pad.core:sys, com.glide.pad.core.model:sys, com.glide.pad.core.runtime:sys","","","false","sn_pa_designer","","09-11-2023 18:14:34","","false","true","ECMAScript 2021 (ES12)","","[]","Store","28.8.2","true","","","false","false","","","Free","true","[{""productFamily"":""App Engine"",""productList"":[{""productId"":""3b3a9dff1ba4961055a02063604bcb31"",""productName"":""ServiceNow Studio"",""product_family"":""App Engine""}]}]","","undefined","false","","false","false","true","undefined","","","Not applicable","Not applicable","Monitor","","","true","false","true","06-11-2025 19:05:06","10-09-2026 22:57:42","system","482.656","","ServiceNow","sn"
"Process Mining","sn_po","Creates business process flows from the data in audit trails. This allows in-depth analysis of business processes for improving outcomes.","28.9.12","true","false","[]","","","28.9.12","false","","","false","Store Application","com.sn_po","Zurich;","false","true","true","14-06-2021 09:11:00","admin","0","","No demo data","com.sn_process_optimization:sys","","Welcome to Process Mining Guided Setup","false","sn_po","","07-11-2024 18:51:13","","false","true","ES5 Standards Mode","","[]","Out of Band","28.9.12","false","","","false","false","","","Free","false","[]","","undefined","false","","false","false","true","undefined","","","General","Not applicable","Monitor","","","true","false","false","06-09-2026 20:50:40","06-09-2026 21:08:56","system","4","","ServiceNow","sn"
"Process Mining Workspace Components","sn_promin_wb","Seismic Components for Process Mining Workspace","28.9.11","true","false","[]","","","28.9.11","false","","","false","Store Application","com.sn_po_workspace_components","Zurich;","false","false","false","24-06-2025 03:49:34","tectonic","0","","No demo data","","","","true","sn_promin_wb","","07-11-2024 18:47:59","","false","true","ECMAScript 2021 (ES12)","","[]","Out of Band","28.9.11","false","","","false","false","","","Free","true","[]","","undefined","false","","false","false","true","undefined","","","Not applicable","Not applicable","Monitor","","","true","false","false","06-09-2026 20:50:39","06-09-2026 21:08:53","system","486.336","","ServiceNow",""
"Product Model and Catalog Items Relationship","sn_prod_cat_rel","","1.0.0","true","false","","","","1.0.0","false","","","false","Store Application","com.snc.product_catalog_relationship","","false","false","false","06-03-2020 13:10:24","admin","","","","","","","true","sn_prod_cat_rel","","","","false","false","ES5 Standards Mode","","","Distribution","1.0.0","false","","","false","false","","","","false","","","","false","","false","false","false","","","","Not applicable","Not applicable","None","","","false","false","false","","06-09-2026 20:50:05","system","1","","",""
"Quick filter component","sn_quick_filter","Easy to use filter component","27.1.3","true","false","[]","","","27.1.3","false","","","false","Store Application","com.sn_quick_filter","Xanadu;Yokohama;Zurich;","false","false","false","24-04-2024 16:59:43","tectonic","0","","No demo data","","","","false","sn_quick_filter","","07-11-2024 18:48:53","","false","true","ECMAScript 2021 (ES12)","","[]","Out of Band","27.2.3","true","","","false","false","","","Free","true","[]","","undefined","false","","false","false","true","undefined","","","Not applicable","Not applicable","Monitor","","","true","false","true","06-11-2025 17:56:24","17-06-2026 03:28:15","system","476.117","","",""
"Quick links component for Service Operations Workspace","sn_sow_quick_links","Provides user's quick links functionality, one can install this application and can use quick link page in viewport to utilize quick links functionality in their page.","8.0.0","true","false","[]","","","8.0.0","false","","","true","Store Application","com.snc.uib.sow_quick_links","Zurich;","false","false","false","17-11-2021 08:10:22","admin","0","","No demo data","","","","true","sn_sow_quick_links","","27-10-2022 18:39:05","{""installed_user"":{""user_id"":""ADMPKE"",""user_email"":null}}","true","true","ES5 Standards Mode","","[]","Out of Band","8.6.0","false","","","false","false","","","Free","false","[{""productFamily"":""IT Service Management"",""productList"":[{""productId"":""1c004b911bc60dd029bd1f03b24bcbfe"",""productName"":""Service Operations Workspace"",""product_family"":""IT Service Management""}]}]","","undefined","false","","false","false","false","undefined","","","Not applicable","Not applicable","Monitor","","","true","false","true","06-11-2025 19:43:48","03-05-2026 22:35:10","system","9","","ServiceNow","sn"
"Recommendation Framework","sn_rf","A Generic framework to deliver outcome-based recommendations and insights to persona at hand","1.1.1","true","false","[]","","","1.1.1","false","","","false","Store Application","com.glide.rf","San Diego,Tokyo,Utah,Vancouver","false","false","false","08-08-2021 22:22:18","admin","0","","No demo data","","","","true","sn_rf","","27-10-2022 18:38:57","{""installed_user"":{""user_id"":""ADMPKE"",""user_email"":null}}","true","true","ES5 Standards Mode","","[]","Out of Band","1.1.1","true","","","false","false","","","Free","false","[{""productFamily"":""IT Service Management"",""productList"":[{""productId"":""1c004b911bc60dd029bd1f03b24bcbfe"",""productName"":""Service Operations Workspace"",""product_family"":""IT Service Management""}]},{""productFamily"":""IT Operations Management"",""productList"":[{""productId"":""1c004b911bc60dd029bd1f03b24bcbfe"",""productName"":""Service Operations Workspace"",""product_family"":""IT Operations Management""}]}]","","2023-04-03 10:11:40","false","","false","false","false","2023-10-12 16:43:00","","","Not applicable","Not applicable","Monitor","","","true","false","false","09-11-2023 17:58:43","29-11-2023 04:18:56","system","4","","ServiceNow","sn"
"Recommendations for Incident Management","sn_sow_incident_rf","","2.1.2","true","false","[]","","","2.1.2","false","","","true","Store Application","com.snc.uib.sow_incident_rf","Tokyo,Utah,Vancouver","false","true","false","23-12-2021 15:21:48","admin","0","","No demo data","sn_sow_inc:2.1.6","","","true","sn_sow_incident_rf","","27-10-2022 18:40:16","{""installed_user"":{""user_id"":""ADMPKE"",""user_email"":null}}","true","true","ES5 Standards Mode","","[]","Out of Band","2.1.2","false","","","false","false","","","Free","false","[{""productFamily"":""IT Service Management"",""productList"":[{""productId"":""1c004b911bc60dd029bd1f03b24bcbfe"",""productName"":""Service Operations Workspace"",""product_family"":""IT Service Management""}]},{""productFamily"":""IT Operations Management"",""productList"":[{""productId"":""1c004b911bc60dd029bd1f03b24bcbfe"",""productName"":""Service Operations Workspace"",""product_family"":""IT Operations Management""}]}]","","2023-08-07 17:37:14","false","","false","false","false","2023-08-25 15:23:40","","","Not applicable","Not applicable","Monitor","","","true","false","false","09-11-2023 17:59:42","29-11-2023 04:18:56","system","4","","ServiceNow","sn"
"Recommended Actions","sn_nb_action","This plugin recommends relevant actions, such as Guidances and Guided Decisions, for a given context. The plugin enables users to define contexts and strategies to recommend these actions.","37.0.4","true","false","[]","","","37.0.4","false","","","false","Store Application","com.snc.recommended_action","Xanadu;Yokohama;Zurich;","false","false","true","11-08-2020 05:43:21","admin","0","","No demo data","sn_guidances:10.0.3, sn_nba_list:35.0.3, com.snc.next_best_action:sys","","","false","sn_nb_action","","07-11-2024 18:32:02","","false","true","ES5 Standards Mode","","[]","Store","42.1.0","true","","","false","false","","","Paid","false","[]","","undefined","false","","false","false","false","undefined","","","General","Application in use","Monitor","","","true","false","true","06-11-2025 19:05:03","10-07-2026 14:04:22","system","12","","ServiceNow","sn"
"Recommended Actions for ITSM","sn_itsm_ra","Delivers recommended actions configurations for ITSM.","3.0.2","true","false","[]","","","3.0.2","false","","","true","Store Application","com.snc.itsm_ra","Xanadu;Yokohama;Zurich;","false","true","false","02-05-2024 02:00:00","admin","0","","No demo data","sn_nb_action:37.0.1","","","false","sn_itsm_ra","","14-11-2024 16:19:02","","false","true","ES5 Standards Mode","","[]","Store","3.4.1","true","","","false","false","","","Paid","false","[]","","undefined","false","","false","false","false","undefined","","","Not applicable","Not applicable","Monitor","","","true","false","true","06-11-2025 19:36:58","06-09-2026 21:08:57","system","11","","ServiceNow","sn"
"Record lookup connected component","sn_record_lookup","Record lookup component for UI Builder","27.1.3","true","false","[]","","","27.1.3","false","","","false","Store Application","com.snc.sn_record_lookup","Yokohama;Zurich;","false","false","false","23-06-2023 12:59:23","admin","0","","No demo data","","","","false","sn_record_lookup","","07-11-2024 18:43:42","","false","true","","","[]","Out of Band","28.0.2","false","","","false","false","","","Free","false","[]","","undefined","false","","false","false","false","undefined","","","","Not applicable","Monitor","","","true","false","true","06-11-2025 17:56:19","17-06-2026 03:28:01","system","5","","ServiceNow","sn"
"Record Page for Service Operations Workspace","sn_sow_record","","8.0.0","true","false","[]","","","8.0.0","false","","","true","Store Application","com.snc.uib.sow_record","Zurich;","false","true","false","21-06-2021 07:43:27","admin","0","","Has demo data","sn_nb_action:37.0.1","","","true","sn_sow_record","","27-10-2022 18:39:01","{""installed_user"":{""user_id"":""ADMPKE"",""user_email"":null}}","true","true","ES5 Standards Mode","","[]","Out of Band","8.8.2","false","","","false","false","","","Free","false","[{""productFamily"":""IT Service Management"",""productList"":[{""productId"":""1c004b911bc60dd029bd1f03b24bcbfe"",""productName"":""Service Operations Workspace"",""product_family"":""IT Service Management""}]}]","","undefined","false","","false","false","false","undefined","","","Not applicable","Not applicable","Monitor","","","true","false","true","06-11-2025 19:43:46","06-09-2026 21:08:58","system","10","","ServiceNow",""
"Record Page Resources","sn_record_page","","28.4.3","true","false","","","","28.4.3","false","","","true","Store Application","com.sn_record_page_resources","","false","false","false","15-09-2022 18:29:59","admin","","","","","","","true","sn_record_page","","","","false","false","ES5 Standards Mode","","","Distribution","28.4.3","false","","","false","false","","","","false","","","","false","","false","false","false","","","","Not applicable","Not applicable","Monitor","","","true","false","false","","05-07-2026 22:40:59","system","2","","",""
"Record Watcher","sn_record_watcher","Record Watcher - UI Builder Data Resource","25.0.0","true","false","","","","25.0.0","false","","","false","Store Application","com.devsnc_sn_record_watcher","","false","false","false","12-10-2023 16:45:40","tectonic","","","","","","","false","sn_record_watcher","","","","false","false","ES5 Standards Mode","","","Distribution","25.0.0","false","","","false","false","","","","true","","","","false","","false","false","false","","","","Not applicable","Not applicable","Monitor","","","true","false","false","","07-11-2024 19:29:04","ADMMUF","471.431","","",""
"ReleaseOps","sn_releaseops","Manage deployment workflows for ServiceNow app installs and update sets","1.2.3","true","false","[]","","","1.2.3","false","","","true","Store Application","com.sn_releaseops","Australia;Zurich;","false","true","false","21-09-2014 07:06:17","admin","0","","No demo data","com.glide.releaseopsglobal:sys, com.glide.releaseops:sys, com.glide.update.deployment_analyzer:sys","","","false","sn_releaseops","","24-02-2026 10:12:53","","false","true","ECMAScript 2021 (ES12)","","[]","Store","1.4.0","false","","","false","false","","","Free","false","[]","","undefined","false","","false","false","false","undefined","","","Not applicable","Not applicable","Monitor","","","true","false","true","24-02-2026 10:12:53","07-08-2026 22:34:57","system","9","","ServiceNow","sn"
"ReleaseOps Backend","sn_releaseopsbe","","1.0.0","true","true","","","","1.0.0","false","","","false","Store Application","com.glide.releaseops","","false","false","false","26-02-2025 12:24:00","admin","","","","","","","false","sn_releaseopsbe","GAC","","","false","false","ECMAScript 2021 (ES12)","","","Distribution","1.0.0","false","","","false","false","","","","true","","","","false","","false","false","false","","","","Not applicable","Not applicable","Monitor","","","true","false","false","","02-08-2026 19:47:01","system","1","","ServiceNow","sn"
"Request Management for Service Operations Workspace","sn_sow_req","","8.1.0","true","false","[]","","","8.1.0","false","","","true","Store Application","com.snc.uib.sow_request","Zurich;","false","true","false","05-05-2021 11:31:29","admin","0","","No demo data","sn_sow_itsm_common:8.1.0","","","true","sn_sow_req","","27-10-2022 18:40:53","{""installed_user"":{""user_id"":""ADMPKE"",""user_email"":null}}","true","true","ES5 Standards Mode","","[]","Out of Band","8.8.1","false","","","false","false","","","Free","false","[{""productFamily"":""IT Service Management"",""productList"":[{""productId"":""1c004b911bc60dd029bd1f03b24bcbfe"",""productName"":""Service Operations Workspace"",""product_family"":""IT Service Management""}]}]","","undefined","false","","false","false","false","undefined","","","Not applicable","Not applicable","Monitor","","","true","false","true","06-11-2025 19:45:13","06-09-2026 21:08:59","system","11","","ServiceNow","sn"
"Resizable panes component","now_resizable_pane","Seismic Component for ServiceNow","27.0.10","true","false","","","","27.0.10","false","","","false","Store Application","com.servicenow_now_resizable_panes","","false","false","false","11-02-2025 16:20:24","tectonic","","","No demo data","","","","false","now_resizable_pane","","06-11-2025 17:56:07","","false","true","ECMAScript 2021 (ES12)","","","Out of Band","28.0.3","true","","","false","false","","","","true","[]","","","false","","false","false","true","","","","Not applicable","Not applicable","Monitor","","","true","false","true","06-11-2025 17:56:07","12-12-2025 10:19:10","system","483.148","","",""
"Resolution Shaper","sn_res_shaper","","28.0.20","true","false","","","","28.0.20","false","","","false","Store Application","com.sn_resolutionshaper","","false","false","false","18-06-2015 17:54:07","admin","","","","","","","true","sn_res_shaper","","","","false","false","","","","Distribution","28.0.20","true","","","false","false","","","","false","[]","","","false","","false","false","false","","","","General","Not applicable","Monitor","","","true","false","false","","06-11-2025 18:15:16","PKE","2","","ServiceNow","sn"
"RIDAC Spoke","sn_ridac_spoke","","1.0.0","true","false","","","","1.0.0","false","","","false","Store Application","com.snc.ppm_ridac","","false","false","false","08-10-2019 15:28:25","admin","","","","","","","true","sn_ridac_spoke","","","","false","false","ES5 Standards Mode","","","Distribution","1.0.0","false","","","false","false","","","","false","","","","false","","false","false","false","","","","Not applicable","Not applicable","Monitor","","","true","false","false","","06-09-2026 20:49:46","system","1","","",""
"Schedule Pages","sn_schedule_pages","","1.0.0","true","false","","","","1.0.0","false","","","false","Store Application","com.snc.schedule_pages","","false","false","false","10-07-2017 14:06:13","admin","","","","","","","true","sn_schedule_pages","","","","false","false","ES5 Standards Mode","","","Distribution","1.0.0","false","","","false","false","","","","false","[]","","","false","","false","false","false","","","","Not applicable","Not applicable","Monitor","","","true","false","false","","06-09-2026 20:49:49","system","5","","",""
"Scoped App Author","sn_appauthor","Plugin for the scoped application authoring environment. Used to author and upload scoped app submissions to the central app repository.","15.99.3-paleprbzurich","true","false","","","","15.99.3-paleprbzurich","false","","","false","Store Application","com.sn_appauthor","","false","false","false","21-09-2014 07:06:17","admin","","","","","","","true","sn_appauthor","","","","false","false","Compatibility Mode","","","Distribution","15.99.3-paleprbzurich","false","","","false","false","","","","true","[]","","","false","","false","false","false","","","","Not applicable","Not applicable","Monitor","","","true","false","false","","06-11-2025 18:15:17","PKE","7","","ServiceNow","sn"
"Scoped App Client","sn_appclient","Scoped application client environment. Used to download scoped apps from a central app repository.","28.12.0","true","false","","","","28.12.0","false","","","false","Store Application","com.sn_appclient","","false","false","false","21-09-2014 07:06:17","admin","","","","","","","true","sn_appclient","","","","false","false","Compatibility Mode","","","Distribution","28.12.0","false","","","false","false","","","","true","[]","","","false","","false","false","false","","","","Not applicable","Not applicable","None","","","true","false","false","","06-09-2026 21:08:49","system","9","","ServiceNow","sn"
"Scoped App Creator","sn_appcreator","Create new applications from scratch, from a service, or from a service management template.","7.0.1","true","false","","","","7.0.1","false","","","false","Store Application","com.sn_appcreator","","false","false","false","09-01-2015 04:04:17","admin","","","","","","","true","sn_appcreator","","","","false","false","Compatibility Mode","","","Distribution","7.0.1","false","","","false","false","","","","true","[]","","","false","","false","false","false","","","","Not applicable","Not applicable","Monitor","","","true","false","false","","06-11-2025 18:15:15","PKE","1","","ServiceNow","sn"
"Search Configurations for mobile","sn_me_search","Search configurations for NowMobile App","29.0.7","true","false","[]","","","29.0.7","false","","","false","Store Application","com.glide.mobile-employee.search","Australia;Brazil;Yokohama;Zurich;","false","true","false","08-02-2019 06:58:32","admin","0","","No demo data","com.glide.search:sys, com.glide.search.suggestions:sys, com.glide.sg.now_assist_search:sys, com.glide.sg.gen_ai:sys","","","false","sn_me_search","","03-11-2021 19:33:11","","false","true","ES5 Standards Mode","","[]","Out of Band","29.0.7","false","","","false","false","","","Free","false","[]","","undefined","false","","false","false","false","undefined","","","Not applicable","Not applicable","Monitor","","","true","false","false","06-11-2025 17:57:17","01-09-2026 21:11:13","system","8","","ServiceNow","sn"
"Secops Health Analytics","sn_sec_analytics","","2.4.2","true","false","[]","","","2.4.2","false","","","true","Store Application","com.snc.secops.health_analytics","Washington DC;Xanadu;Yokohama;Zurich;","false","true","false","15-09-2022 08:51:42","admin","0","","No demo data","","","","false","sn_sec_analytics","","17-10-2024 16:07:28","","false","true","ES5 Standards Mode","","[]","Store","30.2.0","false","","","false","false","","","Paid","false","[]","","undefined","false","","false","false","false","undefined","","","Not applicable","Not applicable","Monitor","","","true","false","true","10-10-2025 11:15:06","04-07-2026 05:33:25","system","10","","ServiceNow","sn"
"Security Center","sn_vsc","Security Center provides a set of integrated tools that address customers' admin needs to maintain the highest level of security for security configuration and security monitoring of their instances","3.1.2","true","false","[]","","","3.1.2","false","","","false","Store Application","com.sn.vault_security_center","Yokohama;Zurich;","false","true","false","20-01-2022 13:01:18","admin","0","","No demo data","sn_mif:1.1.0, com.glide.data_services.base:sys, com.glide.api.vault_security_center:sys, com.snc.identity_center:sys","","","false","sn_vsc","","09-11-2023 18:06:40","","false","true","","","[]","Store","3.3.1","false","","","false","false","","","Free","false","[]","","undefined","false","","false","false","false","undefined","","","","Not applicable","Monitor","","","true","false","true","06-11-2025 18:44:34","10-04-2026 18:06:34","system","8","","ServiceNow","sn"
"Security Integration Framework","sn_sec_int","","13.11.3","true","false","[]","","","13.11.3","false","","","true","Store Application","com.snc.sec.int.framework","Australia;Xanadu;Yokohama;Zurich;","false","true","false","14-11-2017 11:58:07","admin","0","","No demo data","","","","false","sn_sec_int","","17-10-2024 16:02:02","","false","true","ES5 Standards Mode","","[]","Store","13.13.0","true","","","false","false","","","Paid","false","[{""productFamily"":""Security Operations"",""productList"":[{""productId"":""a8436513db047300474178b5ae9619e5"",""productName"":""Configuration Compliance"",""product_family"":""Security Operations""},{""productId"":""07879be8db44fb004bd8596e5e9619a8"",""productName"":""Security Incident Response"",""product_family"":""Security Operations""},{""productId"":""d19b5320db84fb004bd8596e5e9619db"",""productName"":""Vulnerability Response"",""product_family"":""Security Operations""}]},{""productFamily"":""IT Service Management"",""productList"":[{""productId"":""6e0516c81b3b7d10fb4f657b234bcb43"",""productName"":""Digital Product Release"",""product_family"":""IT Service Management""},{""productId"":""e5ff61c51b345d50ee92cb31604bcba4"",""productName"":""DevOps Change Velocity"",""product_family"":""IT Service Management""}]}]","","undefined","false","","false","false","false","undefined","","","Not applicable","Not applicable","Monitor","","","true","false","true","10-10-2025 11:14:34","01-09-2026 02:22:51","system","14","","ServiceNow","sn"
"Security Support Common","sn_sec_cmn","","13.20.5","true","false","[]","","","13.20.5","false","","","true","Store Application","com.snc.security_support.common","Xanadu;Yokohama;Zurich;","false","true","false","14-01-2016 23:46:49","admin","0","","Has demo data","sn_sec_int:13.11.3, com.snc.security_support.core:sys","","","false","sn_sec_cmn","","17-10-2024 16:07:03","","false","true","ES5 Standards Mode","","[]","Store","30.6.5","true","","","false","false","","","Paid","false","[{""productFamily"":""IT Service Management"",""productList"":[{""productId"":""e5ff61c51b345d50ee92cb31604bcba4"",""productName"":""DevOps Change Velocity"",""product_family"":""IT Service Management""},{""productId"":""6e0516c81b3b7d10fb4f657b234bcb43"",""productName"":""Digital Product Release"",""product_family"":""IT Service Management""}]},{""productFamily"":""Security Operations"",""productList"":[{""productId"":""07879be8db44fb004bd8596e5e9619a8"",""productName"":""Security Incident Response"",""product_family"":""Security Operations""},{""productId"":""a8436513db047300474178b5ae9619e5"",""productName"":""Configuration Compliance"",""product_family"":""Security Operations""},{""productId"":""d19b5320db84fb004bd8596e5e9619db"",""productName"":""Vulnerability Response"",""product_family"":""Security Operations""}]}]","","undefined","false","","false","false","false","undefined","","","Not applicable","Not applicable","Monitor","","","true","false","true","06-11-2025 19:38:23","10-09-2026 22:58:03","system","20","","ServiceNow","sn"
"Security Support Orchestration","sn_sec_cmn_orch","","12.13.4","true","false","[]","","","12.13.4","false","","","true","Store Application","com.snc.secops.orchestration","Australia;Brazil;Vancouver;Washington DC;Xanadu;Yokohama;Zurich;","false","true","false","19-04-2016 01:16:58","admin","0","","No demo data","sn_sec_cmn:13.18.1","","","false","sn_sec_cmn_orch","","17-10-2024 16:07:09","","false","true","ES5 Standards Mode","","[]","Store","12.13.4","true","","","false","false","","","Paid","false","[{""productFamily"":""Security Operations"",""productList"":[{""productId"":""07879be8db44fb004bd8596e5e9619a8"",""productName"":""Security Incident Response"",""product_family"":""Security Operations""},{""productId"":""d19b5320db84fb004bd8596e5e9619db"",""productName"":""Vulnerability Response"",""product_family"":""Security Operations""}]},{""productFamily"":""IT Service Management"",""productList"":[{""productId"":""e5ff61c51b345d50ee92cb31604bcba4"",""productName"":""DevOps Change Velocity"",""product_family"":""IT Service Management""},{""productId"":""6e0516c81b3b7d10fb4f657b234bcb43"",""productName"":""Digital Product Release"",""product_family"":""IT Service Management""}]}]","","undefined","false","","false","false","false","undefined","","","Not applicable","Not applicable","Monitor","","","true","false","false","10-10-2025 11:15:04","01-09-2026 02:22:51","system","12","","ServiceNow","sn"
"Self-Service Analytics Core","sn_ssa_core","Provides the self-service analytics framework for configuring deflection contexts and activity patterns to collect the case reduction (deflection) metrics.","28.0.3","true","false","","","","28.0.3","false","","","false","Store Application","com.snc.self_service_analytics_core","","false","false","false","19-03-2020 21:14:55","admin","","","","","","","false","sn_ssa_core","","","","false","false","ES5 Standards Mode","","","Distribution","28.0.3","false","","","false","false","","","","false","","","","false","","false","false","false","","","","Not applicable","Not applicable","Monitor","","","true","false","false","","06-11-2025 18:15:19","PKE","1","","",""
"Service Catalog - Service Fulfillment Step Types","sn_sc_step_types","","1.0.0","true","false","","","","1.0.0","false","","","true","Store Application","com.glideapp.servicecatalog.service_fulfillment_step_types","","false","false","false","01-04-2021 11:42:05","admin","","","","","","","true","sn_sc_step_types","","","","false","false","ES5 Standards Mode","","","Distribution","1.0.0","true","","","false","false","","","","false","","","","false","","false","false","false","","","","General","Not applicable","Monitor","","","true","false","false","","06-09-2026 20:59:29","guest","2","","",""
"Service Catalog - Service Workspace","sn_sc_workspace","","1.0.0","true","false","","","","1.0.0","false","","","false","Store Application","com.glideapp.servicecatalog.workspace","","false","false","false","22-10-2017 17:40:17","admin","","","","","","","false","sn_sc_workspace","","","","false","false","ES5 Standards Mode","","","Distribution","1.0.0","true","","","false","false","","","","false","[]","","","false","Tracking","false","false","false","","","","General","Not applicable","Monitor","","","true","false","false","","06-11-2025 17:46:10","system","1","","",""
"Service Catalog Builder","sn_catalog_builder","","1.0.0","true","false","","","","1.0.0","false","","","false","Store Application","com.glideapp.servicecatalog.catalog_builder_experience","","false","false","false","15-07-2020 11:39:54","admin","","","","","","","true","sn_catalog_builder","","","","false","false","ES5 Standards Mode","","","Distribution","1.0.0","false","","","false","false","","","","false","","","","false","","false","false","false","","","","Not applicable","Not applicable","Monitor","","","true","false","false","","06-09-2026 20:49:58","system","1","","ServiceNow","sn"
"Service Catalog for mobile","sn_scmobile","This plugin contains the configuration, records and catalog webviews that are used in ServiceNow NowMobile App. Do not activate this plugin directly. Activating com.glide.mobile-employee will activate this plugin for you.","29.0.7","true","false","[]","","","29.0.7","false","","","false","Store Application","com.glideapp.servicecatalog.mobile-employee","Australia;Yokohama;Zurich;","false","true","false","24-06-2017 09:17:57","admin","0","","Has demo data","sn_me_search:29.0.7, com.glideapp.servicecatalog:sys, com.glide.script.vtable:sys, com.glide.sg.applet_launcher:sys, com.glideapp.servicecatalog.mobile-request-filter:sys","","","false","sn_scmobile","","03-11-2021 19:33:27","","false","true","","","[]","Out of Band","29.0.7","true","","","false","false","","","Free","false","[]","","undefined","false","","false","false","false","undefined","","","General","Not applicable","Monitor","","","true","false","false","06-11-2025 17:57:19","04-03-2026 20:53:31","system","5","","ServiceNow","sn"
"Service Catalog REST API","sn_sc","","1.0","true","false","","","","1.0","false","","","false","Store Application","com.glideapp.servicecatalog.rest.api","","false","false","false","06-11-2015 10:29:57","admin","","","","","","","false","sn_sc","","","","false","false","Compatibility Mode","","","Distribution","1.0","true","","","false","false","","","","false","[]","","","false","","false","false","false","","","","General","Not applicable","Monitor","","","true","false","false","","06-09-2026 20:50:21","system","1","","ServiceNow","sn"
"Service Credits","sn_service_credits","","${plugin.version}","true","false","","","","${plugin.version}","false","","","false","Store Application","com.sn_service_credits","","false","false","false","21-09-2014 07:06:17","admin","","","","","","","true","sn_service_credits","","","","false","false","","","","Distribution","${plugin.version}","true","","","false","false","","","","false","","","","false","","false","false","false","","","","General","Not applicable","Monitor","","","true","false","false","","28-10-2014 06:06:17","admin","3","","ServiceNow","sn"
"Service Level Management - ATF","sn_slm_atf","","1.0.0","true","false","","","","1.0.0","false","","","false","Store Application","com.snc.sla.atf","","false","false","false","10-07-2019 19:33:28","admin","","","","","","","false","sn_slm_atf","","","","false","false","ES5 Standards Mode","","","Distribution","1.0.0","true","","","false","false","","","","false","","","","false","","false","false","false","","","","General","Not applicable","Monitor","","","true","false","false","","06-11-2025 17:47:33","system","2","","",""
"Service Level Management - SLA Timer Config API","sn_slm_timer","An application that provides the ability to set a preferred SLA for a given task via configuration which is either dynamic: First SLA to breach, or declarative via a hierarchical mapping of first to match SLA definitions.","26.0.0","true","false","","","","26.0.0","false","","","false","Store Application","com.sn_slm_timer","","false","false","false","09-02-2020 20:52:55","admin","","","","","","","true","sn_slm_timer","","","","false","false","ES5 Standards Mode","","","Distribution","26.0.0","true","","","false","false","","","","false","","","","false","none","false","false","false","","","","General","Application in use","Monitor","","","true","false","false","","06-11-2025 18:15:17","PKE","1","","ServiceNow","sn"
"Service Level Management Experience for Workspace","sn_sla","SLM Workspace support to cover all WEP/UI Builder experiences for SLA configuration","8.0.0","true","false","[]","","","8.0.0","false","","","false","Store Application","com.snc.slm_workspace.sla","Zurich;","false","false","false","09-02-2020 20:52:55","admin","0","","No demo data","","","","true","sn_sla","","27-10-2022 18:39:33","{""installed_user"":{""user_id"":""ADMPKE"",""user_email"":null}}","true","true","ES5 Standards Mode","","[]","Out of Band","8.8.1","false","","","false","false","","","Free","false","[{""productFamily"":""IT Service Management"",""productList"":[{""productId"":""1c004b911bc60dd029bd1f03b24bcbfe"",""productName"":""Service Operations Workspace"",""product_family"":""IT Service Management""}]}]","","undefined","false","none","false","false","false","undefined","","","Not applicable","Not applicable","Monitor","","","true","false","true","06-11-2025 19:44:40","06-09-2026 21:08:52","system","11","","ServiceNow","sn"
"Service Now Chatbot Admin Screen","sn_bot_install_ui","","8.0.15","true","false","","","","8.0.15","false","","","false","Store Application","com.snc.bot_install_ui","","false","false","false","01-07-2020 16:02:00","admin","","","","","","","false","sn_bot_install_ui","","","","false","false","","","","Store","8.0.15","false","","","false","false","","","","false","","","","false","","false","false","false","","","","Not applicable","Not applicable","Monitor","","","true","false","false","","09-11-2023 18:50:35","system","8","","ServiceNow","sn"
"Service Operations Workspace Admin Center","sn_sow_admin","","8.0.0","true","false","[]","","","8.0.0","false","","","true","Store Application","com.snc.uib.sow_admin","Zurich;","false","false","false","02-05-2023 09:55:53","admin","0","","No demo data","sn_ace:4.1.1","","","true","sn_sow_admin","","07-11-2024 18:32:25","","true","true","ECMAScript 2021 (ES12)","","[]","Out of Band","8.6.0","false","","","false","false","","","Free","false","[{""productFamily"":""IT Service Management"",""productList"":[{""productId"":""1c004b911bc60dd029bd1f03b24bcbfe"",""productName"":""Service Operations Workspace"",""product_family"":""IT Service Management""}]}]","","undefined","false","","false","false","false","undefined","","","Not applicable","Not applicable","Monitor","","","true","false","true","06-11-2025 19:43:54","03-05-2026 22:35:12","system","9","","",""
"Service Operations Workspace Core","sn_sow","","8.0.3","true","false","[]","","","8.0.3","false","","","true","Store Application","com.snc.uib.sow","Zurich;","false","true","false","05-05-2021 10:30:16","admin","0","","Has demo data","sn_sow_record:8.0.0, sn_sow_quick_links:8.0.0, sn_sow_interceptor:8.0.0, sn_ads_setup:1.1.1, sn_cmn_uib_comp:1.2.10, sn_sow_admin:8.0.0, sn_uib_tcm:8.0.1, sn_sow_on_call:8.0.2, sn_sow_pwd_reset:8.0.0, sn_mtg_cab:2.0.1, sn_as_csm_tile:2.0.0","","","true","sn_sow","","27-10-2022 18:39:16","{""installed_user"":{""user_id"":""ADMPKE"",""user_email"":null}}","true","true","ES5 Standards Mode","","[]","Out of Band","8.8.1","false","","","false","false","","","Free","false","[{""productFamily"":""IT Service Management"",""productList"":[{""productId"":""1c004b911bc60dd029bd1f03b24bcbfe"",""productName"":""Service Operations Workspace"",""product_family"":""IT Service Management""}]}]","","undefined","false","","false","false","false","undefined","","","Not applicable","Not applicable","Monitor","","","true","false","true","06-11-2025 19:44:14","06-09-2026 21:08:54","system","10","","ServiceNow","sn"
"Service Operations Workspace ITSM Admin Center","sn_sow_itsm_admin","","8.0.0","true","false","[]","","","8.0.0","false","","","true","Store Application","com.snc.uib.sow_itsm_admin","Zurich;","false","true","false","09-05-2023 10:50:29","admin","0","","No demo data","","","","true","sn_sow_itsm_admin","","07-11-2024 18:46:31","","true","true","ECMAScript 2021 (ES12)","","[]","Out of Band","8.8.1","false","","","false","false","","","Free","false","[{""productFamily"":""IT Service Management"",""productList"":[{""productId"":""1c004b911bc60dd029bd1f03b24bcbfe"",""productName"":""Service Operations Workspace"",""product_family"":""IT Service Management""}]}]","","undefined","false","","false","false","false","undefined","","","Not applicable","Not applicable","Monitor","","","true","false","true","06-11-2025 19:45:36","06-09-2026 21:08:53","system","11","","",""
"Service Operations Workspace ITSM Applications","sn_sow_itsm_cont","","8.1.0","true","false","[]","","","8.1.0","false","","","true","Store Application","com.snc.uib.sow_itsm_container","Zurich;","false","false","false","17-08-2021 11:41:02","admin","0","","No demo data","sn_sow_interaction:8.1.0, sn_sow_inc:8.1.0, sn_sow_problem:8.1.0, sn_sow_chg:8.1.0, sn_sow_req:8.1.0, sn_sow_walkup:8.1.0, sn_sow_mim:8.1.0, sn_sow_itsm_admin:8.0.0","","","false","sn_sow_itsm_cont","","27-10-2022 18:41:00","{""installed_user"":{""user_id"":""ADMPKE"",""user_email"":null}}","false","true","ES5 Standards Mode","","[]","Store","8.8.1","true","","","false","false","","","Paid","false","[{""productFamily"":""IT Service Management"",""productList"":[{""productId"":""1c004b911bc60dd029bd1f03b24bcbfe"",""productName"":""Service Operations Workspace"",""product_family"":""IT Service Management""}]}]","","undefined","false","","false","false","false","undefined","","","Not applicable","Not applicable","Monitor","","","true","false","true","06-11-2025 19:45:39","06-09-2026 21:08:58","system","13","","ServiceNow","sn"
"Service Operations Workspace ITSM Common","sn_sow_itsm_common","","8.1.0","true","false","[]","","","8.1.0","false","","","true","Store Application","com.snc.uib.sow_itsm_common","Zurich;","false","true","false","18-07-2021 13:27:47","admin","0","","No demo data","sn_sow:8.0.3, sn_sow_collab:8.1.0, sn_sla:8.0.0, sn_itsm_ra:3.0.2, sn_dashboard:6.0.17, sn_oe_sfs:6.1.5, com.glide.ux.user_criteria:sys","","","true","sn_sow_itsm_common","","27-10-2022 18:39:43","{""installed_user"":{""user_id"":""ADMPKE"",""user_email"":null}}","true","true","ES5 Standards Mode","","[]","Out of Band","8.8.1","false","","","false","false","","","Free","false","[{""productFamily"":""IT Service Management"",""productList"":[{""productId"":""1c004b911bc60dd029bd1f03b24bcbfe"",""productName"":""Service Operations Workspace"",""product_family"":""IT Service Management""}]}]","","undefined","false","","false","false","false","undefined","","","Not applicable","Not applicable","Monitor","","","true","false","true","06-11-2025 19:44:45","06-09-2026 21:08:50","system","11","","",""
"Service Owner Workspace","sn_spm_workspace","","1.8.0","true","false","","","","1.8.0","false","","","false","Store Application","com.spm_owner_workspace","","false","false","false","03-08-2018 01:05:00","johnoliver.mendoza","","","","","","","true","sn_spm_workspace","","","","false","false","ES5 Standards Mode","","","Distribution","1.8.0","true","","","false","false","","","","false","","","","false","","false","false","false","","","","General","Not applicable","Monitor","","","true","false","false","","11-04-2019 01:18:38","admin","3","","",""
"Service Portal - Standard Ticket","sn_std_tkt","","1.0.0","true","false","","","","1.0.0","false","","","false","Store Application","com.glideapp.servicecatalog.standard_ticket","","false","false","false","24-12-2019 05:25:54","admin","","","","","","","false","sn_std_tkt","","","","false","false","ES5 Standards Mode","","","Distribution","1.0.0","false","","","false","false","","","","false","","","","false","","false","false","false","","","","Not applicable","Not applicable","None","","","false","false","false","","06-09-2026 20:49:46","system","1","","ServiceNow","sn"
"Service Portal Surveys","sn_portal_surveys","","1.0.0","true","false","","","","1.0.0","false","","","false","Store Application","com.glide.service-portal.survey","","false","false","false","01-07-2016 18:37:21","admin","","","","","","","false","sn_portal_surveys","","","","false","false","ES5 Standards Mode","","","Distribution","1.0.0","false","","","false","false","","","","false","[]","","","false","","false","false","false","","","","Not applicable","Not applicable","Monitor","","","true","false","false","","06-09-2026 20:50:14","system","2","","",""
"Service Portfolio Management Estimated Spend","sn_spm_spend","","1.6.1","true","false","","","","1.6.1","false","","","false","Store Application","com.snc.spm.spend","","false","false","false","20-03-2019 22:25:27","admin","","","","","","","true","sn_spm_spend","","","","false","false","ES5 Standards Mode","","","Distribution","1.6.1","true","","","false","false","","","","false","","","","false","","false","false","false","","","","General","Not applicable","Monitor","","","true","false","false","","11-04-2019 01:30:47","admin","3","","",""
"Service Portfolio Management Premium","sn_spm","","1.9.13","true","false","","","","1.9.13","false","","","false","Store Application","com.snc.spm","","false","false","false","15-12-2017 01:04:08","johnoliver.mendoza","","","","","","","true","sn_spm","","","","false","false","ES5 Standards Mode","","","Distribution","1.9.13","false","","","false","false","","","","false","","","","false","","false","false","false","","","","Not applicable","Not applicable","Monitor","","","true","false","false","","06-11-2025 18:15:18","PKE","4","","",""
"Service Request Management App Template","sn_service_req_0","","28.2.1","true","false","[]","","","28.2.1","false","App Engine Studio","","true","Store Application","com.snc.service-request-management-app-template","Zurich;","false","false","false","14-10-2022 11:54:39","maint","0","","No demo data","sn_app_eng_studio:28.2.1, com.snc.app_shell_aw:sys, com.snc.app_shell_portal:sys, com.snc.uib.base_agent_workspace:sys, com.snc.apps_templates:sys, com.glide.ux.starter.experience:sys","","","false","sn_service_req_0","","03-02-2026 13:45:57","","false","true","ES5 Standards Mode","","[]","Store","28.2.1","true","","","false","false","","","Free","false","[{""productFamily"":""App Engine"",""productList"":[{""productId"":""106524c7db226c50122156a8dc961924"",""productName"":""App Engine Studio"",""product_family"":""App Engine""}]}]","","undefined","false","Tracking","false","false","false","undefined","","","Not applicable","Not applicable","Monitor","","","true","false","false","03-02-2026 13:45:57","03-02-2026 13:47:40","system","4","","ServiceNow",""
"Service Workspace","sn_svc_workspace","","22.0.0","true","false","","","","22.0.0","false","","","false","Store Application","com.snc.service_workspace","","false","false","false","09-01-2019 20:06:17","daniel.kong","","","","","","","true","sn_svc_workspace","","","","false","false","ES5 Standards Mode","","","Distribution","22.0.0","true","","","false","false","","","","false","","","","false","","false","false","false","","","","General","Not applicable","Monitor","","","true","false","false","","11-04-2019 00:54:58","admin","4","","",""
"ServiceNow Benchmarks","sn_benchmarks","Benchmarking capabilities for customers to evaluate their performance in comparison to their peers","4.1.0","true","false","[{""id"":""incompatible"",""order"":1,""message"":""Incompatible"",""tooltip"":""Your instance and app version are incompatible. Please make sure to select a compatible app version."",""type"":""error"",""show_as_filter"":true}]","","","4.1.0","false","","","true","Store Application","com.snc.sn_benchmarks","Xanadu;Yokohama;","false","true","false","20-06-2023 18:46:52","admin","0","","No demo data","sn_sd:8.1.0","","","false","sn_benchmarks","","07-11-2024 18:33:37","","false","true","ES5 Standards Mode","","[]","Out of Band","5.1.5","false","","","false","false","","","Free","false","[]","","undefined","false","","false","false","false","undefined","","","Not applicable","Not applicable","Monitor","","","true","false","true","06-11-2025 17:56:43","11-09-2026 19:50:53","system","7","","ServiceNow","sn"
"ServiceNow eBonding Example Spoke","sn_ebonding_ah","","1.0.0","true","false","","","","1.0.0","false","","","false","Store Application","com.glide.sn.ebonding.ah","","false","false","false","11-08-2017 11:17:09","admin","","","","","","","true","sn_ebonding_ah","","","","false","false","ES5 Standards Mode","","","Distribution","1.0.0","true","","4c0c44d7b360030024a3051a16a8dc24.iix","false","false","","","","false","","","","false","","false","false","false","","","","General","Not applicable","Monitor","","","true","false","false","","09-11-2023 18:50:36","system","5","","",""
"ServiceNow IDE","sn_glider","","4.4.4","true","false","[]","","","4.4.4","false","","","true","Store Application","com.sn_glider_app","Australia;Zurich;","false","true","true","06-11-2025 17:14:32","system","0","","No demo data","sn_sns:29.2.11, sn_udc:29.2.8, com.glide.ide:sys, com.glide.ide_platform:sys","","","false","sn_glider","","06-11-2025 17:57:17","","false","true","ECMAScript 2021 (ES12)","","[]","Out of Band","4.4.4","true","","","false","false","sn_glider/@servicenow/glider-app/4.4.4/package.json","","Free","false","[{""productFamily"":""App Engine"",""productList"":[{""productId"":""3b3a9dff1ba4961055a02063604bcb31"",""productName"":""ServiceNow Studio"",""product_family"":""App Engine""}]}]","","undefined","false","","false","false","true","undefined","","","Not applicable","Not applicable","Monitor","","","true","false","false","06-09-2026 20:51:14","06-09-2026 21:08:59","system","15","","ServiceNow","sn"
"ServiceNow Key Management Framework","sn_kmf","","1.0.0","true","true","","","","1.0.0","false","","","false","Store Application","com.glide.kmf","","false","false","false","28-02-2019 17:25:17","admin","","","","","","","true","sn_kmf","","","","false","false","Compatibility Mode","","","Distribution","1.0.0","false","","","false","false","","","","true","","","","false","","false","false","false","","","","Not applicable","Not applicable","None","","","false","false","false","","06-09-2026 20:50:00","system","1","","ServiceNow","sn"
"ServiceNow Key Management Framework Code Signing","sn_cs","","1.0.0","true","true","","","","1.0.0","false","","","false","Store Application","com.glide.kmf.codesigning","","false","false","false","08-04-2021 21:26:34","admin","","","","","","","true","sn_cs","","","","false","false","Compatibility Mode","","","Distribution","1.0.0","false","","","false","false","","","","true","","","","false","","false","false","false","","","","Not applicable","Not applicable","None","","","false","false","false","","06-09-2026 20:50:01","system","1","","ServiceNow","sn"
"ServiceNow Key Management Framework UI","sn_kmf_ui","","1.0.0","true","true","","","","1.0.0","false","","","false","Store Application","com.glide.kmf.ui","","false","false","false","29-04-2022 19:26:57","admin","","","","","","","true","sn_kmf_ui","","","","false","false","Compatibility Mode","","","Distribution","1.0.0","false","","","false","false","","","","true","","","","false","","false","false","false","","","","Not applicable","Not applicable","Monitor","","","true","false","false","","06-11-2025 17:47:43","system","1","","ServiceNow","sn"
"ServiceNow NowMobile App - Knowledge Management Screens and Launcher Screen","sn_km_mr","","1.0.0","true","false","","","","1.0.0","false","","","true","Store Application","com.glideapp.knowledge.mobile_requestor","","false","false","false","17-01-2019 17:18:50","admin","","","","","","","true","sn_km_mr","","","","false","false","ES5 Standards Mode","","","Distribution","1.0.0","false","","","false","false","","","","false","[]","","","false","","false","false","false","","","","Not applicable","Not applicable","None","","","false","false","false","","02-05-2019 23:36:40","admin","0","","",""
"ServiceNow Otto context menu","sn_wwna","UI component Now Assist context menu","1.2.10","true","false","[]","","","1.2.10","false","","","false","Store Application","com.devsnc_sn_wwna","Yokohama;Zurich;","false","false","false","24-09-2025 08:16:12","tectonic","0","","Has demo data","sn_feedback:1.1.1","","","false","sn_wwna","","17-11-2024 15:28:20","","true","true","ECMAScript 2021 (ES12)","","[]","Out of Band","3.8.3","false","","","false","false","","","Paid","false","[]","","undefined","false","","false","false","true","undefined","","","Not applicable","Not applicable","Monitor","","","true","false","true","06-11-2025 17:56:26","06-09-2026 21:08:55","system","488.549","","ServiceNow",""
"ServiceNow Remote Instance Spoke","sn_now_remote_spk","The ServiceNow Remote Spoke for Integration Hub provides actions that a Process Analyst can use when designing flows. The actions allow them to automate ServiceNow capabilities.","2.2.9","true","false","[]","","","2.2.9","false","","","false","Store Application","com.sn.remote.spoke","Australia;Xanadu;Yokohama;Zurich;","false","false","false","06-04-2020 18:51:03","admin","0","","No demo data","com.glide.hub.integration.runtime:sys, com.glide.hub.action_type.datastream:sys, com.glide.cobject:sys, com.glide.hub.dynamic_outputs:sys, com.glide.hub.action_step.rest:sys, com.glide.hub.dynamic_inputs:sys","","","false","sn_now_remote_spk","","02-11-2023 18:01:22","{""installed_user"":{""user_id"":""ADMPKE"",""user_email"":null}}","false","true","ES5 Standards Mode","","[]","Store","2.3.2","true","","","false","false","","","Paid","false","[]","","undefined","false","Tracking","false","false","false","undefined","","","Not applicable","Not applicable","Monitor","","","true","false","true","06-11-2025 19:08:01","17-09-2026 06:40:40","system","13","","ServiceNow",""
"ServiceNow Secrets Management","sn_secrets","","1.0.0","true","true","","","","1.0.0","false","","","false","Store Application","com.glide.sm.core","","false","false","false","25-01-2022 01:18:06","admin","","","","","","","true","sn_secrets","","","","false","false","ES5 Standards Mode","","","Distribution","1.0.0","false","","","false","false","","","","true","","","","false","","false","false","false","","","","Not applicable","Not applicable","None","","","false","false","false","","06-09-2026 20:59:24","guest","2","","",""
"ServiceNow Studio","sn_sns","ServiceNow Studio","29.2.11","true","false","[]","","","29.2.11","false","","","false","Store Application","com.servicenow_studio","Australia;Zurich;","false","true","false","06-11-2025 17:13:10","tectonic","0","","No demo data","sn_studio_commons:29.2.8, sn_app_obj_wizards:29.2.6, sn_deploy_pipeline:29.2.6, sn_udc:29.2.8","","","false","sn_sns","","06-11-2025 17:57:57","","false","true","ECMAScript 2021 (ES12)","","[]","Out of Band","29.2.11","true","","","false","false","","","Free","true","[{""productFamily"":""App Engine"",""productList"":[{""productId"":""3b3a9dff1ba4961055a02063604bcb31"",""productName"":""ServiceNow Studio"",""product_family"":""App Engine""}]}]","","undefined","false","","false","false","true","undefined","","","Not applicable","Not applicable","Monitor","","","true","false","false","06-09-2026 20:50:50","06-09-2026 21:08:52","system","21","","ServiceNow","sn"
"ServiceNow Unified Cryptography Automations","sn_crypto_auto","","1.0.0","true","false","","","","1.0.0","false","","","false","Store Application","com.glide.crypto.automations","","false","false","false","18-11-2023 01:10:05","admin","","","","","","","true","sn_crypto_auto","DS","","","false","false","ECMAScript 2021 (ES12)","","","Distribution","1.0.0","false","","","false","false","","","","true","","","","false","","false","false","false","","","","Not applicable","Not applicable","Monitor","","","true","false","false","","09-11-2025 23:31:18","guest","6","","",""
"servicenow-now-contextual-sidebar","now_ctx_sidebar","Seismic Component for ServiceNow","28.0.14","true","false","","","","28.0.14","false","","","false","Store Application","com.servicenow_now_contextual_sidebar","","false","false","false","16-07-2024 15:47:11","tectonic","","","","","","","false","now_ctx_sidebar","","","","false","false","ECMAScript 2021 (ES12)","","","Distribution","28.0.14","false","","","false","false","","","","true","","","","false","","false","false","false","","","","Not applicable","Not applicable","Monitor","","","true","false","false","","06-11-2025 18:15:19","PKE","478.104","","",""
"ServiceWorker Manager","sn_serviceworker_m","","28.0.9-janus.1","true","false","","","","28.0.9-janus.1","false","","","true","Store Application","com.glide.service_worker_manager","","false","false","false","22-03-2021 23:58:01","admin","","","","","","","true","sn_serviceworker_m","","","","false","false","ES5 Standards Mode","","","Distribution","28.0.9-janus.1","false","","","false","false","","","","false","","","","false","Tracking","false","false","false","","","","Not applicable","Not applicable","Monitor","","","true","false","false","","03-08-2026 18:08:25","system","3","","",""
"Similarity Analyzer","sn_intel_analyzer","","1.0.0","true","false","","","","1.0.0","false","","","false","Store Application","com.snc.intel_analyzer","","false","false","false","23-01-2019 00:45:45","admin","","","","","","","false","sn_intel_analyzer","","","","false","false","ES5 Standards Mode","","","Distribution","1.0.0","false","","","false","false","","","","false","[]","","","false","","false","false","false","","","","Not applicable","Not applicable","None","","","false","false","false","","06-09-2026 20:49:46","system","1","","",""
"Sitemap Generator","sn_ux_seo_sitemap","Sitemap Generator generates sitemap to be used by Search Engines to parse the searchable content","1.1.4","true","false","[]","","","1.1.4","false","","","true","Store Application","com.sn_ux_seo_sitemap","Utah;Vancouver;Washington DC;Xanadu;Yokohama;Zurich;","false","false","false","09-02-2022 02:45:53","admin","0","","No demo data","com.glide.hub.action_step.script:sys, com.glide.scope.access.restricted_caller:sys, com.glide.hub.action_step.rest:sys, com.glide.hub.integration.runtime:sys","","","false","sn_ux_seo_sitemap","","09-11-2023 18:16:30","","false","true","ES5 Standards Mode","","[]","Out of Band","1.3.0","false","","","false","false","","","Free","false","[]","","undefined","false","","false","false","false","undefined","","","Not applicable","Not applicable","Monitor","","","true","false","true","07-11-2024 18:43:58","16-12-2025 09:54:17","ADMMUF","4","","ServiceNow","sn"
"Slack WebHooks","sn_slack_ah","","1.0.0","true","false","","","","1.0.0","false","","","false","Store Application","com.sn.slack.ah","","false","false","false","17-08-2017 19:16:20","admin","","","","","","","true","sn_slack_ah","","","","false","false","ES5 Standards Mode","","","Distribution","1.0.0","true","","5b9495fe739b1300ed042ea3c4f6a7fe.iix","false","false","","","","false","","","","false","none","false","false","false","","","","General","Not applicable","Monitor","","","true","false","false","","07-11-2024 18:22:04","system","6","","ServiceNow","sn"
"sn-activity-tags-config-panel","sn_as_tag_panel","Activity Tags Config Panel for admins","27.0.1","true","false","","","","27.0.1","false","","","false","Store Application","com.sn_activity_tags_config_panel","","false","false","false","16-08-2024 16:26:57","tectonic","","","","","","","false","sn_as_tag_panel","","","","false","false","ECMAScript 2021 (ES12)","","","Distribution","27.0.1","false","","","false","false","","","","true","","","","false","","false","false","false","","","","Not applicable","Not applicable","Monitor","","","true","false","false","","06-11-2025 18:15:19","PKE","478.847","","",""
"sn-app-analytics-center","sn_analytics_cen","App Analytics Center","7.2.3","true","false","[]","","","7.2.3","false","","","false","Store Application","com.sn_app_analytics_center","Zurich;","false","false","false","06-11-2025 17:15:11","tectonic","0","","No demo data","","","","false","sn_analytics_cen","","06-11-2025 17:56:23","","false","true","ECMAScript 2021 (ES12)","","[]","Out of Band","7.4.4","true","","","false","false","","","Free","true","[]","","undefined","false","","false","false","true","undefined","","","Not applicable","Not applicable","Monitor","","","true","false","true","26-02-2026 15:32:19","11-09-2026 19:50:52","system","15","","",""
"sn-app-analytics-workflow-kpi","sn_app_aw_kpi","Analytics Workflow component for PA New Model Analytics KPI creation","7.0.1","true","false","[]","","","7.0.1","false","","","false","Store Application","com.sn_app_analytics_workflow_kpi","Zurich;","false","false","false","02-05-2025 07:05:51","tectonic","0","","No demo data","","","","false","sn_app_aw_kpi","","09-11-2023 18:14:37","","false","true","ES5 Standards Mode","","[]","Out of Band","7.0.1","true","","","false","false","","","Paid","true","[]","","undefined","false","","false","false","true","undefined","","","Not applicable","Not applicable","Monitor","","","true","false","false","06-11-2025 17:56:16","04-07-2026 05:33:21","system","485.058","","",""
"sn-app-analytics-workflow-source","sn_app_aw_source","Analytics Workflow component for PA New Model Analytics Source Management","7.0.1","true","false","[]","","","7.0.1","false","","","false","Store Application","com.sn_app_analytics_workflow_source","Zurich;","false","false","false","02-05-2025 07:05:53","tectonic","0","","No demo data","","","","false","sn_app_aw_source","","09-11-2023 17:55:28","","false","true","ES5 Standards Mode","","[]","Out of Band","7.0.1","true","","","false","false","","","Paid","true","[]","","undefined","false","","false","false","true","undefined","","","Not applicable","Not applicable","Monitor","","","true","false","false","06-11-2025 17:56:17","04-07-2026 05:33:20","system","485.058","","",""
"sn-app-client-ux","sn_app_client_ux","App Client Ux","20.0.5","true","false","","","","20.0.5","false","","","false","Store Application","com.sn_app_client_ux","","false","false","false","14-01-2026 15:40:38","tectonic","","","","","","","false","sn_app_client_ux","","","","false","false","ECMAScript 2021 (ES12)","","","Distribution","20.0.5","false","","","false","false","","","","true","","","","false","","false","false","false","","","","Not applicable","Not applicable","Monitor","","","true","false","false","","22-02-2026 21:59:49","system","491.232","","ServiceNow","sn"
"sn-app-kpi-details","sn_app_kpi_details","Contains components used to build PAR KPI Details page","7.0.1","true","false","[]","","","7.0.1","false","","","false","Store Application","com.sn_app_kpi_details","Zurich;","false","false","false","02-05-2025 07:05:04","tectonic","0","","No demo data","","","","true","sn_app_kpi_details","","27-10-2022 18:45:37","","true","true","ES5 Standards Mode","","[]","Out of Band","7.0.1","true","","","false","false","","","Free","true","[{""productFamily"":""Now Platform"",""productList"":[{""productId"":""41babb661bbb9110e7e20d43604bcb8e"",""productName"":""Platform Analytics"",""product_family"":""Now Platform""}]}]","","undefined","false","","false","false","true","undefined","","","Not applicable","Not applicable","Monitor","","","true","false","false","06-11-2025 17:56:14","16-12-2025 09:54:17","ADMMUF","485.056","","",""
"sn-app-par-components-chart-drilldown-configuration","sn_c2c_config","chart-drilldown-config","7.1.3","true","false","[]","","","7.1.3","false","","","false","Store Application","com.sn_app_par_components_chart_drilldown_configuration","Zurich;","false","false","false","25-09-2024 09:42:48","tectonic","0","","No demo data","","","","false","sn_c2c_config","","07-11-2024 18:42:20","","false","true","ECMAScript 2021 (ES12)","","[]","Store","7.4.10","true","","","false","false","","","Free","true","[{""productFamily"":""Now Platform"",""productList"":[{""productId"":""41babb661bbb9110e7e20d43604bcb8e"",""productName"":""Platform Analytics"",""product_family"":""Now Platform""}]}]","","undefined","false","","false","false","true","undefined","","","Not applicable","Not applicable","Monitor","","","true","false","true","26-02-2026 15:32:07","11-09-2026 19:50:53","system","479.831","","",""
"sn-app-par-components-component-builder","sn_par_comp_design","Seismic component for configuring reusable components for use in dashboards or by themselves","7.1.3","true","false","[]","","","7.1.3","false","","","false","Store Application","com.sn_app_par_components_component_builder","Zurich;","false","false","false","25-09-2024 09:42:48","tectonic","0","","No demo data","","","","true","sn_par_comp_design","","09-11-2023 17:59:23","","true","true","ECMAScript 2021 (ES12)","","[]","Out of Band","7.4.10","true","","","false","false","","","Free","true","[{""productFamily"":""Now Platform"",""productList"":[{""productId"":""41babb661bbb9110e7e20d43604bcb8e"",""productName"":""Platform Analytics"",""product_family"":""Now Platform""}]}]","","undefined","false","","false","false","true","undefined","","","Not applicable","Not applicable","Monitor","","","true","false","true","26-02-2026 15:31:41","11-09-2026 19:50:57","system","479.831","","",""
"sn-app-par-components-config-panel","sn_par_conf_panel","Configuration panel component used in Viz Designer and Dashboard Designer.","7.1.3","true","false","[]","","","7.1.3","false","","","false","Store Application","com.sn_app_par_components_config_panel","Zurich;","false","false","false","25-09-2024 09:42:48","tectonic","0","","No demo data","","","","true","sn_par_conf_panel","","27-10-2022 18:34:11","","true","true","ECMAScript 2021 (ES12)","","[]","Out of Band","7.4.10","true","","","false","false","","","Free","true","[{""productFamily"":""Now Platform"",""productList"":[{""productId"":""41babb661bbb9110e7e20d43604bcb8e"",""productName"":""Platform Analytics"",""product_family"":""Now Platform""}]}]","","undefined","false","","false","false","true","undefined","","","Not applicable","Not applicable","Monitor","","","true","false","true","26-02-2026 15:31:17","11-09-2026 19:50:56","system","479.831","","",""
"sn-app-par-components-create-dashboard-modal","sn_par_create_dash","Visualization details component.","7.1.3","true","false","[]","","","7.1.3","false","","","false","Store Application","com.sn_app_par_components_create_dashboard_modal","Zurich;","false","false","false","25-09-2024 09:42:48","tectonic","0","","No demo data","","","","true","sn_par_create_dash","","27-10-2022 18:34:51","","true","true","ECMAScript 2021 (ES12)","","[]","Out of Band","7.4.10","true","","","false","false","","","Free","true","[{""productFamily"":""Now Platform"",""productList"":[{""productId"":""41babb661bbb9110e7e20d43604bcb8e"",""productName"":""Platform Analytics"",""product_family"":""Now Platform""}]}]","","undefined","false","","false","false","true","undefined","","","Not applicable","Not applicable","Monitor","","","true","false","true","26-02-2026 15:31:19","11-09-2026 19:50:58","system","479.830","","",""
"sn-app-par-components-dashboard-categories","sn_dash_categories","Dashboard categories component","7.1.3","true","false","[]","","","7.1.3","false","","","false","Store Application","com.sn_app_par_components_dashboard_categories","Zurich;","false","false","false","06-11-2025 17:14:07","tectonic","0","","No demo data","","","","true","sn_dash_categories","","06-11-2025 17:56:15","","true","true","ECMAScript 2021 (ES12)","","[]","Out of Band","7.4.10","true","","","false","false","","","Free","true","[]","","undefined","false","","false","false","true","undefined","","","Not applicable","Not applicable","Monitor","","","true","false","true","26-02-2026 15:32:08","11-09-2026 19:50:53","system","24","","",""
"sn-app-par-components-data-visualization-wrapper","sn_viz_wrapper","Wrapper for data visualizations enabling chart to chart drilldown capabilities","7.1.3","true","false","[]","","","7.1.3","false","","","false","Store Application","com.sn_app_par_components_data_visualization_wrapper","Zurich;","false","false","false","25-09-2024 09:42:49","tectonic","0","","No demo data","","","","true","sn_viz_wrapper","","07-11-2024 18:42:20","","true","true","ECMAScript 2021 (ES12)","","[]","Out of Band","7.4.10","true","","","false","false","","","Free","true","[{""productFamily"":""Now Platform"",""productList"":[{""productId"":""41babb661bbb9110e7e20d43604bcb8e"",""productName"":""Platform Analytics"",""product_family"":""Now Platform""}]}]","","undefined","false","","false","false","true","undefined","","","Not applicable","Not applicable","Monitor","","","true","false","true","26-02-2026 15:32:10","11-09-2026 19:50:58","system","479.830","","",""
"sn-app-par-components-divider","sn_divider_comp","Creation of divider component","7.1.3","true","false","[]","","","7.1.3","false","","","true","Store Application","com.sn_app_par_components_divider","Zurich;","false","false","false","06-11-2025 19:43:40","tectonic","0","","No demo data","","","","true","sn_divider_comp","","06-11-2025 19:47:02","","false","true","ECMAScript 2021 (ES12)","","[]","Store","7.4.10","true","","","false","false","","","Free","true","[]","","undefined","false","","false","false","true","undefined","","","Not applicable","Not applicable","Monitor","","","true","false","true","26-02-2026 15:32:12","11-09-2026 19:50:54","system","18","","ServiceNow",""
"sn-app-par-components-dynamic-renderer","sn_dynamic_render","Dynamic Renderer","7.1.3","true","false","[]","","","7.1.3","false","","","false","Store Application","com.sn_app_par_components_dynamic_renderer","Zurich;","false","false","false","25-09-2024 09:42:48","tectonic","0","","No demo data","","","","true","sn_dynamic_render","","09-11-2023 18:04:46","","true","true","ECMAScript 2021 (ES12)","","[]","Out of Band","7.4.10","true","","","false","false","","","Free","true","[{""productFamily"":""Now Platform"",""productList"":[{""productId"":""41babb661bbb9110e7e20d43604bcb8e"",""productName"":""Platform Analytics"",""product_family"":""Now Platform""}]}]","","undefined","false","","false","false","true","undefined","","","Not applicable","Not applicable","Monitor","","","true","false","true","26-02-2026 15:31:22","11-09-2026 19:50:57","system","479.831","","",""
"sn-app-par-components-export-email-composer","sn_par_mail_comp","Seismic component for composing the emails sent to recipients","7.1.3","true","false","[]","","","7.1.3","false","","","false","Store Application","com.sn_app_par_components_export_email_composer","Zurich;","false","false","false","25-09-2024 09:42:48","tectonic","0","","No demo data","","","","true","sn_par_mail_comp","","09-11-2023 18:06:43","","true","true","ECMAScript 2021 (ES12)","","[]","Out of Band","7.4.10","true","","","false","false","","","Free","true","[{""productFamily"":""Now Platform"",""productList"":[{""productId"":""41babb661bbb9110e7e20d43604bcb8e"",""productName"":""Platform Analytics"",""product_family"":""Now Platform""}]}]","","undefined","false","","false","false","true","undefined","","","Not applicable","Not applicable","Monitor","","","true","false","true","26-02-2026 15:31:39","11-09-2026 19:50:57","system","479.831","","",""
"sn-app-par-components-export-modal","sn_par_xpt_modal","Seismic component for exporting modal in dashboards","7.1.3","true","false","[]","","","7.1.3","false","","","false","Store Application","com.sn_app_par_components_export_modal","Zurich;","false","false","false","25-09-2024 09:42:49","tectonic","0","","No demo data","","","","true","sn_par_xpt_modal","","09-11-2023 17:44:51","","true","true","ECMAScript 2021 (ES12)","","[]","Out of Band","7.4.10","true","","","false","false","","","Free","true","[{""productFamily"":""Now Platform"",""productList"":[{""productId"":""41babb661bbb9110e7e20d43604bcb8e"",""productName"":""Platform Analytics"",""product_family"":""Now Platform""}]}]","","undefined","false","","false","false","true","undefined","","","Not applicable","Not applicable","Monitor","","","true","false","true","26-02-2026 15:31:26","11-09-2026 19:50:56","system","479.831","","",""
"sn-app-par-components-info-content","sn_par_info_cont","Content to show in popover","7.1.3","true","false","[]","","","7.1.3","false","","","false","Store Application","com.sn_app_par_components_info_content","Zurich;","false","false","false","25-09-2024 09:42:49","tectonic","0","","No demo data","","","","true","sn_par_info_cont","","27-10-2022 18:38:17","","true","true","ECMAScript 2021 (ES12)","","[]","Out of Band","7.4.10","true","","","false","false","","","Free","true","[{""productFamily"":""Now Platform"",""productList"":[{""productId"":""41babb661bbb9110e7e20d43604bcb8e"",""productName"":""Platform Analytics"",""product_family"":""Now Platform""}]}]","","undefined","false","","false","false","true","undefined","","","Not applicable","Not applicable","Monitor","","","true","false","true","26-02-2026 15:31:28","11-09-2026 19:50:54","system","479.830","","",""
"sn-app-par-components-info-panel","sn_par_info_panel","Visualization details component.","7.1.3","true","false","[]","","","7.1.3","false","","","false","Store Application","com.sn_app_par_components_info_panel","Zurich;","false","false","false","25-09-2024 09:42:48","tectonic","0","","No demo data","","","","true","sn_par_info_panel","","27-10-2022 18:41:17","","true","true","ECMAScript 2021 (ES12)","","[]","Out of Band","7.4.10","true","","","false","false","","","Free","true","[{""productFamily"":""Now Platform"",""productList"":[{""productId"":""41babb661bbb9110e7e20d43604bcb8e"",""productName"":""Platform Analytics"",""product_family"":""Now Platform""}]}]","","undefined","false","","false","false","true","undefined","","","Not applicable","Not applicable","Monitor","","","true","false","true","26-02-2026 15:31:30","11-09-2026 19:50:52","system","479.831","","",""
"sn-app-par-components-insights-panel","sn_par_insights","Insights panel component used in Dashboard.","7.1.3","true","false","[]","","","7.1.3","false","","","false","Store Application","com.sn_app_par_components_insights_panel","Zurich;","false","false","false","25-09-2024 09:42:48","tectonic","0","","No demo data","","","","false","sn_par_insights","","09-11-2023 18:11:33","","false","true","ECMAScript 2021 (ES12)","","[]","Store","7.4.10","true","","","false","false","","","Free","true","[{""productFamily"":""Now Platform"",""productList"":[{""productId"":""41babb661bbb9110e7e20d43604bcb8e"",""productName"":""Platform Analytics"",""product_family"":""Now Platform""}]}]","","undefined","false","","false","false","true","undefined","","","Not applicable","Not applicable","Monitor","","","true","false","true","26-02-2026 15:31:46","11-09-2026 19:50:54","system","479.832","","",""
"sn-app-par-components-saved-data-visualization","sn_par_saved_data","Component for displaying preconfigured data visualisation stored in the visualization library.","7.1.3","true","false","[]","","","7.1.3","false","","","false","Store Application","com.sn_app_par_components_saved_data_visualization","Zurich;","false","false","false","25-09-2024 09:42:48","tectonic","0","","No demo data","","","","true","sn_par_saved_data","","27-10-2022 18:47:13","","true","true","ECMAScript 2021 (ES12)","","[]","Out of Band","7.4.10","true","","","false","false","","","Free","true","[{""productFamily"":""Now Platform"",""productList"":[{""productId"":""41babb661bbb9110e7e20d43604bcb8e"",""productName"":""Platform Analytics"",""product_family"":""Now Platform""}]}]","","undefined","false","","false","false","true","undefined","","","Not applicable","Not applicable","Monitor","","","true","false","true","26-02-2026 15:31:32","11-09-2026 19:50:55","system","479.830","","",""
"sn-app-par-components-scheduled-export","sn_par_sche_export","Handles Scheduled Export","7.1.3","true","false","[]","","","7.1.3","false","","","false","Store Application","com.sn_app_par_components_scheduled_export","Zurich;","false","false","false","25-09-2024 09:42:48","tectonic","0","","No demo data","","","","true","sn_par_sche_export","","09-11-2023 18:14:46","","true","true","ECMAScript 2021 (ES12)","","[]","Out of Band","7.4.10","true","","","false","false","","","Free","true","[{""productFamily"":""Now Platform"",""productList"":[{""productId"":""41babb661bbb9110e7e20d43604bcb8e"",""productName"":""Platform Analytics"",""product_family"":""Now Platform""}]}]","","undefined","false","","false","false","true","undefined","","","Not applicable","Not applicable","Monitor","","","true","false","true","26-02-2026 15:32:05","11-09-2026 19:50:55","system","479.830","","",""
"sn-app-par-components-share-dialog","sn_par_share_dia","Seismic component for sharing dialog, this component is generic","7.1.3","true","false","[]","","","7.1.3","false","","","false","Store Application","com.sn_app_par_components_share_dialog","Zurich;","false","false","false","25-09-2024 09:42:49","tectonic","0","","No demo data","","","","true","sn_par_share_dia","","27-10-2022 18:38:09","","true","true","ECMAScript 2021 (ES12)","","[]","Out of Band","7.4.10","true","","","false","false","","","Free","true","[{""productFamily"":""Now Platform"",""productList"":[{""productId"":""41babb661bbb9110e7e20d43604bcb8e"",""productName"":""Platform Analytics"",""product_family"":""Now Platform""}]}]","","undefined","false","","false","false","true","undefined","","","Not applicable","Not applicable","Monitor","","","true","false","true","26-02-2026 15:31:36","11-09-2026 19:50:56","system","479.831","","",""
"sn-app-par-components-share-info","sn_par_share_info","Share with info component.","7.1.3","true","false","[]","","","7.1.3","false","","","false","Store Application","com.sn_app_par_components_share_info","Zurich;","false","false","false","25-09-2024 09:42:49","tectonic","0","","No demo data","","","","true","sn_par_share_info","","27-10-2022 18:44:26","","true","true","ECMAScript 2021 (ES12)","","[]","Out of Band","7.4.10","true","","","false","false","","","Free","true","[{""productFamily"":""Now Platform"",""productList"":[{""productId"":""41babb661bbb9110e7e20d43604bcb8e"",""productName"":""Platform Analytics"",""product_family"":""Now Platform""}]}]","","undefined","false","","false","false","true","undefined","","","Not applicable","Not applicable","Monitor","","","true","false","true","26-02-2026 15:31:37","11-09-2026 19:50:53","system","479.830","","",""
"sn-app-par-coreui-migration-center","sn_par_mig_center","Component for the entire migration center in Platform Analytics Experience","3.0.4","true","false","","","","3.0.4","false","","","false","Store Application","com.sn_app_par_coreui_migration_center","","false","false","false","24-10-2024 09:18:01","tectonic","","","No demo data","sn_par_legacy_wdgt:3.0.4, sn_par_cor_mig_spt:3.0.4","","","false","sn_par_mig_center","","07-11-2024 18:38:24","","false","true","ECMAScript 2021 (ES12)","","","Out of Band","3.0.16","true","","","false","false","","","","true","[]","","","false","","false","false","true","","","","Not applicable","Not applicable","Monitor","","","true","false","true","06-11-2025 17:56:43","10-09-2026 22:58:04","system","480.503","","",""
"sn-app-par-coreui-migration-legacy-widget","sn_par_legacy_wdgt","Component for wrapping legacy dashboard widget in iframe","3.0.4","true","false","","","","3.0.4","false","","","false","Store Application","com.sn_app_par_coreui_migration_legacy_widget","","false","false","false","24-10-2024 09:17:57","tectonic","","","No demo data","","","","false","sn_par_legacy_wdgt","","07-11-2024 18:38:22","","false","true","ECMAScript 2021 (ES12)","","","Out of Band","3.0.16","true","","","false","false","","","","true","[]","","","false","","false","false","true","","","","Not applicable","Not applicable","Monitor","","","true","false","true","06-11-2025 17:56:01","10-09-2026 22:57:58","system","480.503","","",""
"sn-attach-article-guidance","sn_aa_guidance","Seismic component to show the attach article guidance experience.","10.0.0","true","false","[]","","","10.0.0","false","","","false","Store Application","com.sn_attach_article_guidance","Xanadu;Yokohama;Zurich;","false","false","false","11-07-2025 05:40:51","tectonic","0","","No demo data","","","","true","sn_aa_guidance","","07-11-2024 18:31:25","","true","true","ECMAScript 2021 (ES12)","","[]","Out of Band","32.0.1","true","","","false","false","","","Paid","true","[]","","undefined","false","","false","false","true","undefined","","","Not applicable","Not applicable","Monitor","","","true","false","true","06-11-2025 19:04:53","10-09-2026 22:58:04","system","486.742","","",""
"sn-canvas-blank","sn_canvas_blank","Canvas Blank Scoped Application","28.0.75","true","false","","","","28.0.75","false","","","false","Store Application","com.sn_canvas_blank","","false","false","false","19-05-2025 18:23:44","tectonic","","","","","","","false","sn_canvas_blank","","","","false","false","ECMAScript 2021 (ES12)","","","Distribution","28.0.75","false","","","false","false","","","","true","","","","false","","false","false","false","","","","Not applicable","Not applicable","None","","","true","false","false","","06-09-2026 21:08:46","system","485.489","","",""
"sn-canvas-chrome","sn_canvas_chrome","Canvas chrome UI components package project","28.0.75","true","false","","","","28.0.75","false","","","false","Store Application","com.sn_canvas_chrome","","false","false","false","19-05-2025 18:24:16","tectonic","","","","","","","false","sn_canvas_chrome","","","","false","false","ECMAScript 2021 (ES12)","","","Distribution","28.0.75","false","","","false","false","","","","true","","","","false","","false","false","false","","","","Not applicable","Not applicable","None","","","true","false","false","","06-09-2026 21:08:46","system","485.489","","",""
"sn-canvas-core","sn_canvas_core","Generic Blank Canvas Scope App","28.0.75","true","false","","","","28.0.75","false","","","false","Store Application","com.sn_canvas_core","","false","false","false","19-05-2025 18:23:50","tectonic","","","","","","","false","sn_canvas_core","","","","false","false","ECMAScript 2021 (ES12)","","","Distribution","28.0.75","false","","","false","false","","","","true","","","","false","","false","false","false","","","","Not applicable","Not applicable","None","","","true","false","false","","06-09-2026 21:08:45","system","485.489","","",""
"sn-chart-renderer","sn_chart_renderer","Chart renderer","28.3.0","true","false","","","","28.3.0","false","","","false","Store Application","com.sn_chart_renderer","","false","false","false","27-08-2024 08:22:46","tectonic","","","No demo data","","","","false","sn_chart_renderer","","07-11-2024 18:48:21","","false","true","ECMAScript 2021 (ES12)","","","Out of Band","28.5.6","true","","","false","false","","","","true","[]","","","false","","false","false","true","","","","Not applicable","Not applicable","Monitor","","","true","false","true","15-03-2026 17:02:38","11-09-2026 19:50:57","system","479.121","","",""
"sn-cmdb-nlq-search","sn_cmdb_nlq_search","CMDB NLQ Search Connected","2.3.3","true","false","[]","","","2.3.3","false","","","false","Store Application","com.sn_cmdb_nlq_search","Australia;Brazil;Washington DC;Xanadu;Yokohama;Zurich;","false","false","false","03-10-2024 17:50:41","tectonic","0","","No demo data","","","","false","sn_cmdb_nlq_search","","09-11-2023 18:01:35","","false","true","ES5 Standards Mode","","[]","Out of Band","2.3.3","true","","","false","false","","","Free","true","[]","","undefined","false","","false","false","true","undefined","","","Not applicable","Not applicable","Monitor","","","true","false","false","06-11-2025 17:56:00","28-08-2026 04:14:30","system","480.004","","",""
"sn-common-voice-ui","sn_common_voice_ui","Sn Common Voice Ui","28.0.6","true","false","","","","28.0.6","false","","","false","Store Application","com.sn_common_voice_ui","","false","false","false","14-12-2025 18:43:36","tectonic","","","","","","","false","sn_common_voice_ui","","","","false","false","ECMAScript 2021 (ES12)","","","Distribution","28.0.6","false","","","false","false","","","","true","","","","false","","false","false","false","","","","Not applicable","Not applicable","None","","","false","false","false","","06-09-2026 20:50:19","system","13","","",""
"sn-component-carousel","sn_component_carou","Seismic Component for ServiceNow","22.0.0","true","false","","","","22.0.0","false","","","false","Store Application","com.sn_component_carousel","","false","false","false","05-01-2022 15:51:35","tectonic","","","","","","","false","sn_component_carou","","","","false","false","ES5 Standards Mode","","","Distribution","22.0.0","false","","","false","false","","","","true","","","","false","","false","false","false","","","","Not applicable","Not applicable","Monitor","","","true","false","false","","27-10-2022 18:02:25","system","455.951","","",""
"sn-component-catalog-item","sn_component_catal","Component to use Catalog Item/Category in old Agent Workspace.","25.0.0","true","false","","","","25.0.0","false","","","false","Store Application","com.sn_component_catalog_item","","false","false","false","17-07-2023 01:20:03","tectonic","","","","","","","false","sn_component_catal","","","","false","false","ECMAScript 2021 (ES12)","","","Distribution","25.0.0","false","","","false","false","","","","true","","","","false","","false","false","false","","","","Not applicable","Not applicable","Monitor","","","true","false","false","","07-11-2024 19:29:06","ADMMUF","469.328","","",""
"sn-component-chat-window","sn_component_chat_","Reusable chat window for service now components.","28.12.10","true","false","","","","28.12.10","false","","","false","Store Application","com.sn_component_chat_window","","false","false","false","28-10-2024 11:59:32","tectonic","","","","","","","false","sn_component_chat_","","","","false","false","ECMAScript 2021 (ES12)","","","Distribution","28.12.10","false","","","false","false","","","","true","","","","false","","false","false","false","","","","Not applicable","Not applicable","None","","","true","false","false","","06-09-2026 21:08:47","system","480.627","","",""
"sn-component-checklist","sn_component_check","Common checklist component","23.0.0","true","false","","","","23.0.0","false","","","false","Store Application","com.sn_component_checklist","","false","false","false","29-07-2022 00:41:40","tectonic","","","","","","","false","sn_component_check","","","","false","false","ES5 Standards Mode","","","Distribution","23.0.0","false","","","false","false","","","","true","","","","false","","false","false","false","","","","Not applicable","Not applicable","Monitor","","","true","false","false","","09-11-2023 19:00:08","PKE","460.855","","",""
"sn-component-cmdb-form","sn_comp_cmdb_form","Project for card ribbons used for cmdb forms","26.0.6","true","false","","","","26.0.6","false","","","false","Store Application","com.sn_component_cmdb_form","","false","false","false","01-11-2024 17:13:09","tectonic","","","","","","","false","sn_comp_cmdb_form","","","","false","false","ECMAScript 2021 (ES12)","","","Distribution","26.0.6","false","","","false","false","","","","true","","","","false","","false","false","false","","","","Not applicable","Not applicable","Monitor","","","true","false","false","","06-11-2025 18:15:19","PKE","480.697","","",""
"sn-component-dropdown","sn_component_dropd","Dropdown","20.0.4","true","false","","","","20.0.4","false","","","false","Store Application","com.sn_component_dropdown","","false","false","false","18-05-2021 18:10:43","tectonic","","","","","","","false","sn_component_dropd","","","","false","false","ES5 Standards Mode","","","Distribution","20.0.4","false","","","false","false","","","","true","","","","false","","false","false","false","","","","Not applicable","Not applicable","Monitor","","","true","false","false","","03-11-2021 20:18:14","ADMPKE","450.385","","",""
"sn-component-em-hidden","sn_ui_em_hidden","Scoped App sn-component-em-hidden","19.0.4","true","false","","","","19.0.4","false","","","false","Store Application","com.sn_component_em_hidden","","false","false","false","07-03-2021 01:48:44","tectonic","","","","","","","false","sn_ui_em_hidden","","","","false","false","ES5 Standards Mode","","","Distribution","19.0.4","false","","","false","false","","","","true","","","","false","","false","false","false","","","","Not applicable","Not applicable","Monitor","","","true","false","false","","03-11-2021 20:18:12","ADMPKE","448.642","","",""
"sn-component-error-handler","sn_component_error","A generic error handler component for Seismic applications that displays error messages in a modal on HTTP, AMB and other catastrophic errors.","25.0.1","true","false","","","","25.0.1","false","","","false","Store Application","com.sn_component_error_handler","","false","false","false","27-10-2023 18:54:11","tectonic","","","","","","","false","sn_component_error","","","","false","false","ES5 Standards Mode","","","Distribution","25.0.1","false","","","false","false","","","","true","","","","false","","false","false","false","","","","Not applicable","Not applicable","Monitor","","","true","false","false","","07-11-2024 19:29:07","ADMMUF","471.793","","",""
"sn-component-file-icon","sn_component_file_","Displays an icon for a given file type","20.0.3","true","false","","","","20.0.3","false","","","false","Store Application","com.sn_component_file_icon","","false","false","false","18-05-2021 17:10:02","tectonic","","","","","","","false","sn_component_file_","","","","false","false","ES5 Standards Mode","","","Distribution","20.0.3","false","","","false","false","","","","true","","","","false","","false","false","false","","","","Not applicable","Not applicable","Monitor","","","true","false","false","","03-11-2021 20:18:14","ADMPKE","450.384","","",""
"sn-component-file-icon","sn_file_icon","Displays an icon for a given file type","26.0.1","true","false","","","","26.0.1","false","","","false","Store Application","com.sn_component_file_icon","","false","false","false","11-04-2024 17:26:11","tectonic","","","","","","","false","sn_file_icon","","","","false","false","ECMAScript 2021 (ES12)","","","Distribution","26.0.1","false","","","false","false","","","","true","","","","false","","false","false","false","","","","Not applicable","Not applicable","Monitor","","","true","false","false","","07-11-2024 19:29:01","ADMMUF","475.800","","",""
"sn-component-filter","sn_component_filte","Filter component","28.0.13","true","false","","","","28.0.13","false","","","false","Store Application","com.sn_component_filter","","false","false","false","14-07-2026 10:07:36","tectonic","","","","","","","false","sn_component_filte","","","","false","false","ECMAScript 2021 (ES12)","","","Distribution","28.0.13","false","","","false","false","","","","true","","","","false","","false","false","false","","","","Not applicable","Not applicable","None","","","true","false","false","","06-09-2026 21:08:48","system","495.569","","",""
"sn-component-guidance-experience","sn_guidance_exp","Seismic component to render the default Guidance experience","38.0.3","true","false","[]","","","38.0.3","false","","","false","Store Application","com.sn_component_guidance_experience","Xanadu;Yokohama;Zurich;","false","false","false","08-10-2025 06:48:07","tectonic","0","","No demo data","","","","true","sn_guidance_exp","","07-11-2024 18:31:11","","true","true","ECMAScript 2021 (ES12)","","[]","Out of Band","42.0.2","true","","","false","false","","","Paid","true","[]","","undefined","false","","false","false","true","undefined","","","Not applicable","Not applicable","Monitor","","","true","false","true","06-11-2025 19:04:47","10-09-2026 22:57:49","system","488.880","","",""
"sn-component-nlq","sn_component_nlq","Seismic Component for NLQ","24.0.2","true","false","","","","24.0.2","false","","","false","Store Application","com.sn_component_nlq","","false","false","false","25-03-2025 11:23:04","tectonic","","","","","","","false","sn_component_nlq","","","","false","false","ES5 Standards Mode","","","Distribution","24.0.2","false","","","false","false","","","","true","","","","false","","false","false","false","","","","Not applicable","Not applicable","Monitor","","","true","false","false","","06-11-2025 18:15:18","PKE","484.147","","",""
"sn-component-timeago","sn_component_timea","Renders the TimeAgo component  ","27.0.8","true","false","","","","27.0.8","false","","","false","Store Application","com.sn_component_timeago","","false","false","false","09-09-2024 16:40:53","tectonic","","","","","","","false","sn_component_timea","","","","false","false","ECMAScript 2021 (ES12)","","","Distribution","27.0.8","false","","","false","false","","","","true","","","","false","","false","false","false","","","","Not applicable","Not applicable","Monitor","","","true","false","false","","06-11-2025 18:15:18","PKE","479.423","","",""
"sn-component-user-card","sn_component_user_","Component that displays user&#39;s name and title, along with a popup that shows more information about the user.","19.0.1-rtw2000-6","true","false","","","","19.0.1-rtw2000-6","false","","","false","Store Application","com.sn_component_user_card","","false","false","false","07-01-2021 11:16:20","tectonic","","","","","","","false","sn_component_user_","","","","false","false","ES5 Standards Mode","","","Distribution","19.0.1-rtw2000-6","false","","","false","false","","","","true","","","","false","","false","false","false","","","","Not applicable","Not applicable","Monitor","","","true","false","false","","03-11-2021 20:18:13","ADMPKE","447.236","","",""
"sn-component-va-web-client","sn-va-web-client","Conversation Service Chat Client","28.12.10","true","false","","","","28.12.10","false","","","false","Store Application","com.sn_component_va_web_client","","false","false","false","28-10-2024 12:00:36","tectonic","","","","","","","false","sn-va-web-client","","","","false","false","ECMAScript 2021 (ES12)","","","Distribution","28.12.10","false","","","false","false","","","","true","","","","false","","false","false","false","","","","Not applicable","Not applicable","None","","","true","false","false","","06-09-2026 21:08:49","system","480.628","","",""
"sn-component-visualization","sn_component_visua","Visualization Component for Performance Analytics and Reporting","27.0.0","true","false","","","","27.0.0","false","","","false","Store Application","com.sn_component_visualization","","false","false","false","29-11-2024 07:02:51","tectonic","","","","","","","false","sn_component_visua","","","","false","false","ES5 Standards Mode","","","Distribution","27.0.0","false","","","false","false","","","","true","","","","false","","false","false","false","","","","Not applicable","Not applicable","Monitor","","","true","false","false","","06-11-2025 18:15:20","PKE","481.360","","",""
"sn-component-workspace-agent-assist","sn_ui_agent_assist","Service Now Workspace Agent Assist Component","28.0.1","true","false","","","","28.0.1","false","","","false","Store Application","com.sn_component_workspace_agent_assist","","false","false","false","23-04-2025 08:13:33","tectonic","","","","","","","false","sn_ui_agent_assist","","","","false","false","ECMAScript 2021 (ES12)","","","Distribution","28.0.1","false","","","false","false","","","","true","","","","false","","false","false","false","","","","Not applicable","Not applicable","Monitor","","","true","false","false","","06-11-2025 18:15:16","PKE","484.839","","",""
"sn-component-workspace-global-search","sn_ui_globalsearch","Seismic components for Service Workspace Global Search","28.0.1","true","false","","","","28.0.1","false","","","false","Store Application","com.sn_component_workspace_global_search","","false","false","false","28-01-2026 11:35:26","tectonic","","","No demo data","","","","false","sn_ui_globalsearch","","27-10-2022 18:45:27","","false","false","ECMAScript 2021 (ES12)","","","Out of Band","28.0.1","true","","","false","false","","","","true","","","","false","","false","false","true","","","","Not applicable","Not applicable","Monitor","","","true","false","false","15-03-2026 17:02:44","15-03-2026 17:02:44","system","491.563","","",""
"sn-component-workspace-knowledge","sn_ui_knowledge","Enables Knowledge Management capabilities in Agent Workspace","29.4.4","true","false","","","","29.4.4","false","","","false","Store Application","com.sn_component_workspace_knowledge","","false","false","false","23-10-2019 15:54:29","tectonic","","","","","","","false","sn_ui_knowledge","","","","false","false","ECMAScript 2021 (ES12)","","","Distribution","29.4.4","false","","","false","false","","","","true","","","","false","","false","false","false","","","","Not applicable","Not applicable","None","","","false","false","false","","06-09-2026 20:50:21","system","11","","",""
"sn-component-workspace-lookup-verify","sn_ui_lv","Component for lookup and verify in workspace","28.0.14","true","false","","","","28.0.14","false","","","false","Store Application","com.sn_component_workspace_lookup_verify","","false","false","false","20-06-2025 20:29:16","tectonic","","","","","","","false","sn_ui_lv","","","","false","false","ES5 Standards Mode","","","Distribution","28.0.14","false","","","false","false","","","","true","","","","false","","false","false","false","","","","Not applicable","Not applicable","Monitor","","","true","false","false","","06-11-2025 18:15:20","PKE","486.243","","",""
"sn-component-workspace-ribbon","sn_ui_ribbon","Ribbon widget for workspace","28.0.14","true","false","","","","28.0.14","false","","","false","Store Application","com.sn_component_workspace_ribbon","","false","false","false","20-06-2025 20:12:02","tectonic","","","","","","","false","sn_ui_ribbon","","","","false","false","ECMAScript 2021 (ES12)","","","Distribution","28.0.14","false","","","false","false","","","","true","","","","false","","false","false","false","","","","Not applicable","Not applicable","Monitor","","","true","false","false","","06-11-2025 18:15:17","PKE","486.243","","",""
"sn-component-workspace-shn","sn_ui_shn","Modal that wraps around the special handling notes displayed when form loads in workspace","28.0.14","true","false","","","","28.0.14","false","","","false","Store Application","com.sn_component_workspace_shn","","false","false","false","20-06-2025 20:06:47","tectonic","","","","","","","false","sn_ui_shn","","","","false","false","ECMAScript 2021 (ES12)","","","Distribution","28.0.14","false","","","false","false","","","","true","","","","false","","false","false","false","","","","Not applicable","Not applicable","Monitor","","","true","false","false","","06-11-2025 18:15:16","PKE","486.243","","",""
"sn-components-omnichannel-interaction","sn_omnich_interact","Queue list, prompt, and conversation components for omnichannel interaction","28.12.10","true","false","","","","28.12.10","false","","","false","Store Application","com.sn_components_omnichannel_interaction","","false","false","false","28-10-2024 12:00:57","tectonic","","","","","","","false","sn_omnich_interact","","","","false","false","ECMAScript 2021 (ES12)","","","Distribution","28.12.10","false","","","false","false","","","","true","","","","false","","false","false","false","","","","Not applicable","Not applicable","None","","","true","false","false","","06-09-2026 21:08:49","system","480.628","","",""
"sn-config-table-connected","sn_config_table_co","Common component for bulk config changes in KPI Details.","24.0.1","true","false","","","","24.0.1","false","","","false","Store Application","com.sn_config_table_connected","","false","false","false","17-04-2023 04:12:02","tectonic","","","","","","","false","sn_config_table_co","","","","false","false","ES5 Standards Mode","","","Distribution","24.0.1","false","","","false","false","","","","true","","","","false","","false","false","false","","","","Not applicable","Not applicable","Monitor","","","true","false","false","","09-11-2023 19:00:14","PKE","467.147","","",""
"sn-connected-chat","sn_connected_chat","Connected Chat window share between different applications","28.12.10","true","false","","","","28.12.10","false","","","false","Store Application","com.sn_connected_chat","","false","false","false","28-10-2024 12:01:37","tectonic","","","","","","","false","sn_connected_chat","","","","false","false","ECMAScript 2021 (ES12)","","","Distribution","28.12.10","false","","","false","false","","","","true","","","","false","","false","false","false","","","","Not applicable","Not applicable","None","","","true","false","false","","06-09-2026 21:08:49","system","480.628","","",""
"sn-csm-custom-activity-tile","sn_as_csm_tile","CSM Compact Tiles for Activity Stream","3.0.3","true","false","[]","","","3.0.3","false","","","false","Store Application","com.sn_csm_custom_activity_tile","Zurich;","false","false","false","06-11-2025 17:12:47","tectonic","0","","No demo data","","","","false","sn_as_csm_tile","","06-11-2025 17:55:57","","false","true","ECMAScript 2021 (ES12)","","[]","Store","4.0.1","true","","","false","false","","","Free","true","[]","","undefined","false","","false","false","true","undefined","","","Not applicable","Not applicable","Monitor","","","true","false","true","06-11-2025 19:24:02","17-06-2026 03:28:10","system","13","","",""
"sn-custom-tinymce-scoped-app","sn_sn_custom_tinym","","28.11.0","true","false","","","","28.11.0","false","","","false","Store Application","com.sn-custom-tinymce-scoped-app","","false","false","false","06-02-2018 19:17:55","admin","","","","","","","false","sn_sn_custom_tinym","","","","false","false","ES5 Standards Mode","","","Distribution","28.11.0","false","","","false","false","","","","false","[]","","","false","Tracking","false","false","false","","","","Not applicable","Not applicable","Monitor","","","true","false","false","","03-08-2026 18:08:25","system","2","","",""
"sn-da-filter-group","sn_da_filter_group","Filter group component","28.0.13","true","false","","","","28.0.13","false","","","false","Store Application","com.sn_da_filter_group","","false","false","false","14-07-2026 10:07:38","tectonic","","","","","","","false","sn_da_filter_group","","","","false","false","ECMAScript 2021 (ES12)","","","Distribution","28.0.13","false","","","false","false","","","","true","","","","false","","false","false","false","","","","Not applicable","Not applicable","None","","","true","false","false","","06-09-2026 21:08:49","system","495.569","","",""
"sn-da-filter-group-config","sn_fltrgrp_config","Component for configuring grouped filters on the config panel","28.0.13","true","false","","","","28.0.13","false","","","false","Store Application","com.sn_da_filter_group_config","","false","false","false","14-07-2026 10:07:24","tectonic","","","","","","","false","sn_fltrgrp_config","","","","false","false","ECMAScript 2021 (ES12)","","","Distribution","28.0.13","false","","","false","false","","","","true","","","","false","","false","false","false","","","","Not applicable","Not applicable","None","","","true","false","false","","06-09-2026 21:08:45","system","495.569","","",""
"sn-da-filter-group-config-panel","sn_dafltrcnf_pan","Component for rendering the appropriate UIB Config panel for filters and filter groups","28.0.13","true","false","","","","28.0.13","false","","","false","Store Application","com.sn_da_filter_group_config_panel","","false","false","false","14-07-2026 10:07:27","tectonic","","","","","","","false","sn_dafltrcnf_pan","","","","false","false","ECMAScript 2021 (ES12)","","","Distribution","28.0.13","false","","","false","false","","","","true","","","","false","","false","false","false","","","","Not applicable","Not applicable","None","","","true","false","false","","06-09-2026 21:08:49","system","495.569","","",""
"sn-dashboard","sn_dashboard","Inline editing for seismic dashboards","7.2.4","true","false","[]","","","7.2.4","false","","","false","Store Application","com.sn_dashboard","Zurich;","false","false","false","18-11-2024 06:39:57","tectonic","0","","No demo data","","","","true","sn_dashboard","","27-10-2022 18:29:25","","true","true","ECMAScript 2021 (ES12)","","[]","Out of Band","7.4.9","true","","","false","false","","","Free","true","[{""productFamily"":""Now Platform"",""productList"":[{""productId"":""41babb661bbb9110e7e20d43604bcb8e"",""productName"":""Platform Analytics"",""product_family"":""Now Platform""}]}]","","undefined","false","","false","false","true","undefined","","","Not applicable","Not applicable","Monitor","","","true","false","true","26-02-2026 15:32:15","11-09-2026 19:50:56","system","481.135","","",""
"sn-dashboards-view","sn_dashboards_view","Dashboard Overview component for store app","28.0.1","true","false","[]","","","28.0.1","false","","","false","Store Application","com.sn_dashboards_view","Xanadu","false","false","false","15-10-2024 14:38:11","tectonic","0","","No demo data","","","","true","sn_dashboards_view","","09-11-2023 18:11:56","","true","true","ECMAScript 2021 (ES12)","","[]","Out of Band","28.0.2","true","","","false","false","","","Free","true","[{""productFamily"":""Now Platform"",""productList"":[{""productId"":""41babb661bbb9110e7e20d43604bcb8e"",""productName"":""Platform Analytics"",""product_family"":""Now Platform""}]}]","","2024-11-01 15:11:51","false","","false","false","true","2025-07-31 16:07:05","","","Not applicable","Not applicable","Monitor","","","true","false","true","06-11-2025 17:56:22","05-12-2025 20:18:42","system","480.291","","",""
"sn-devx-components","sn_devx_components","Developer Experience Components","19.4.1","true","false","","","","19.4.1","false","","","false","Store Application","com.sn_devx_components","","false","false","false","10-11-2020 09:22:10","tectonic","","","","","","","false","sn_devx_components","","","","false","false","ES5 Standards Mode","","","Distribution","19.4.1","false","","","false","false","","","","true","","","","false","","false","false","false","","","","Not applicable","Not applicable","Monitor","","","true","false","false","","03-11-2021 20:18:13","ADMPKE","445.842","","",""
"sn-experiment-ui","sn_experiment_ui","sn_experiment_ui","1.1.14","true","false","[]","","","1.1.14","false","","","false","Store Application","com.sn_experiment_ui","Australia;Brazil;Zurich;","false","true","false","02-08-2026 19:44:34","tectonic","0","","No demo data","","","","false","sn_experiment_ui","","02-08-2026 19:47:17","","false","true","ECMAScript 2021 (ES12)","","[]","Out of Band","1.1.14","true","","","false","false","","","Free","true","[]","","undefined","false","","false","false","true","undefined","","","Not applicable","Not applicable","Monitor","","","true","false","false","02-08-2026 19:47:17","10-09-2026 03:22:50","system","6","","",""
"sn-export-dashboard-loader","sn_exp_dash_loader","Component used to load UXF dashboard widgets (used to export an UXF Dashboard)","0.0.4","true","false","","","","0.0.4","false","","","false","Store Application","com.sn_export_dashboard_loader","","false","false","false","03-02-2021 11:12:57","tectonic","","","","","","","false","sn_exp_dash_loader","","","","false","false","ES5 Standards Mode","","","Distribution","0.0.4","false","","","false","false","","","","true","","","","false","","false","false","false","","","","Not applicable","Not applicable","Monitor","","","true","false","false","","09-11-2023 18:50:36","system","447.886","","",""
"sn-http-request","sn_nxui_snhttpreq","ServiceNow Javascript HTTP Client","28.0.4","true","false","","","","28.0.4","false","","","false","Store Application","com.sn_http_request","","false","false","false","10-11-2025 17:25:28","tectonic","","","","","","","false","sn_nxui_snhttpreq","","","","false","false","ECMAScript 2021 (ES12)","","","Distribution","28.0.4","false","","","false","false","","","","true","","","","false","","false","false","false","","","","Not applicable","Not applicable","Monitor","","","true","false","false","","22-02-2026 21:59:48","system","489.674","","",""
"sn-indicator-management","sn_indicator_mgmt","Component to manage the available indicators on the instance by the Admin personas","28.2.4","true","false","","","","28.2.4","false","","","false","Store Application","com.sn_indicator_management","","false","false","false","06-11-2025 17:41:56","tectonic","","","","","","","false","sn_indicator_mgmt","","","","false","false","ECMAScript 2021 (ES12)","","","Distribution","28.2.4","false","","","false","false","","","","true","","","","false","","false","false","false","","","","Not applicable","Not applicable","Monitor","","","true","false","false","","06-11-2025 18:16:05","system","5","","",""
"sn-integrationhub-designer","sn_ihub_designer","App to allow users to create and manage integrations","27.0.7","true","false","","","","27.0.7","false","","","false","Store Application","com.sn_integrationhub_designer","","false","false","false","09-10-2024 15:35:24","tectonic","","","","","","","false","sn_ihub_designer","","","","false","false","ECMAScript 2021 (ES12)","","","Distribution","27.0.7","false","","","false","false","","","","true","","","","false","","false","false","false","","","","Not applicable","Not applicable","Monitor","","","true","false","false","","06-11-2025 18:15:16","PKE","480.144","","",""
"sn-kpi-details","sn_kpi_details_con","Seismic component for KPI details score","28.1.3","true","false","","","","28.1.3","false","","","false","Store Application","com.sn_kpi_details","","false","false","false","12-06-2026 06:21:05","tectonic","","","","","","","false","sn_kpi_details_con","","","","false","false","ECMAScript 2021 (ES12)","","","Distribution","28.1.3","false","","","false","false","","","","true","","","","false","","false","false","false","","","","Not applicable","Not applicable","Monitor","","","true","false","false","","03-08-2026 18:08:26","system","494.797","","",""
"sn-kpi-details","sn_kpi_details","Seismic component for KPI details score","18.6.4","true","false","","","","18.6.4","false","","","false","Store Application","com.sn_kpi_details","","false","false","false","15-06-2020 06:43:19","tectonic","","","","","","","false","sn_kpi_details","","","","false","false","ES5 Standards Mode","","","Distribution","18.6.4","false","","","false","false","","","","true","","","","false","","false","false","false","","","","Not applicable","Not applicable","Monitor","","","true","false","false","","03-11-2021 20:18:11","ADMPKE","442.287","","",""
"sn-kpi-signals","sn_kpi_signals","Seismic Component for KPI Signals (previously known as Predictive Outcomes)","28.0.0","true","false","","","","28.0.0","false","","","false","Store Application","com.sn_kpi_signals","","false","false","false","07-04-2025 06:23:25","tectonic","","","","","","","false","sn_kpi_signals","","","","false","false","ECMAScript 2021 (ES12)","","","Distribution","28.0.0","false","","","false","false","","","","true","","","","false","","false","false","false","","","","Not applicable","Not applicable","Monitor","","","true","false","false","","06-11-2025 18:15:18","PKE","484.453","","",""
"sn-lp-editor","sn_lp_editor","Landing Page Editor is a version of UI Builder for legacy workspace Landing Pages","27.0.0","true","false","","","","27.0.0","false","","","false","Store Application","com.sn_lp_editor","","false","false","false","09-01-2023 12:48:44","tectonic","","","","","","","false","sn_lp_editor","","","","false","false","ECMAScript 2021 (ES12)","","","Distribution","27.0.0","false","","","false","false","","","","true","","","","false","","false","false","false","","","","Not applicable","Not applicable","Monitor","","","true","false","false","","06-11-2025 18:15:17","PKE","464.808","","",""
"sn-multipivot","sn_multipivot","Seismic component for multipivot","28.3.0","true","false","","","","28.3.0","false","","","false","Store Application","com.sn_multipivot","","false","false","false","27-08-2024 08:24:46","tectonic","","","No demo data","","","","true","sn_multipivot","","09-11-2023 18:03:31","","true","true","ECMAScript 2021 (ES12)","","","Out of Band","28.5.6","true","","","false","false","","","","true","[]","","","false","","false","false","true","","","","Not applicable","Not applicable","Monitor","","","true","false","true","15-03-2026 17:02:42","11-09-2026 19:50:56","system","479.118","","",""
"sn-next-best-action-list","sn_nba_list","Seismic component to show the list of Recommended Actions applicable to the current context","35.0.3","true","false","[]","","","35.0.3","false","","","false","Store Application","com.sn_next_best_action_list","Xanadu;Yokohama;Zurich;","false","false","false","05-08-2025 01:06:49","tectonic","0","","No demo data","","","","true","sn_nba_list","","07-11-2024 18:32:01","","true","true","ECMAScript 2021 (ES12)","","[]","Out of Band","39.0.0","true","","","false","false","","","Paid","true","[]","","undefined","false","","false","false","true","undefined","","","Not applicable","Not applicable","Monitor","","","true","false","true","06-11-2025 19:05:01","04-07-2026 05:33:18","system","487.338","","",""
"sn-nlq-analytics","sn_nlq_analytics","Seismic Component for Analytics Center","28.0.1","true","false","[]","","","28.0.1","false","","","false","Store Application","com.sn_nlq_analytics","Zurich;","false","false","false","02-05-2025 07:16:47","tectonic","0","","No demo data","","","","true","sn_nlq_analytics","","09-11-2023 18:12:54","","true","true","ECMAScript 2021 (ES12)","","[]","Out of Band","28.0.1","true","","","false","false","","","Free","true","[{""productFamily"":""Now Platform"",""productList"":[{""productId"":""41babb661bbb9110e7e20d43604bcb8e"",""productName"":""Platform Analytics"",""product_family"":""Now Platform""}]}]","","undefined","false","","false","false","true","undefined","","","Not applicable","Not applicable","Monitor","","","true","false","false","06-11-2025 17:56:24","16-12-2025 09:54:11","ADMMUF","485.056","","",""
"sn-nlq-query-input","sn_nlq_query_input","Seismic NLQ Query Input","28.0.3","true","false","[]","","","28.0.3","false","","","false","Store Application","com.sn_nlq_query_input","Zurich;","false","false","false","02-05-2025 07:17:08","tectonic","0","","No demo data","","","","true","sn_nlq_query_input","","09-11-2023 17:59:17","","true","true","ECMAScript 2021 (ES12)","","[]","Out of Band","28.0.3","true","","","false","false","","","Free","true","[{""productFamily"":""Now Platform"",""productList"":[{""productId"":""41babb661bbb9110e7e20d43604bcb8e"",""productName"":""Platform Analytics"",""product_family"":""Now Platform""}]}]","","undefined","false","","false","false","true","undefined","","","Not applicable","Not applicable","Monitor","","","true","false","false","06-11-2025 17:56:17","16-12-2025 09:54:06","ADMMUF","485.056","","",""
"sn-pa-target-form","sn_pa_target_form","PA Targets for Workspaces - Target Form","27.0.1","true","false","","","","27.0.1","false","","","false","Store Application","com.sn_pa_target_form","","false","false","false","01-10-2024 05:30:08","tectonic","","","","","","","false","sn_pa_target_form","","","","false","false","ECMAScript 2021 (ES12)","","","Distribution","27.0.1","false","","","false","false","","","","true","","","","false","","false","false","false","","","","Not applicable","Not applicable","Monitor","","","true","false","false","","06-11-2025 18:15:16","PKE","479.940","","",""
"sn-pa-target-form-connected","sn_patargetformcon","PA Targets for Workspaces - Target Form Connected","27.0.1","true","false","","","","27.0.1","false","","","false","Store Application","com.sn_pa_target_form_connected","","false","false","false","01-10-2024 05:35:43","tectonic","","","","","","","false","sn_patargetformcon","","","","false","false","ECMAScript 2021 (ES12)","","","Distribution","27.0.1","false","","","false","false","","","","true","","","","false","","false","false","false","","","","Not applicable","Not applicable","Monitor","","","true","false","false","","06-11-2025 18:15:16","PKE","479.940","","",""
"sn-pa-target-list","sn_pa_target_list","PA Targets for Workspaces - Target List","28.0.0","true","false","","","","28.0.0","false","","","false","Store Application","com.sn_pa_target_list","","false","false","false","02-05-2025 08:06:04","tectonic","","","","","","","false","sn_pa_target_list","","","","false","false","ECMAScript 2021 (ES12)","","","Distribution","28.0.0","false","","","false","false","","","","true","","","","false","","false","false","false","","","","Not applicable","Not applicable","Monitor","","","true","false","false","","06-11-2025 18:15:18","PKE","485.055","","",""
"sn-pa-target-list-connected","sn_patargetlistcon","PA Targets for Workspaces - Target List Connected","28.0.0","true","false","","","","28.0.0","false","","","false","Store Application","com.sn_pa_target_list_connected","","false","false","false","02-05-2025 08:03:42","tectonic","","","","","","","false","sn_patargetlistcon","","","","false","false","ECMAScript 2021 (ES12)","","","Distribution","28.0.0","false","","","false","false","","","","true","","","","false","","false","false","false","","","","Not applicable","Not applicable","Monitor","","","true","false","false","","06-11-2025 18:15:17","PKE","485.055","","",""
"sn-par-analytics-list","sn_analytics_list","Seismic component for Analytics List","28.3.0","true","false","","","","28.3.0","false","","","false","Store Application","com.sn_par_analytics_list","","false","false","false","06-11-2025 17:13:27","tectonic","","","No demo data","","","","true","sn_analytics_list","","06-11-2025 17:56:10","","true","true","ECMAScript 2021 (ES12)","","","Out of Band","28.5.6","true","","","false","false","","","","true","[]","","","false","","false","false","true","","","","Not applicable","Not applicable","Monitor","","","true","false","true","15-03-2026 17:02:40","11-09-2026 19:50:54","system","19","","",""
"sn-par-filter","sn_par_filter","Filter component","28.0.13","true","false","","","","28.0.13","false","","","false","Store Application","com.sn_par_filter","","false","false","false","14-07-2026 10:07:50","tectonic","","","","","","","false","sn_par_filter","","","","false","false","ECMAScript 2021 (ES12)","","","Distribution","28.0.13","false","","","false","false","","","","true","","","","false","","false","false","false","","","","Not applicable","Not applicable","None","","","true","false","false","","06-09-2026 21:08:48","system","495.569","","",""
"sn-par-filter-cascading-config","sn_parfltr_casc","Component for configuring cascading-filter for Filter component","28.0.13","true","false","","","","28.0.13","false","","","false","Store Application","com.sn_par_filter_cascading_config","","false","false","false","14-07-2026 10:07:11","tectonic","","","","","","","false","sn_parfltr_casc","","","","false","false","ECMAScript 2021 (ES12)","","","Distribution","28.0.13","false","","","false","false","","","","true","","","","false","","false","false","false","","","","Not applicable","Not applicable","None","","","true","false","false","","06-09-2026 21:08:49","system","495.569","","",""
"sn-par-filter-common-components","sn_parfltr_common","Common components for filter","28.0.13","true","false","","","","28.0.13","false","","","false","Store Application","com.sn_par_filter_common_components","","false","false","false","14-07-2026 10:07:26","tectonic","","","","","","","false","sn_parfltr_common","","","","false","false","ECMAScript 2021 (ES12)","","","Distribution","28.0.13","false","","","false","false","","","","true","","","","false","","false","false","false","","","","Not applicable","Not applicable","None","","","true","false","false","","06-09-2026 21:08:45","system","495.569","","",""
"sn-par-filter-config-datasource","sn_parfltr_cnf_ds","Component for configuring datasource for Filter component","28.0.13","true","false","","","","28.0.13","false","","","false","Store Application","com.sn_par_filter_config_datasource","","false","false","false","14-07-2026 10:07:45","tectonic","","","","","","","false","sn_parfltr_cnf_ds","","","","false","false","ECMAScript 2021 (ES12)","","","Distribution","28.0.13","false","","","false","false","","","","true","","","","false","","false","false","false","","","","Not applicable","Not applicable","None","","","true","false","false","","06-09-2026 21:08:48","system","495.569","","",""
"sn-par-filter-config-default","sn_parfltrcnf_def","Filter default options","28.0.13","true","false","","","","28.0.13","false","","","false","Store Application","com.sn_par_filter_config_default","","false","false","false","14-07-2026 10:06:39","tectonic","","","","","","","false","sn_parfltrcnf_def","","","","false","false","ECMAScript 2021 (ES12)","","","Distribution","28.0.13","false","","","false","false","","","","true","","","","false","","false","false","false","","","","Not applicable","Not applicable","None","","","true","false","false","","06-09-2026 21:08:49","system","495.569","","",""
"sn-par-filter-config-panel","sn_par_filter_conf","UIB config panel for Filter component","24.1.4","true","false","","","","24.1.4","false","","","false","Store Application","com.sn_par_filter_config_panel","","false","false","false","10-01-2024 03:55:29","tectonic","","","","","","","false","sn_par_filter_conf","","","","false","false","ECMAScript 2021 (ES12)","","","Distribution","24.1.4","false","","","false","false","","","","true","","","","false","","false","false","false","","","","Not applicable","Not applicable","Monitor","","","true","false","false","","26-02-2024 05:05:50","system","473.580","","",""
"sn-par-forecast-config","sn_forecast_config","Component used to manage Forecast Configuration on visualization","28.3.0","true","false","","","","28.3.0","false","","","false","Store Application","com.sn_par_forecast_config","","false","false","false","27-08-2024 08:22:46","tectonic","","","No demo data","","","","false","sn_forecast_config","","07-11-2024 18:40:53","","false","true","ECMAScript 2021 (ES12)","","","Out of Band","28.5.6","true","","","false","false","","","","true","[]","","","false","","false","false","true","","","","Not applicable","Not applicable","Monitor","","","true","false","true","15-03-2026 17:02:42","11-09-2026 19:50:58","system","479.121","","",""
"sn-par-multipivot-extension","sn_par_multipivot","Multilevel Pivot for Visualization Extension","28.3.0","true","false","","","","28.3.0","false","","","false","Store Application","com.sn_par_multipivot_extension","","false","false","false","27-08-2024 08:28:15","tectonic","","","No demo data","","","","true","sn_par_multipivot","","09-11-2023 18:03:20","","true","true","ECMAScript 2021 (ES12)","","","Out of Band","28.5.6","true","","","false","false","","","","true","[]","","","false","","false","false","true","","","","Not applicable","Not applicable","Monitor","","","true","false","true","15-03-2026 17:02:39","10-09-2026 22:58:03","system","479.118","","",""
"sn-pd-picker","sn-pd-picker","Picker component for Playground Designer and Flow Designer","28.0.2","true","false","","","","28.0.2","false","","","false","Store Application","com.sn_pd_picker","","false","false","false","27-06-2024 15:17:46","tectonic","","","","","","","false","sn-pd-picker","","","","false","false","ECMAScript 2021 (ES12)","","","Distribution","28.0.2","false","","","false","false","","","","true","","","","false","","false","false","false","","","","Not applicable","Not applicable","Monitor","","","true","false","false","","06-11-2025 18:15:18","PKE","477.648","","",""
"sn-pill-field","sn_pill_field","Pill Field component to display static entry or pill","24.0.0","true","false","","","","24.0.0","false","","","false","Store Application","com.sn_pill_field","","false","false","false","25-01-2023 12:20:14","tectonic","","","","","","","false","sn_pill_field","","","","false","false","ES5 Standards Mode","","","Distribution","24.0.0","false","","","false","false","","","","true","","","","false","","false","false","false","","","","Not applicable","Not applicable","Monitor","","","true","false","false","","09-11-2023 19:00:09","PKE","465.192","","",""
"sn-platform-email-client","sn_platform_email","Supports display of platform email editor on a separate tab in agent workspace","20.0.1","true","false","","","","20.0.1","false","","","false","Store Application","com.sn_platform_email_client","","false","false","false","09-04-2021 02:07:44","tectonic","","","","","","","false","sn_platform_email","","","","false","false","ES5 Standards Mode","","","Distribution","20.0.1","false","","","false","false","","","","true","","","","false","","false","false","false","","","","Not applicable","Not applicable","Monitor","","","true","false","false","","03-11-2021 20:18:10","ADMPKE","449.433","","",""
"sn-scorecard-list","sn_scorecard_list","Seismic Component for Scorecard List","28.3.0","true","false","","","","28.3.0","false","","","false","Store Application","com.sn_scorecard_list","","false","false","false","27-08-2024 08:28:23","tectonic","","","No demo data","","","","true","sn_scorecard_list","","09-11-2023 18:03:27","","true","true","ECMAScript 2021 (ES12)","","","Out of Band","28.5.6","true","","","false","false","","","","true","[]","","","false","","false","false","true","","","","Not applicable","Not applicable","Monitor","","","true","false","true","15-03-2026 17:02:41","11-09-2026 19:50:55","system","479.118","","",""
"sn-search-input-wrapper","sn_search_input_co","Seismic wrapper component to render Zing or AI Search based search input","28.9.4","true","false","[{""id"":""standard_terms_unsigned"",""order"":11,""message"":""Store Terms Not Accepted"",""tooltip"":""Store Terms and Conditions must be reviewed and accepted. "",""link"":""Please visit the Store to complete.|https://store.servicenow.com/nav_to.do?uri=/app/0c8ea3aa1b646a50a85b16db234bcb2b"",""type"":""error"",""show_as_filter"":true},{""message"":""Sync Required"",""tooltip"":""Click on 'Sync now' on App Manager's page and refresh this page to see the latest status."",""type"":""warning"",""link"":""Go to App Manager Homepage|/now/app-manager""}]","","","28.9.4","false","","","false","Store Application","com.sn_search_input_wrapper","Zurich;","false","false","false","10-09-2024 16:56:22","tectonic","0","","No demo data","","","","false","sn_search_input_co","","27-10-2022 18:34:47","","false","true","ECMAScript 2021 (ES12)","","[]","Out of Band","28.9.4","false","","","false","false","","","Free","true","[]","","undefined","false","","false","false","true","undefined","","","Not applicable","Not applicable","None","","","true","false","false","06-11-2025 17:56:19","06-09-2026 21:08:46","system","479.464","","",""
"sn-shell-parts","sn_shell_parts","Canvas chrome UI components package project","28.0.17","true","false","","","","28.0.17","false","","","false","Store Application","com.sn_shell_parts","","false","false","false","16-07-2024 16:10:06","tectonic","","","","","","","false","sn_shell_parts","","","","false","false","ECMAScript 2021 (ES12)","","","Distribution","28.0.17","false","","","false","false","","","","true","","","","false","","false","false","false","","","","Not applicable","Not applicable","Monitor","","","true","false","false","","06-11-2025 18:15:18","PKE","478.105","","",""
"sn-themes","sn_themes","Themes","28.12.0","true","false","","","","28.12.0","false","","","false","Store Application","com.sn_themes","","false","false","false","23-12-2024 10:49:40","tectonic","","","","","","","false","sn_themes","","","","false","false","ECMAScript 2021 (ES12)","","","Distribution","28.12.0","false","","","false","false","","","","true","","","","false","","false","false","false","","","","Not applicable","Not applicable","None","","","true","false","false","","06-09-2026 21:08:47","system","481.950","","",""
"sn-timer","sn_timer","Timer element that provides time duration for a phone call","1.0.0","true","false","[]","","","1.0.0","false","","","false","Store Application","com.sn_timer","Yokohama;Zurich;","false","false","false","13-01-2025 17:50:34","tectonic","0","","No demo data","","","","false","sn_timer","","06-11-2025 17:56:07","","false","true","ECMAScript 2021 (ES12)","","[]","Out of Band","1.0.0","true","","","false","false","","","Free","true","[]","","undefined","false","","false","false","true","undefined","","","Not applicable","Not applicable","Monitor","","","true","false","false","06-11-2025 17:56:07","16-12-2025 09:54:10","ADMMUF","482.454","","",""
"sn-tools-and-admin-theme","sn_tls_admin_theme","Sn Tools And Admin Theme","0.3.5","true","false","","","","0.3.5","false","","","false","Store Application","com.sn_tools_and_admin_theme","","false","false","false","10-07-2026 17:05:52","tectonic","","","","","","","false","sn_tls_admin_theme","","","","false","false","ECMAScript 2021 (ES12)","","","Distribution","0.3.5","false","","","false","false","","","","true","","","","false","","false","false","false","","","","Not applicable","Not applicable","None","","","true","false","false","","06-09-2026 21:08:48","system","495.480","","",""
"sn-trigger-ui-components","sn_trigger_ui_comp","Sn Trigger Ui Components","28.0.1","true","false","","","","28.0.1","false","","","false","Store Application","com.sn_trigger_ui_components","","false","false","false","06-11-2025 17:41:19","tectonic","","","","","","","true","sn_trigger_ui_comp","","","","true","false","ECMAScript 2021 (ES12)","","","Distribution","28.0.1","false","","","false","false","","","","true","","","","false","","false","false","false","","","","Not applicable","Not applicable","Monitor","","","true","false","false","","06-11-2025 18:16:05","system","5","","ServiceNow","sn"
"sn-truncate-text","sn_truncate_text","Truncates long texts with Show More buttons","22.0.0","true","false","","","","22.0.0","false","","","false","Store Application","com.sn_truncate_text","","false","false","false","05-01-2022 10:20:55","tectonic","","","","","","","false","sn_truncate_text","","","","false","false","ES5 Standards Mode","","","Distribution","22.0.0","false","","","false","false","","","","true","","","","false","","false","false","false","","","","Not applicable","Not applicable","Monitor","","","true","false","false","","09-11-2023 18:50:37","system","455.949","","",""
"sn-ui-builder-components","sn_ui_builder_comp","Components used to build UI Builder","20.2.2","true","false","","","","20.2.2","false","","","false","Store Application","com.sn_ui_builder_components","","false","false","false","26-10-2021 14:10:30","tectonic","","","","","","","false","sn_ui_builder_comp","","","","false","false","ES5 Standards Mode","","","Distribution","20.2.2","false","","","false","false","","","","true","","","","false","","false","false","false","","","","Not applicable","Not applicable","Monitor","","","true","false","false","","17-12-2021 17:59:29","system","454.244","","",""
"sn-ui-builder-icons","sn_ui_builder_icon","Custom icons used in UI Builder","24.0.0","true","false","","","","24.0.0","false","","","false","Store Application","com.sn_ui_builder_icons","","false","false","false","09-01-2023 12:45:04","tectonic","","","","","","","false","sn_ui_builder_icon","","","","false","false","ES5 Standards Mode","","","Distribution","24.0.0","false","","","false","false","","","","true","","","","false","","false","false","false","","","","Not applicable","Not applicable","Monitor","","","true","false","false","","09-11-2023 19:00:11","PKE","464.805","","",""
"sn-ui-builder-properties-pane","sn_ui_builder_pp","UXF Macroponent Property configuration pane","27.0.0","true","false","","","","27.0.0","false","","","false","Store Application","com.sn_ui_builder_properties_pane","","false","false","false","10-10-2024 14:14:18","tectonic","","","","","","","false","sn_ui_builder_pp","","","","false","false","ECMAScript 2021 (ES12)","","","Distribution","27.0.0","false","","","false","false","","","","true","","","","false","","false","false","false","","","","Not applicable","Not applicable","Monitor","","","true","false","false","","06-11-2025 18:15:19","PKE","480.165","","",""
"sn-ui-builder-templates","sn_ui_builder_temp","Standard page and container templates for UI Builder","25.0.4","true","false","[{""id"":""incompatible"",""order"":1,""message"":""Incompatible"",""tooltip"":""Your instance and app version are incompatible. Please make sure to select a compatible app version."",""type"":""error"",""show_as_filter"":true}]","","","25.0.4","false","","","false","Store Application","com.sn_ui_builder_templates","Washington DC;Xanadu;Yokohama;","false","false","false","15-12-2023 11:32:56","tectonic","0","","No demo data","","","","false","sn_ui_builder_temp","","07-11-2024 18:45:09","","false","true","ECMAScript 2021 (ES12)","","[]","Out of Band","25.0.4","true","","","false","false","","","Free","true","[]","","undefined","false","","false","false","true","undefined","","","Not applicable","Not applicable","Monitor","","","true","false","false","07-11-2024 18:45:09","05-06-2026 04:51:16","system","472.967","","",""
"sn-user-preferences","sn_user_preference","Seismic-Next Data Provider for User Preferences","25.0.1","true","false","","","","25.0.1","false","","","false","Store Application","com.sn_user_preferences","","false","false","false","11-07-2023 13:01:23","tectonic","","","","","","","false","sn_user_preference","","","","false","false","ES5 Standards Mode","","","Distribution","25.0.1","false","","","false","false","","","","true","","","","false","","false","false","false","","","","Not applicable","Not applicable","Monitor","","","true","false","false","","07-11-2024 19:29:02","ADMMUF","469.196","","",""
"sn-uxf-builder-middleware","sn_uxf_builder_mid","UXF Builder Middleware","20.2.3","true","false","","","","20.2.3","false","","","false","Store Application","com.sn_uxf_builder_middleware","","false","false","false","27-01-2022 16:29:45","tectonic","","","","","","","false","sn_uxf_builder_mid","","","","false","false","ES5 Standards Mode","","","Distribution","20.2.3","false","","","false","false","","","","true","","","","false","","false","false","false","","","","Not applicable","Not applicable","Monitor","","","true","false","false","","27-03-2022 19:59:20","system","456.480","","",""
"sn-uxf-formula-parser","sn_ux_formula_test","Seismic Component for ServiceNow","28.1.1","true","false","[]","","","28.1.1","false","","","false","Store Application","com.sn_uxf_formula_parser","Zurich;","false","false","false","04-04-2025 16:21:32","tectonic","0","","No demo data","","","","false","sn_ux_formula_test","","07-11-2024 18:22:35","","false","true","ECMAScript 2021 (ES12)","","[]","Out of Band","28.2.0","true","","","false","false","","","Free","true","[]","","undefined","false","","false","false","true","undefined","","","Not applicable","Not applicable","Monitor","","","true","false","true","06-11-2025 18:28:01","16-12-2025 09:54:36","ADMMUF","484.396","","",""
"sn-viz-designer","sn_viz_designer","Visualization Designer is a single page component for creating reusable visualizations","7.1.2","true","false","[]","","","7.1.2","false","","","false","Store Application","com.sn_viz_designer","Zurich;","false","false","false","19-08-2024 04:00:35","tectonic","0","","No demo data","","","","true","sn_viz_designer","","27-10-2022 18:45:23","","true","true","ECMAScript 2021 (ES12)","","[]","Out of Band","7.4.6","true","","","false","false","","","Free","true","[{""productFamily"":""Now Platform"",""productList"":[{""productId"":""41babb661bbb9110e7e20d43604bcb8e"",""productName"":""Platform Analytics"",""product_family"":""Now Platform""}]}]","","undefined","false","","false","false","true","undefined","","","Not applicable","Not applicable","Monitor","","","true","false","true","26-02-2026 15:32:16","11-09-2026 19:50:54","system","478.935","","",""
"sn-wdf-tokenization","sn_wdf_token","Empower Workflow Data Fabric products to transition from disparate measurement units into a unified, token-based licensing model that simplifies pricing, enhances operational transparency, and paves the way for advanced consumption analytics and future product capabilities.","2.0.2","true","false","[{""id"":""subprod_eval"",""order"":2,""message"":""Trial Available"",""tooltip"":""This application is available to try on hosted sub-prod instances. "",""link"":""Please contact sales to use in production.|https://store.servicenow.com/store/app/5dbe5ac21b87e654159bc845624bcb8f"",""type"":""info"",""show_as_filter"":true}]","","","2.0.2","false","","","false","Store Application","com.sn_wdf_tokenization","Brazil;Yokohama;Zurich;","false","false","false","10-03-2025 16:37:59","admin","0","","No demo data","sn_sub_man:5.1.0","","","false","sn_wdf_token","","22-02-2026 17:56:56","","false","true","","","[]","Out of Band","2.1.3","false","","","false","false","","","Paid","false","[]","","undefined","false","","false","false","false","undefined","","","","Not applicable","Monitor","","","true","false","true","22-02-2026 17:56:56","06-10-2026 04:51:23","admin","10","","ServiceNow","sn"
"SNC Code Editor","sn_code_editor","SNC Code Editor components","1.1.13","true","false","","","","1.1.13","false","","","false","Store Application","com.glide.snc_code_editor","","false","false","false","08-05-2023 15:54:29","maint","","","","","","","false","sn_code_editor","","","","false","false","ECMAScript 2021 (ES12)","","","Distribution","1.1.13","false","","","false","false","","","","false","","","","false","","false","false","false","","","","Not applicable","Not applicable","Monitor","","","true","false","false","","06-11-2025 18:15:16","PKE","2","","",""
"sn_atf_docker","sn_atf_docker","","1.0.0","true","false","","","","1.0.0","false","","","false","Store Application","com.glide.automated_testing_impl.headless_test_runner","","false","false","false","11-03-2021 01:37:33","admin","","","","","","","true","sn_atf_docker","","","","false","false","ES5 Standards Mode","","","Distribution","1.0.0","false","","","false","false","","","","false","","","","false","Tracking","false","false","false","","","","Not applicable","Not applicable","Monitor","","","true","true","false","","03-11-2021 20:18:14","ADMPKE","4","","",""
"Social Knowledge","sn_kb_social_qa","","28.0.1","true","false","","","","28.0.1","false","","","false","Store Application","com.sn_kb_social_qa","","false","false","false","13-03-2015 10:14:05","admin","","","","","","","true","sn_kb_social_qa","","","","false","false","Compatibility Mode","","","Distribution","28.0.1","false","","","false","false","","","","false","[]","","","false","","false","false","false","","","","Not applicable","Not applicable","Monitor","","","true","false","false","","15-03-2026 17:02:13","system","1","","ServiceNow","sn"
"Social Q&A UI artifacts","sn_kb_sqa_user_int","","1.0.0","true","false","","","","1.0.0","false","","","false","Store Application","com.snc.knowledge.social_qa.ui","","false","false","false","13-01-2020 19:40:04","admin","","","","","","","true","sn_kb_sqa_user_int","","","","false","false","Compatibility Mode","","","Distribution","1.0.0","false","","","false","false","","","","false","","","","false","Tracking","false","false","false","","","","Not applicable","Not applicable","Monitor","","","true","false","false","","07-11-2024 18:21:27","system","1","","",""
"Splunk Integration","x_splu2_splunk_ser","","1.1.8","true","false","[]","","","1.1.8","false","","","false","Store Application","","Utah;Vancouver;Washington DC;Xanadu;Yokohama;Zurich;","false","false","false","04-03-2015 20:19:49","admin","1","","No demo data","com.glide.system_import_set:sys, com.snc.incident:sys","","","false","x_splu2_splunk_ser","","14-05-2018 09:43:47","","false","true","Compatibility Mode","Bi-directional integration between Splunk and ServiceNowTrigger Splunk qualified alerts into ServiceNow as incidents or eventsCollect records from incident, problem, change, CMDB or any other ServiceNow table into Splunk for analysisUse Splunk agile reporting and advanced analytics to create insights into IT Service Management metrics","[]","Store","1.1.9","true","","","false","false","","","Free","false","[]","Add access role to splunk integration table","undefined","false","","false","false","false","undefined","","","","Not applicable","Monitor","","","true","false","true","06-11-2025 18:48:18","01-07-2026 23:48:23","system","83","","Splunk TPP",""
"SPM Common UI Component","sn_spm_com_ui_comp","Spm Common UI Components","2.0.0","true","false","[]","","","2.0.0","false","","","false","Store Application","com.devsnc_spm_common_ui_components","Xanadu;Yokohama;Zurich;","false","false","false","04-04-2024 23:03:14","tectonic","0","","No demo data","","","","true","sn_spm_com_ui_comp","","07-11-2024 18:34:01","","false","true","ECMAScript 2021 (ES12)","","[]","Out of Band","4.1.1","true","","","false","false","","","Free","true","[]","","undefined","false","","false","false","true","undefined","","","Not applicable","Not applicable","Monitor","","","true","false","true","06-11-2025 17:55:59","10-09-2026 22:57:47","system","475.646","","",""
"Spoke Generator","sn_spoke_builder","App to build Spokes","4.0.3","true","false","[{""id"":""incompatible"",""order"":1,""message"":""Incompatible"",""tooltip"":""Your instance and app version are incompatible. Please make sure to select a compatible app version."",""type"":""error"",""show_as_filter"":true}]","","","4.0.3","false","","","false","Store Application","com.sn_spoke_builder","Xanadu;Yokohama;","false","false","false","24-12-2024 04:58:35","tectonic","0","","No demo data","com.glide.ih.spoke_builder:sys, com.glide.hub.action_step.openapi:sys","","","false","sn_spoke_builder","","06-11-2025 17:57:51","","false","true","ECMAScript 2021 (ES12)","","[]","Out of Band","4.5.0","true","","","false","false","","","Paid","true","[]","","undefined","false","","false","false","true","undefined","","","Not applicable","Not applicable","Monitor","","","true","false","true","06-11-2025 17:57:51","06-09-2026 21:08:50","system","481.965","","",""
"Studio","sn_devstudio","","19.0.12","true","false","","","","19.0.12","false","","","false","Store Application","com.glide.dev-studio","","false","false","false","05-01-2015 22:26:32","admin","","","","","","","true","sn_devstudio","","","","false","false","ES5 Standards Mode","","","Distribution","19.0.12","false","","","false","false","","","","true","[]","","","false","","false","false","false","","","","Not applicable","Not applicable","Monitor","","","true","false","false","","03-08-2026 18:08:25","system","3","","ServiceNow","sn"
"Subscription Management v2","sn_sub_man","","6.4.3","true","false","[]","","","6.4.3","false","","","true","Store Application","com.glide.subscription_management","Australia;Zurich;","false","true","false","26-09-2022 19:01:22","admin","0","","No demo data","sn_entitlement:6.4.3","","","false","sn_sub_man","","07-11-2024 18:38:20","","false","true","ECMAScript 2021 (ES12)","","[]","Out of Band","6.5.0","false","","","false","false","","","Free","true","[]","","undefined","false","","false","false","false","undefined","","","Not applicable","Not applicable","Monitor","","","true","false","true","02-08-2026 19:47:32","10-09-2026 22:57:53","system","10","","ServiceNow","sn"
"Success Dashboard Core","sn_sd","Core framework required for the success dashboard.","8.1.0","true","false","[{""id"":""incompatible"",""order"":1,""message"":""Incompatible"",""tooltip"":""Your instance and app version are incompatible. Please make sure to select a compatible app version."",""type"":""error"",""show_as_filter"":true}]","","","8.1.0","false","","","true","Store Application","com.snc.success_dashboard_core","Xanadu;Yokohama;","false","true","false","15-06-2021 12:41:07","admin","0","","No demo data","","","","false","sn_sd","","07-11-2024 18:33:35","","false","true","ES5 Standards Mode","","[]","Out of Band","9.1.5","false","","","false","false","","","Free","false","[]","","undefined","false","","false","false","false","undefined","","","Not applicable","Not applicable","Monitor","","","true","false","true","06-11-2025 17:56:01","11-09-2026 19:50:53","system","7","","ServiceNow","sn"
"Success Indicators","sn_app_ml_insights","","21.0.3","true","false","","","","21.0.3","false","","","false","Store Application","com.snc.app.ml.insights","","false","false","false","18-08-2020 02:00:00","admin","","","","","","","true","sn_app_ml_insights","","","","false","false","","","","Distribution","21.0.3","true","","","false","false","","","","false","","","","false","","false","false","false","","","","General","Not applicable","Monitor","","","true","false","false","","26-05-2024 21:47:33","system","4","","ServiceNow","sn"
"Surveys for mobile","sn_me_survey","","1.0.0","true","false","","","","1.0.0","false","","","false","Store Application","com.glide.mobile-employee.survey","","false","false","false","05-02-2019 06:07:09","admin","","","","","","","false","sn_me_survey","","","","false","false","ES5 Standards Mode","","","Distribution","1.0.0","false","","","false","false","","","","false","[]","","","false","","false","false","false","","","","Not applicable","Not applicable","Monitor","","","true","false","false","","07-11-2024 18:19:52","system","2","","",""
"Surveys for mobile","sn_msc","Generic Mobile Survey Component to use surveys on mobiles natively","1.0.2","true","false","[]","","","1.0.2","false","","","false","Store Application","com.sn_msc","Quebec;Rome;San Diego;Tokyo;Utah;Vancouver;Washington DC;Xanadu;Yokohama;Zurich;","false","false","false","08-03-2021 11:51:07","admin","0","","No demo data","com.glide.sg.scriptedscreen:sys","","","true","sn_msc","","03-11-2021 19:33:38","","true","true","ES5 Standards Mode","","[]","Out of Band","1.0.3","false","","","false","false","","","Free","false","[]","","undefined","false","","false","false","false","undefined","","","Not applicable","Not applicable","Monitor","","","true","false","true","27-10-2022 18:27:39","13-03-2026 03:04:28","system","4","","ServiceNow","sn"
"System Events and Jobs Dashboard","sn_async_dashboard","","3.0.7","true","false","[]","","","3.0.7","false","","","false","Store Application","com.sn_async_dashboard","Yokohama;Zurich;","false","false","true","29-03-2023 08:39:06","admin","0","","No demo data","com.glide.stats.event_process_monitoring:sys","","","false","sn_async_dashboard","","09-11-2023 18:12:35","","false","true","ES5 Standards Mode","","[]","Out of Band","3.0.7","true","","","false","false","","","Free","false","[]","","undefined","false","","false","false","false","undefined","","","Not applicable","Producer","Monitor","","","true","false","false","22-02-2026 17:56:37","22-02-2026 22:00:11","system","5","","",""
"Table Builder","sn_table_builder","Low code interface for building ServiceNow tables","28.2.1","true","false","[]","","","28.2.1","false","App Engine Studio","","false","Store Application","","Zurich;","false","true","false","25-03-2024 03:56:26","tectonic","0","","No demo data","sn_formula_editor:28.2.1, sn_prfrd_tables:28.2.1, sn_udc:28.2.1, com.glide.form_builder_api:sys","","","false","sn_table_builder","","07-11-2024 18:29:24","","false","true","ECMAScript 2021 (ES12)","","[]","Store","28.2.1","true","","","false","false","","","Free","true","[{""productFamily"":""App Engine"",""productList"":[{""productId"":""3b3a9dff1ba4961055a02063604bcb31"",""productName"":""ServiceNow Studio"",""product_family"":""App Engine""},{""productId"":""106524c7db226c50122156a8dc961924"",""productName"":""App Engine Studio"",""product_family"":""App Engine""}]}]","","undefined","false","","false","false","true","undefined","","","Not applicable","Not applicable","Monitor","","","true","false","false","03-02-2026 13:24:08","01-09-2026 21:11:14","system","475.407","","",""
"Targeted Communications","sn_publications","","28.0.15","true","false","","","","28.0.15","false","","","false","Store Application","com.sn_publications","","false","false","false","10-11-2015 05:11:08","admin","","","","","","","false","sn_publications","","","","false","false","","","","Distribution","28.0.15","false","","","false","false","","","","false","[]","","","false","","false","false","false","","","","Not applicable","Not applicable","None","","","true","false","false","","06-09-2026 21:08:49","system","2","","ServiceNow","sn"
"Task Communications Management","sn_comm_management","","1.0.0","true","false","","","","1.0.0","false","","","false","Store Application","com.snc.task_communication_management","","false","false","false","20-01-2018 21:56:12","admin","","","","","","","true","sn_comm_management","","","","false","false","ES5 Standards Mode","","","Distribution","1.0.0","false","","","false","false","","","","false","[]","","","false","","false","false","false","","","","Not applicable","Not applicable","Monitor","","","true","false","false","","06-09-2026 20:50:29","system","5","","ServiceNow","sn"
"Task Communications Management UI Components for Configurable Workspaces","sn_uib_tcm","Task Communications Management UI Components for Configurable Workspaces","8.0.1","true","false","[]","","","8.0.1","false","","","false","Store Application","com.snc.uib.tcm_ui_components","Zurich;","false","true","false","23-07-2025 05:36:41","tectonic","0","","Has demo data","","","","false","sn_uib_tcm","","07-11-2024 18:32:34","","false","true","ECMAScript 2021 (ES12)","","[]","Store","8.6.0","false","","","false","false","","","Free","false","[{""productFamily"":""IT Service Management"",""productList"":[{""productId"":""1c004b911bc60dd029bd1f03b24bcbfe"",""productName"":""Service Operations Workspace"",""product_family"":""IT Service Management""}]}]","","undefined","false","","false","false","true","undefined","","","Not applicable","Not applicable","Monitor","","","true","false","true","06-11-2025 19:16:32","03-05-2026 22:35:06","system","487.026","","ServiceNow","sn"
"Tasks for mobile","sn_me_todos","This plugin contains the configuration records to create my todos view that is used in ServiceNow NowMobile App. Only approval todos are part of this plugin. Do not activate this plugin directly. Activating com.glide.mobile-employee will activate this plugin for you.","27.1.0","true","false","[]","","","27.1.0","false","","","false","Store Application","com.glide.mobile-employee.mytodos","Australia;Xanadu;Yokohama;Zurich;","false","false","false","04-02-2019 08:55:47","admin","0","","No demo data","","","","false","sn_me_todos","","03-11-2021 19:33:04","","false","true","ES5 Standards Mode","","[]","Out of Band","27.1.0","false","","","false","false","","","Free","false","[]","","undefined","false","","false","false","false","undefined","","","Not applicable","Not applicable","Monitor","","","true","false","false","07-11-2024 21:09:34","04-03-2026 20:53:34","system","10","","ServiceNow","sn"
"Team Contacts App Template","sn_team_contacts_0","","28.2.1","true","false","[]","","","28.2.1","false","App Engine Studio","","true","Store Application","com.snc.team-contacts-app-template","Zurich;","false","false","false","15-01-2021 22:18:01","maint","0","","No demo data","sn_app_eng_studio:28.2.1, com.snc.app_shell_portal:sys, com.snc.apps_templates:sys, com.glide.ux.starter.experience:sys","","","false","sn_team_contacts_0","","03-02-2026 13:36:09","","false","true","ES5 Standards Mode","","[]","Store","28.2.1","true","","","false","false","","","Free","false","[{""productFamily"":""App Engine"",""productList"":[{""productId"":""106524c7db226c50122156a8dc961924"",""productName"":""App Engine Studio"",""product_family"":""App Engine""}]}]","","undefined","false","","false","false","false","undefined","","","Not applicable","Not applicable","Monitor","","","true","false","false","03-02-2026 13:36:09","03-02-2026 13:46:25","system","4","","ServiceNow",""
"Templated Snippets","sn_templated_snip","","17.0.0","true","true","","","","17.0.0","false","","","false","Store Application","com.sn_templated_snip","","false","false","false","19-06-2017 23:13:59","admin","","","","","","","false","sn_templated_snip","","","","false","false","ES5 Standards Mode","","","Distribution","17.0.0","false","","","false","false","","","","false","[]","","","false","","false","false","false","","","","Not applicable","Not applicable","Monitor","","","true","false","false","","19-06-2017 23:13:59","admin","0","","ServiceNow","sn"
"Test Management","sn_test_management","","1.0.0","true","false","","","","1.0.0","false","","","false","Store Application","com.snc.test_management.2.0","","false","false","false","18-10-2017 23:02:29","admin","","","","","","","false","sn_test_management","","","","false","false","ES5 Standards Mode","","","Distribution","1.0.0","true","","","false","false","","","","false","","","","false","","false","false","false","","","","General","Producer","Monitor","","","true","false","false","","06-09-2026 20:50:34","system","4","","",""
"Test Management 2.0 ATF","sn_test_mgmt_atf","","1.0.0","true","false","","","","1.0.0","false","","","false","Store Application","com.snc.test_management.2.0.atf","","false","false","false","19-09-2018 23:38:31","admin","","","","","","","false","sn_test_mgmt_atf","","","","false","false","ES5 Standards Mode","","","Distribution","1.0.0","false","","","false","false","","","","false","","","","false","","false","false","false","","","","Not applicable","Not applicable","Monitor","","","true","false","false","","09-11-2023 18:50:37","system","5","","",""
"Theme Builder","sn_theme_builder","Theme Builder","6.0.3","true","false","[]","","","6.0.3","false","","","true","Store Application","com.devsnc_sn_theme_builder","Zurich;","false","false","false","27-09-2024 08:41:49","tectonic","0","","No demo data","","","","false","sn_theme_builder","","16-01-2025 16:31:31","","false","true","ECMAScript 2021 (ES12)","","[]","Store","7.0.1","true","","","false","false","","","Free","true","[]","","undefined","false","","false","false","true","undefined","","","Not applicable","Not applicable","Monitor","","","true","false","true","06-11-2025 18:46:34","13-03-2026 03:04:36","system","479.865","","ServiceNow","sn"
"Time Off Request App Template","sn_time_off_t_0","","28.2.1","true","false","[]","","","28.2.1","false","App Engine Studio","","true","Store Application","com.snc.time-off-request-app-template","Zurich;","false","false","false","27-01-2021 22:32:52","maint","0","","No demo data","sn_app_eng_studio:28.2.1, com.snc.app_shell_aw:sys, com.snc.app_shell_portal:sys, com.snc.uib.base_agent_workspace:sys, com.snc.apps_templates:sys, com.glide.ux.starter.experience:sys","","","false","sn_time_off_t_0","","03-02-2026 13:35:33","","false","true","ES5 Standards Mode","","[]","Store","28.2.1","true","","","false","false","","","Free","false","[{""productFamily"":""App Engine"",""productList"":[{""productId"":""106524c7db226c50122156a8dc961924"",""productName"":""App Engine Studio"",""product_family"":""App Engine""}]}]","","undefined","false","","false","false","false","undefined","","","Not applicable","Not applicable","Monitor","","","true","false","false","03-02-2026 13:35:33","03-02-2026 13:47:21","system","4","","ServiceNow",""
"Timeline component","sn_ui_timeline","Seismic timeline component","27.0.4","true","false","[]","","","27.0.4","false","","","false","Store Application","com.sn_component_timeline","Yokohama;Zurich;","false","false","false","25-04-2024 12:53:34","tectonic","0","","No demo data","","","","false","sn_ui_timeline","","27-10-2022 18:46:59","","false","true","ECMAScript 2021 (ES12)","","[]","Out of Band","28.0.1","true","","","false","false","","","Free","true","[]","","undefined","false","","false","false","true","undefined","","","Not applicable","Not applicable","Monitor","","","true","false","true","06-11-2025 17:56:02","16-12-2025 09:54:42","ADMMUF","476.135","","",""
"Triggers","sn_triggers","Sn Triggers","28.1.4","true","false","[]","","","28.1.4","false","","","false","Store Application","com.sn_triggers","Zurich;","false","true","false","06-11-2025 17:13:02","tectonic","0","","No demo data","","","","true","sn_triggers","","06-11-2025 17:57:46","","true","true","ECMAScript 2021 (ES12)","","[]","Out of Band","28.1.4","true","","","false","false","","","Free","true","[]","","undefined","false","","false","false","true","undefined","","","Not applicable","Not applicable","Monitor","","","true","false","false","07-06-2026 16:48:50","09-06-2026 02:03:09","system","13","","ServiceNow","sn"
"UI Builder","sn_ui_builder","UI Builder is an enjoyable, easy to use builder for creating UIs at ServiceNow","28.1.57","true","false","[]","","","28.1.57","false","","","false","Store Application","com.sn_ui_builder","Zurich;","false","false","false","21-10-2024 11:47:38","tectonic","0","","No demo data","sn_builder_core:28.1.49, sn_cntrl_builder:28.1.13, sn_preset_builder:28.1.8, sn_uibtk_api:28.1.62, sn_uibtk_supp_rec:28.1.62, sn_uibtk_caching:28.1.62, sn_uibtk_commons:28.1.62, sn_uibtk_mcp:28.1.62, sn_uibtk_screen:28.1.62, sn_uibtk_uxv_resol:28.1.62, sn_uibtk_ux_value:28.1.62, sn_uibtk_action_li:28.1.62, sn_uibtk_builder:28.1.62, sn_uibtk_cl_st_cfg:28.1.62, sn_uibtk_condirend:28.1.62, sn_uibtk_content_t:28.1.62, sn_uibtk_create_pa:28.1.62, sn_uibtk_data_navi:28.1.62, sn_uibtk_domain_pi:28.1.62, sn_uibtk_draggable:28.1.62, sn_uibtk_drag_list:28.1.62, sn_uibtk_edtr_hdr:28.1.62, sn_uibtk_element_c:28.1.62, sn_uibtk_elem_nav:28.1.62, sn_uibtk_events_pa:28.1.62, sn_uibtk_ext_pp:28.1.62, sn_uibtk_features_:28.1.62, sn_uibtk_frmla_bld:28.1.62, sn_uibtk_icon:28.1.62, sn_uibtk_instance_:28.1.62, sn_uibtk_is_hidden:28.1.62, sn_uibtk_json_nav:28.1.62, sn_uibtk_loader:28.1.62, sn_uibtk_menu_elmt:28.1.62, sn_uibtk_modal:28.1.62, sn_uibtk_param_row:28.1.62, sn_uibtk_plchldr:28.1.62, sn_uibtk_preset_pn:28.1.62, sn_uibtk_props_pan:28.1.62, sn_uibtk_replace_c:28.1.62, sn_uibtk_scope_pic:28.1.62, sn_uibtk_scriptcfg:28.1.62, sn_uibtk_shlf_pane:28.1.62, sn_uibtk_site_map:28.1.62, sn_uibtk_stage_pre:28.1.62, sn_uibtk_stage_sca:28.1.62, sn_uibtk_style_pn:28.1.62, sn_uibtk_sty_prov:28.1.62, sn_uibtk_sty_sel:28.1.62, sn_uibtk_tabs:28.1.62, sn_uibtk_test_valu:28.1.62, sn_uibtk_text_link:28.1.62, sn_uibtk_toolbox:28.1.62, sn_uibtk_transacti:28.1.62, sn_uibtk_min_dlg:28.1.62, sn_uibtk_uxfassets:28.1.62, sn_uibtk_mcp_edcp:28.1.62, sn_uibtk_mc_pr_cfg:28.1.62, sn_uibtk_vpcp:28.1.62, sn_uibtk_epcp:28.1.62, sn_ux_formula_test:28.1.1, sn_cb_api:27.2.29, sn_cb_commons:27.2.29, sn_cb_theme:27.2.29, sn_cb_asset_picker:27.2.29, sn_cb_experiences:27.2.29, sn_cb_events_nav:27.2.29, sn_cb_prop_nav:27.2.29, sn_cb_props_pane:27.2.29, sn_cb_slide_modal:27.2.29, sn_cb_usage:27.2.29, sn_cb_presets:27.2.29, sn_cmpnt_builder:28.1.19","","","false","sn_ui_builder","","07-11-2024 18:45:17","","false","true","ECMAScript 2021 (ES12)","","[]","Store","28.2.90","true","","","false","false","","","Free","true","[]","","undefined","false","","false","false","true","undefined","","","Not applicable","Not applicable","Monitor","","","true","false","true","06-11-2025 18:30:23","10-09-2026 22:57:49","system","480.452","","ServiceNow","sn"
"UI Components of Collaboration for Configurable Workspaces","sn_uib_collab","This plugin contains the UIB components for enabling collaboration services with call and chat capabilities.","1.1.0","true","false","[]","","","1.1.0","false","","","true","Store Application","com.snc.uib.collaboration","Zurich;","false","true","false","06-05-2025 18:43:34","admin","0","","No demo data","sn_uib_notify:8.1.0","","","false","sn_uib_collab","FORM","06-11-2025 19:44:22","","false","true","ES5 Standards Mode","","[]","Store","1.2.1","false","","","false","false","","","Free","false","[]","","undefined","false","","false","false","false","undefined","","","Not applicable","Not applicable","Monitor","","","true","false","true","06-11-2025 19:44:22","09-01-2026 16:12:53","system","7","","ServiceNow","sn"
"UI Framework on Next Experience","sn_nxui_framework","UI Framework on Next Experience","28.0.15","true","false","","","","28.0.15","false","","","false","Store Application","com.sn_nxui_framework","","false","false","false","27-02-2020 01:09:42","jenkins","","","","","","","true","sn_nxui_framework","","","","false","false","ES5 Standards Mode","","","Distribution","28.0.15","false","","","false","false","","","","true","","","","false","","false","false","false","","","","Not applicable","Not applicable","Monitor","","","true","false","false","","09-06-2026 02:02:59","system","1","","",""
"Unified Developer Core","sn_udc","A core plugin contains app shell, taxonomy model and other common functionalities which can be consumed by any application.","29.2.8","true","false","[]","","","29.2.8","false","","","false","Store Application","com.app_unified_developer_core","Australia;Brazil;Zurich;","false","true","true","22-05-2025 06:19:02","tectonic","0","","No demo data","com.servicenow_now_alert:sys, com.servicenow_now_toggle:sys, com.servicenow_now_card:sys, com.servicenow_now_modal:sys, com.servicenow_now_text_link:sys, com.servicenow_now_avatar:sys, com.servicenow_now_content_tree:sys, com.servicenow_now_illustration:sys, com.servicenow_now_loader:sys, com.servicenow_now_input:sys, com.servicenow_now_icon:sys, com.servicenow_now_radio_buttons:sys, com.now_assist_core:sys, com.devsnc_sn_elevate_roles:sys, com.servicenow_now_template_message:sys, com.servicenow_now_tabs:sys, com.servicenow_now_tooltip:sys, com.servicenow_now_dropdown:sys, com.servicenow_now_highlighted_value:sys, com.glide.uxbuilder:sys, com.devsnc_sn_help_panel:sys, com.servicenow_now_button:sys, com.servicenow_now_typeahead:sys, com.servicenow_now_popover:sys, com.servicenow_now_select:sys, com.servicenow_now_pagination_control:sys, com.glide.app_unified_developer_core.global:sys, com.servicenow_now_animation:sys","","","false","sn_udc","","07-11-2024 18:24:07","","false","true","ECMAScript 2021 (ES12)","","[]","Out of Band","29.2.8","true","","","false","false","","","Free","true","[{""productFamily"":""App Engine"",""productList"":[{""productId"":""3b3a9dff1ba4961055a02063604bcb31"",""productName"":""ServiceNow Studio"",""product_family"":""App Engine""}]}]","","undefined","false","","false","false","true","undefined","","","Not applicable","Not applicable","Monitor","","","true","false","false","06-09-2026 20:50:43","06-09-2026 21:08:56","system","485.554","","ServiceNow","sn"
"Unified Secrets Gateway","sn_usg","","1.0.0","true","false","","","","1.0.0","false","","","false","Store Application","com.glide.usg.global","","false","false","false","02-05-2026 02:50:20","admin","","","","","","","true","sn_usg","","","","false","false","ES5 Standards Mode","","","Distribution","1.0.0","false","","","false","false","","","","true","","","","false","","false","false","false","","","","Not applicable","Not applicable","None","","","false","false","false","","06-09-2026 20:59:15","guest","2","","ServiceNow","sn"
"Upgrade Management","sn_upgrade_mgmt","","2.0.1","true","false","","","","2.0.1","false","","","false","Store Application","com.snc.upgrade_mgmt","","false","false","false","13-03-2024 09:59:23","admin","","","No demo data","","","","false","sn_upgrade_mgmt","","06-11-2025 17:56:26","","false","true","","","","Out of Band","2.1.19","false","","","false","false","","","","false","[]","","","false","","false","false","false","","","","","Not applicable","Monitor","","","true","false","true","06-11-2025 17:56:26","07-05-2026 10:00:35","system","9","","ServiceNow","sn"
"Usage Insights Application","sn_uxa_dashboard","User Experience Analytics application provides an easy way for monitoring usage analytics of your ServiceNow applications.","5.0.8","true","false","[]","","","5.0.8","false","","","false","Store Application","com.servicenow_uxa_dashboard","Zurich;","false","false","false","06-11-2025 17:14:01","tectonic","0","","No demo data","sn_uxa_pages:5.0.8","","","false","sn_uxa_dashboard","","06-11-2025 17:57:17","","false","true","ECMAScript 2021 (ES12)","","[]","Out of Band","6.4.2","true","","","false","false","","","Free","true","[]","","undefined","false","","false","false","true","undefined","","","Not applicable","Not applicable","Monitor","","","true","false","true","06-11-2025 17:57:17","10-09-2026 22:57:44","system","12","","",""
"Usage Insights Commons","sn_uxa_commons","User Experience Analytics commons plugin, it contains common components to be used by multiple page/other components","5.0.8","true","false","[]","","","5.0.8","false","","","false","Store Application","com.servicenow_uxa_commons","Zurich;","false","false","false","06-11-2025 17:12:43","tectonic","0","","No demo data","sn_uxa_qb:5.0.8","","","false","sn_uxa_commons","","06-11-2025 17:57:03","","false","true","ECMAScript 2021 (ES12)","","[]","Out of Band","6.4.2","true","","","false","false","","","Free","true","[]","","undefined","false","","false","false","true","undefined","","","Not applicable","Not applicable","Monitor","","","true","false","true","06-11-2025 17:57:03","10-09-2026 22:58:02","system","12","","",""
"Usage Insights Commons Connected","sn_uxa_connected","User Experience Analytics commons plugin, it contains common uxa connected components to be used by multiple page/other components","5.0.8","true","false","[]","","","5.0.8","false","","","false","Store Application","com.servicenow_uxa_commons_connected","Zurich;","false","false","false","06-11-2025 17:13:32","tectonic","0","","No demo data","sn_uxa_commons:5.0.8, sn_uxa_req_manager:5.0.8","","","false","sn_uxa_connected","","06-11-2025 17:57:06","","false","true","ECMAScript 2021 (ES12)","","[]","Out of Band","6.4.2","true","","","false","false","","","Free","true","[]","","undefined","false","","false","false","true","undefined","","","Not applicable","Not applicable","Monitor","","","true","false","true","06-11-2025 17:57:06","10-09-2026 22:57:51","system","12","","",""
"Usage Insights Funnel","sn_uxa_funnel","User Experience Analytics Funnel component is to view conversion rates in aggregate user behavior to uncover the reasons behind success or failure of a user flow. This visualization only works with User Experience Analytics data.","5.0.8","true","false","[]","","","5.0.8","false","","","false","Store Application","com.servicenow_uxa_funnel","Zurich;","false","false","false","04-04-2024 09:03:40","tectonic","0","","No demo data","sn_uxa_funnel_core:5.0.8, sn_uxa_req_manager:5.0.8, com.glide.appsee:sys","","","false","sn_uxa_funnel","","07-11-2024 18:49:35","","false","true","ECMAScript 2021 (ES12)","","[]","Out of Band","6.4.2","true","","","false","false","","","Free","true","[]","","undefined","false","","false","false","true","undefined","","","Not applicable","Not applicable","Monitor","","","true","false","true","06-11-2025 17:57:01","10-09-2026 22:57:51","system","475.635","","",""
"Usage Insights Funnel Core","sn_uxa_funnel_core","User Experience Analytics Funnel Core component is a visualization component to view conversion rates in aggregate user behavior to uncover the reasons behind success or failure of a user flow.","5.0.8","true","false","[]","","","5.0.8","false","","","false","Store Application","com.servicenow_uxa_funnel_core","Zurich;","false","false","false","04-04-2024 08:59:00","tectonic","0","","No demo data","","","","false","sn_uxa_funnel_core","","07-11-2024 18:48:19","","false","true","ECMAScript 2021 (ES12)","","[]","Out of Band","6.4.2","true","","","false","false","","","Free","true","[]","","undefined","false","","false","false","true","undefined","","","Not applicable","Not applicable","Monitor","","","true","false","true","06-11-2025 17:56:13","10-09-2026 22:58:00","system","475.634","","",""
"Usage Insights in Data Visualizations","sn_appsee_par","Graphically represent User Expertience Analytics data with the visualization designer, UI builder, and data visualizations on in-line dashboards.","5.0.8","true","false","[]","","","5.0.8","false","","","false","Store Application","","Zurich;","false","false","false","29-06-2025 06:50:17","tectonic","0","","No demo data","sn_uxa_qb:5.0.8, sn_uxa_qb_core:5.0.8, sn_uxa_req_manager:5.0.8, com.glide.appsee:sys","","","false","sn_appsee_par","","09-11-2023 18:12:53","","false","true","ECMAScript 2021 (ES12)","","[]","Out of Band","6.4.2","true","","","false","false","","","Free","true","[]","","undefined","false","","false","false","true","undefined","","","Not applicable","Not applicable","Monitor","","","true","false","true","06-11-2025 17:57:02","10-09-2026 22:57:59","system","486.452","","",""
"Usage Insights Pages","sn_uxa_pages","User Experience Analytics pages plugin, that creates the wrapper component for individual pages.","5.0.8","true","false","[]","","","5.0.8","false","","","false","Store Application","com.servicenow_uxa_pages","Zurich;","false","false","false","06-11-2025 17:13:23","tectonic","0","","No demo data","sn_appsee_par:5.0.8, sn_uxa_commons:5.0.8, sn_uxa_connected:5.0.8, sn_uxa_funnel_core:5.0.8, sn_uxa_req_manager:5.0.8","","","false","sn_uxa_pages","","06-11-2025 17:57:12","","false","true","ECMAScript 2021 (ES12)","","[]","Out of Band","6.4.2","true","","","false","false","","","Free","true","[]","","undefined","false","","false","false","true","undefined","","","Not applicable","Not applicable","Monitor","","","true","false","true","06-11-2025 17:57:12","10-09-2026 22:57:54","system","12","","",""
"Usage Insights Query Builder","sn_uxa_qb","User Experience Analytics Query Builder component allows users to refine query results by applying filters and incorporating additional properties. This functionality facilitates in-depth analysis of usage, adoption, and retention metrics for User Experience Analytics data.","5.0.8","true","false","[]","","","5.0.8","false","","","false","Store Application","com.servicenow_uxa_query_builder","Zurich;","false","false","false","04-04-2024 09:02:31","tectonic","0","","No demo data","sn_uxa_qb_core:5.0.8, sn_uxa_req_manager:5.0.8, com.glide.appsee:sys","","","false","sn_uxa_qb","","07-11-2024 18:49:29","","false","true","ECMAScript 2021 (ES12)","","[]","Out of Band","6.4.2","true","","","false","false","","","Free","true","[]","","undefined","false","","false","false","true","undefined","","","Not applicable","Not applicable","Monitor","","","true","false","true","06-11-2025 17:57:00","10-09-2026 22:57:43","system","475.635","","",""
"Usage Insights Query Builder Core","sn_uxa_qb_core","User Experience Analytics Query Builder Core is a generic query builder component that allows users to refine query results by applying filters and incorporating additional properties.","5.0.8","true","false","[]","","","5.0.8","false","","","false","Store Application","com.servicenow_uxa_query_builder_core","Zurich;","false","false","false","04-04-2024 09:01:41","tectonic","0","","No demo data","","","","false","sn_uxa_qb_core","","07-11-2024 18:47:42","","false","true","ECMAScript 2021 (ES12)","","[]","Out of Band","6.4.2","true","","","false","false","","","Free","true","[]","","undefined","false","","false","false","true","undefined","","","Not applicable","Not applicable","Monitor","","","true","false","true","06-11-2025 17:55:54","10-09-2026 22:57:51","system","475.635","","",""
"Usage Insights Request Manager","sn_uxa_req_manager","User Experience Analytics Request Manager","5.0.8","true","false","[]","","","5.0.8","false","","","false","Store Application","com.servicenow_uxa_request_manager","Zurich;","false","false","false","06-11-2025 17:12:43","tectonic","0","","No demo data","","","","false","sn_uxa_req_manager","","06-11-2025 17:55:57","","false","true","ECMAScript 2021 (ES12)","","[]","Out of Band","6.4.2","true","","","false","false","","","Free","true","[]","","undefined","false","","false","false","true","undefined","","","Not applicable","Not applicable","Monitor","","","true","false","true","06-11-2025 17:55:57","10-09-2026 22:57:57","system","12","","",""
"User Experience Analytics API","sn_analytics_api","Scoped app for User Experience Analytics Scripted API","3.1.2","true","false","[]","","","3.1.2","false","","","false","Store Application","com.sn.analytics.api","Australia;Brazil;Washington DC;Xanadu;Yokohama;Zurich;","false","false","false","27-10-2020 09:50:46","admin","0","","No demo data","com.glide.appsee:sys","","","false","sn_analytics_api","","19-12-2022 21:02:18","{""installed_user"":{""user_id"":""ADMPKE"",""user_email"":null}}","false","true","ES5 Standards Mode","","[]","Out of Band","3.1.2","true","","","false","false","","","Free","false","[]","","undefined","false","","false","false","false","undefined","","","Not applicable","Not applicable","Monitor","","","true","false","false","07-11-2024 18:37:26","05-09-2026 00:09:38","system","10","","ServiceNow","sn"
"Utility Actions Spoke","sn_utility_spoke","This spoke has different utility actions to cater to the needs of other spokes.","1.3.0","true","false","[]","","","1.3.0","false","","","false","Store Application","com.sn.utility.spoke","Australia;Vancouver;Washington DC;Xanadu;Yokohama;Zurich;","false","false","false","28-05-2020 20:07:22","admin","0","","No demo data","com.glide.hub.integration.runtime:sys, com.glide.hub.dynamic_inputs:sys","","","false","sn_utility_spoke","","30-10-2023 08:49:32","{""installed_user"":{""user_id"":""ADMPKE"",""user_email"":null}}","false","true","ES5 Standards Mode","","[]","Out of Band","1.4.1","true","","","false","false","","","Paid","false","[]","","undefined","false","Tracking","false","false","false","undefined","","","Not applicable","Not applicable","Monitor","","","true","false","true","06-11-2025 17:57:41","07-08-2026 22:34:39","system","11","","ServiceNow",""
"UX Commons","sn_app_ux_commons","","27.0.2","true","false","[]","","","27.0.2","false","","","true","Store Application","com.snc.app_ux_commons","Australia;Yokohama;Zurich;","false","false","false","08-09-2022 12:25:43","admin","0","","No demo data","","","","false","sn_app_ux_commons","","07-11-2024 18:38:32","","false","true","ES5 Standards Mode","","[]","Out of Band","27.0.2","false","","","false","false","","","Free","false","[{""productFamily"":""IT Service Management"",""productList"":[{""productId"":""097bbe3f1bc10d10dae155bb234bcb35"",""productName"":""Digital Portfolio Management"",""product_family"":""IT Service Management""}]}]","","undefined","false","Tracking","false","false","false","undefined","","","","Not applicable","Monitor","","","true","false","false","06-11-2025 17:56:02","27-02-2026 12:00:05","system","5","","","sn"
"UX Metrics Client","sn_uxmetric_client","UX Metrics Client","0.0.1","true","false","","","","0.0.1","false","","","false","Store Application","com.snc.ux.metrics.client","","false","false","false","02-11-2021 14:01:39","admin","","","","","","","true","sn_uxmetric_client","","","","false","false","ES5 Standards Mode","","","Distribution","0.0.1","false","","","false","false","","","","false","","","","false","","false","false","false","","","","Not applicable","Not applicable","None","","","false","false","false","","06-09-2026 20:59:15","guest","1","","",""
"UXF Common","sn_uxf","Houses UXF''s framework-level scoped metadata records (eg: sys_ux_event for lifecycle events)","28.1.15","true","false","","","","28.1.15","false","","","false","Store Application","com.glide.uxf.common","","false","false","false","21-08-2020 21:00:04","admin","","","","","","","true","sn_uxf","","","","false","false","ES5 Standards Mode","","","Distribution","28.1.15","false","","","false","false","","","","true","","","","false","","false","false","false","","","","Not applicable","Not applicable","None","","","true","true","false","","06-09-2026 21:08:44","system","1","","",""
"Vendor Manager Workspace (Legacy)","sn_vlm_vmw","","22.0.6","true","false","","","","22.0.6","false","","","false","Store Application","com.snc.vlm.vmw","","false","false","false","04-02-2019 21:13:13","admin","","","","","","","true","sn_vlm_vmw","","","","false","false","ES5 Standards Mode","","","Distribution","22.0.6","true","","","false","false","","","","false","","","","false","","false","false","false","","","","General","Application in use","Monitor","","","true","false","false","","14-12-2025 18:44:58","system","1","","",""
"Vendor Manager Workspace - Core","sn_vlm","","20.0.3","true","false","","","","20.0.3","false","","","false","Store Application","com.snc.vlm","","false","false","false","02-01-2019 01:04:08","yetesh.chaudhary","","","","","","","true","sn_vlm","","","","false","false","ES5 Standards Mode","","","Distribution","20.0.3","true","","","false","false","","","","false","","","","false","","false","false","false","","","","General","Application in use","Monitor","","","true","false","false","","07-11-2024 19:29:07","ADMMUF","2","","",""
"Vendor Success Indicators","sn_vendor_insights","","21.0.2","true","false","","","","21.0.2","false","","","false","Store Application","com.snc.vendor.insights","","false","false","false","18-08-2020 02:00:00","admin","","","","","","","true","sn_vendor_insights","","","","false","false","","","","Distribution","21.0.2","true","","","false","false","","","","false","","","","false","","false","false","false","","","","General","Not applicable","Monitor","","","true","false","false","","07-11-2024 19:29:04","ADMMUF","1","","ServiceNow","sn"
"Virtual Agent Service Portal Widgets","sn_va_sp_widgets","","2.0.10","true","false","","","","2.0.10","false","","","false","Store Application","com.glide.va.sp_widgets","","false","false","false","01-03-2018 20:54:10","admin","","","","","","","false","sn_va_sp_widgets","","","","false","false","ES5 Standards Mode","","","Distribution","2.0.10","false","","","false","false","","","","false","[]","","","false","Tracking","false","false","false","","","","Not applicable","Not applicable","Monitor","","","true","false","false","","07-11-2024 19:29:06","ADMMUF","2","","",""
"Virtual Agent Spoke","sn_va_spoke","Virtual agent Integration Hub actions and flows","1.0.0","true","false","","","","1.0.0","false","","","false","Store Application","com.glide.cs.va_spoke","","false","false","false","24-03-2021 17:51:21","admin","","","","","","","false","sn_va_spoke","","","","false","false","ES5 Standards Mode","","","Distribution","1.0.0","true","","","false","false","","","","true","","","","false","Tracking","false","false","false","","","","General","Not applicable","Monitor","","","true","false","false","","06-09-2026 20:49:46","system","3","","",""
"Virtual Agent Web Client","sn_va_web_client","","28.12.10","true","false","","","","28.12.10","false","","","false","Store Application","com.glide.cs.sn-va-web-client-app","","false","false","false","15-12-2017 21:10:47","admin","","","","","","","false","sn_va_web_client","","","","false","false","ES5 Standards Mode","","","Distribution","28.12.10","false","","","false","false","","","","false","[]","","","false","","false","false","false","","","","Not applicable","Not applicable","None","","","true","false","false","","06-09-2026 21:08:47","system","2","","",""
"Visual Task Board (VTB) Spoke","sn_vtb_ah","The VTB Spoke provides Actions for Process Analysts to compose Flows to manipulate boards, cards, board members, and assignees without writing code.","1.1.0","true","false","","","","1.1.0","false","","","false","Store Application","com.glide.ui.vtb.ah","","false","false","false","12-07-2017 23:20:54","admin","","","","","","","false","sn_vtb_ah","","","","false","false","ES5 Standards Mode","","","Distribution","1.1.0","false","","","false","false","","","","false","[]","","","false","","false","false","false","","","","Not applicable","Not applicable","Monitor","","","true","false","false","","03-11-2021 20:18:12","ADMPKE","4","","",""
"Vulnerability Response","sn_vul","","26.2.2","true","false","[]","","","26.2.2","false","","","true","Store Application","com.snc.vulnerability","Xanadu;Yokohama;Zurich;","false","true","false","10-06-2015 23:11:59","admin","0","","Has demo data","sn_cmdb_ci_class:1.36.0, sn_sec_cmn_orch:12.13.4, sn_sec_analytics:2.4.2, sn_vul_cmn_ws:1.7.1, sn_vul_int_fw:1.1.2, sn_vul_licensing:2.7.1, com.snc.vul_dep:sys","","","false","sn_vul","","17-10-2024 16:23:27","","false","true","ES5 Standards Mode","","[]","Store","30.8.7","true","","","false","false","","","Paid","false","[{""productFamily"":""Security Operations"",""productList"":[{""productId"":""d19b5320db84fb004bd8596e5e9619db"",""productName"":""Vulnerability Response"",""product_family"":""Security Operations""}]}]","","undefined","false","","false","false","true","undefined","","","Not applicable","Not applicable","Monitor","","","true","false","true","10-10-2025 11:17:02","17-09-2026 06:40:39","system","21","","ServiceNow","sn"
"Vulnerability Response Common","sn_vul_cmn","Vulnerability Response Common","2.13.5","true","false","[]","","","2.13.5","false","","","true","Store Application","com.snc.vulnerability.cmn","Xanadu;Yokohama;Zurich;","false","true","false","09-09-2022 00:28:47","admin","0","","No demo data","sn_sec_cmn:13.20.4","","","false","sn_vul_cmn","","17-10-2024 16:08:23","","false","true","ES5 Standards Mode","","[]","Store","30.5.10","false","","","false","false","","","Paid","false","[]","","undefined","false","","false","false","false","undefined","","","Not applicable","Not applicable","Monitor","","","true","false","true","10-10-2025 11:15:16","18-09-2026 06:03:02","system","20","","ServiceNow","sn"
"Vulnerability Response Common Workspace","sn_vul_cmn_ws","Vulnerability Response Common workspace","1.7.1","true","false","[]","","","1.7.1","false","","","true","Store Application","com.snc.vulnerability.workspace_cmn","Xanadu;Yokohama;Zurich;","false","true","false","26-10-2023 03:07:02","admin","0","","No demo data","sn_vul_cmn:2.13.5","","","false","sn_vul_cmn_ws","","17-10-2024 16:08:44","","false","true","ES5 Standards Mode","","[]","Store","30.8.12","false","","","false","false","","","Paid","false","[]","","undefined","false","","false","false","false","undefined","","","Not applicable","Not applicable","Monitor","","","true","false","true","10-10-2025 11:15:22","17-09-2026 06:40:40","system","20","","ServiceNow","sn"
"Vulnerability Response Integration Framework","sn_vul_int_fw","Provides the ability to integrate third party vendors with ServiceNow to bring in Vulnerability Data","1.1.2","true","false","[]","","","1.1.2","false","","","true","Store Application","com.snc.vulnerability.integration","Xanadu;Yokohama;Zurich;","false","true","false","04-11-2020 22:47:00","admin","0","","No demo data","sn_vul_cmn:2.13.2","","","false","sn_vul_int_fw","","10-10-2025 11:15:33","","false","true","ES5 Standards Mode","","[]","Store","1.6.4","false","","","false","false","","","Paid","false","[]","","undefined","false","","false","false","false","undefined","","","Not applicable","Not applicable","Monitor","","","true","false","true","10-10-2025 11:15:33","10-09-2026 22:57:43","system","16","","ServiceNow","sn"
"Vulnerability Response Integration with NVD","sn_vul_nvd","Provides the ability to integrate the ServiceNow Vulnerability Response application with the National Vulnerability Database. Activation of this plugin on production instances may require a separate license. Contact ServiceNow for details.","1.7.2","true","false","[]","","","1.7.2","false","","","true","Store Application","com.snc.vulnerability.nvd","Australia;Xanadu;Yokohama;Zurich;","false","true","false","04-11-2020 22:47:00","admin","0","","No demo data","sn_vul:26.1.1","","","false","sn_vul_nvd","","17-10-2024 17:48:07","","false","true","ES5 Standards Mode","","[]","Store","30.7.0","false","","","false","false","","","Paid","false","[]","","undefined","false","","false","false","false","undefined","","","Not applicable","Not applicable","Monitor","","","true","false","true","06-11-2025 19:34:23","10-09-2026 22:57:43","system","13","","ServiceNow","sn"
"Vulnerability Response Integration with Tenable","sn_vul_tenable","Provides the ability to integrate the ServiceNow Vulnerability Response application with the Tenable scanner. Activation of this plugin on production instances may require a separate license. Contact ServiceNow for details.","5.1.1","true","false","[]","","","5.1.1","false","","","true","Store Application","com.snc.vulnerability.tenable","Xanadu;Yokohama;Zurich;","false","true","false","20-03-2020 09:19:53","admin","0","","No demo data","sn_vul:26.2.1","","","false","sn_vul_tenable","","17-10-2024 17:54:25","","false","true","ES5 Standards Mode","","[]","Store","30.5.3","true","","","false","false","","","Paid","false","[]","","undefined","false","","false","false","false","undefined","","","Not applicable","Not applicable","Monitor","","","true","false","true","10-10-2025 11:17:11","10-09-2026 22:57:49","system","14","","ServiceNow","sn"
"Vulnerability Response Licensing and Usage","sn_vul_licensing","Vulnerability Response Licensing and Usage","2.7.1","true","false","[]","","","2.7.1","false","","","true","Store Application","com.snc.vulnerability.licensing","Xanadu;Yokohama;Zurich;","false","true","false","20-12-2021 21:28:20","admin","0","","No demo data","sn_sec_cmn:13.20.2","","","false","sn_vul_licensing","","17-10-2024 16:08:53","","false","true","ES5 Standards Mode","","[]","Out of Band","2.12.0","false","","","false","false","","","Paid","false","[]","","undefined","false","","false","false","false","undefined","","","Not applicable","Not applicable","Monitor","","","true","false","true","10-10-2025 11:15:35","10-09-2026 22:58:02","system","13","","ServiceNow","sn"
"Walk-up Experience for Service Operations Workspace","sn_sow_walkup","","8.1.0","true","false","[]","","","8.1.0","false","","","true","Store Application","com.snc.uib.sow_walkup","Zurich;","false","true","false","05-05-2021 11:31:29","admin","0","","No demo data","sn_sow_itsm_common:8.1.0","","","true","sn_sow_walkup","","27-10-2022 18:40:57","{""installed_user"":{""user_id"":""ADMPKE"",""user_email"":null}}","true","true","ES5 Standards Mode","","[]","Out of Band","8.8.1","false","","","false","false","","","Free","false","[{""productFamily"":""IT Service Management"",""productList"":[{""productId"":""1c004b911bc60dd029bd1f03b24bcbfe"",""productName"":""Service Operations Workspace"",""product_family"":""IT Service Management""}]}]","","undefined","false","","false","false","false","undefined","","","Not applicable","Not applicable","Monitor","","","true","false","true","06-11-2025 19:45:15","06-09-2026 21:08:51","system","11","","ServiceNow","sn"
"Webviews for mobile","sn_me_webview","This plugin contains the configuration and records to create the webviews that are used in ServiceNow NowMobile App. Do not activate this plugin directly. Activating com.glide.mobile-employee will activate this plugin for you.","35.2.9","true","false","","","","35.2.9","false","","","false","Store Application","com.glide.mobile-employee.webview","","false","true","false","07-02-2019 20:12:48","admin","","","No demo data","","","","false","sn_me_webview","","03-11-2021 19:33:16","","false","true","ES5 Standards Mode","","","Out of Band","36.0.2","false","","","false","false","","","","false","[]","","","false","","false","false","true","","","","Not applicable","Not applicable","Monitor","","","true","false","true","06-11-2025 17:56:21","05-12-2025 20:18:45","system","4","","ServiceNow",""
"Whats New Framework Core","sn_wn","","1.2.3","true","false","[]","","","1.2.3","false","","","true","Store Application","com.snc.whats_new","Zurich;","false","false","false","04-08-2023 10:36:29","admin","0","","No demo data","","","","true","sn_wn","","07-11-2024 18:33:11","","true","true","ES5 Standards Mode","","[]","Out of Band","1.2.3","false","","","false","false","","","Free","false","[]","","undefined","false","","false","false","false","undefined","","","Not applicable","Not applicable","Monitor","","","true","false","false","06-11-2025 17:55:58","16-12-2025 09:55:15","ADMMUF","3","","ServiceNow","sn"
"Workflow Studio","sn_workflow_studio","Workflow Studio Application","28.4.1","true","false","[]","","","28.4.1","false","","","false","Store Application","com.sn_workflow_studio","Zurich;","false","true","false","13-06-2024 12:08:41","tectonic","0","","No demo data","sn_triggers:28.1.4, sn_flow_designer:28.3.1, sn_flow_diagram:28.3.0, sn_decision_design:28.0.0, sn_udc:28.2.1, sn_playbook_exp:28.2.1","","","false","sn_workflow_studio","","07-11-2024 18:24:12","","false","true","ECMAScript 2021 (ES12)","","[]","Out of Band","28.4.4","true","","","false","false","","","Free","true","[{""productFamily"":""App Engine"",""productList"":[{""productId"":""106524c7db226c50122156a8dc961924"",""productName"":""App Engine Studio"",""product_family"":""App Engine""},{""productId"":""3b3a9dff1ba4961055a02063604bcb31"",""productName"":""ServiceNow Studio"",""product_family"":""App Engine""}]}]","","undefined","false","","false","false","true","undefined","","","Not applicable","Not applicable","Monitor","","","true","false","true","07-06-2026 16:48:49","10-09-2026 22:57:57","system","477.340","","",""
"Workspace App Shell","sn_app_shell_aw","Store application for the Workspace App Shell","28.0.8","true","false","","","","28.0.8","false","","","false","Store Application","com.snc.app_shell_aw_store","","false","false","true","21-09-2014 07:06:17","admin","","","No demo data","com.snc.app_shell_aw:sys, com.sn_canvas_blank:sys, com.sn_openframe_integration:sys","","","false","sn_app_shell_aw","","27-10-2022 18:33:25","","false","true","","","","Out of Band","28.0.10","false","","","false","false","","","","false","[]","","","false","","false","false","false","","","","Not applicable","Not applicable","None","","","false","false","true","06-11-2025 17:57:02","07-05-2026 10:00:33","system","6","","ServiceNow","sn"
"Workspace Builder for App Engine","sn_ws_builder","No code interface for editing workspaces.","28.2.0","true","false","[]","","","28.2.0","false","App Engine Studio","","true","Store Application","com.devsnc_sn_ws_builder","Australia;Brazil;Zurich;","false","true","false","03-02-2026 13:17:58","tectonic","0","","No demo data","sn_workspace_sta_0:28.2.1, com.glide.form_builder_api:sys","","","false","sn_ws_builder","","03-02-2026 13:45:25","","false","true","ECMAScript 2021 (ES12)","","[]","Store","28.2.0","true","","","false","false","","","Paid","true","[{""productFamily"":""App Engine"",""productList"":[{""productId"":""106524c7db226c50122156a8dc961924"",""productName"":""App Engine Studio"",""product_family"":""App Engine""},{""productId"":""14b8ddfb87ebfa90669040c8dabb35b4"",""productName"":""App Engine Prime"",""product_family"":""App Engine""},{""productId"":""03b89933876ffa90669040c8dabb35d1"",""productName"":""App Engine Foundation"",""product_family"":""App Engine""}]}]","","undefined","false","","false","false","true","undefined","","","Not applicable","Not applicable","Monitor","","","true","false","false","03-02-2026 13:45:25","10-09-2026 03:22:50","system","12","","ServiceNow",""
"Workspace Core","sn_workspace_core","","25.0.1","true","false","","","","25.0.1","false","","","false","Store Application","com.workspace_core","","false","false","false","28-03-2019 19:43:16","admin","","","","","","","false","sn_workspace_core","","","","false","false","ES5 Standards Mode","","","Distribution","25.0.1","false","","","false","false","","","","false","[]","","","false","Tracking","false","false","false","","","","Not applicable","Not applicable","Monitor","","","true","false","false","","07-11-2024 19:29:07","ADMMUF","2","","",""
"workspace-chrome","sn_workspace_chrom","Agent Workspace top-level components package","26.0.1","true","false","","","","26.0.1","false","","","false","Store Application","com.workspace_chrome","","false","false","false","12-03-2025 11:57:13","tectonic","","","","","","","false","sn_workspace_chrom","","","","false","false","ECMAScript 2021 (ES12)","","","Distribution","26.0.1","false","","","false","false","","","","true","","","","false","","false","false","false","","","","Not applicable","Not applicable","Monitor","","","true","false","false","","06-11-2025 18:15:16","PKE","483.835","","",""
"YouDesign Freelucy","x_inpgh_lucy","FREELUCY—The Visual Relationship Editor by ins-pi","3.1.0","true","false","[]","","","3.1.0","false","","","false","Store Application","","Australia;Vancouver;Washington DC;Xanadu;Yokohama;Zurich;","false","false","false","27-08-2019 09:34:46","kadir@ins-pi.com","0","","No demo data","","","","false","x_inpgh_lucy","","01-06-2023 15:04:32","{""installed_user"":{""user_id"":""ADMPKE"",""user_email"":null}}","false","true","ES5 Standards Mode","","[]","Store","26.0.0","true","","5511e5c7dbed6410eb29e05e139619c7.iix","false","false","","","Free","false","[]","","undefined","false","","false","false","false","undefined","","","","Not applicable","Monitor","","","true","false","true","06-11-2025 19:08:51","01-07-2026 23:48:23","system","82","","ins-pi GmbH",""
